keyword,fdc_id,description,data_type,food_category,serving_size,serving_unit,calories,protein_g,fat_g,carbs_g,fiber_g,sugar_g,sodium_mg,diet_tags,meal_type,allergens,price_level,vietnamese_name
almonds,2261420,"Flour, almond",Foundation,Nut and Seed Products,100,g,578.0,26.2,50.2,16.2,9.27,,0.894,high_protein|high_fiber|plant_forward,snack,tree_nut,medium,hạnh nhân
almonds,2346393,"Nuts, almonds, whole, raw",Foundation,Nut and Seed Products,100,g,584.0,21.5,51.1,20.0,10.8,,0.0,high_protein|high_fiber|plant_forward,snack,tree_nut,medium,hạnh nhân
almonds,170567,"Nuts, almonds",SR Legacy,Nut and Seed Products,100,g,579.0,21.2,49.9,21.6,12.5,4.35,1.0,high_protein|high_fiber|plant_forward,snack,tree_nut,medium,hạnh nhân
almonds,2262074,"Almond butter, creamy",Foundation,Nut and Seed Products,100,g,603.0,20.8,53.0,21.2,9.72,,0.996,high_protein|high_fiber|plant_forward,snack,tree_nut,medium,hạnh nhân
almonds,2707486,"Almonds, unroasted",Survey (FNDDS),Nuts and seeds,100,g,626.0,21.45,51.09,20.03,10.8,4.35,0.0,high_protein|high_fiber|plant_forward,snack,tree_nut,medium,hạnh nhân
almonds,168592,"Nuts, almonds, honey roasted, unblanched",SR Legacy,Nut and Seed Products,100,g,594.0,18.2,49.9,27.9,13.7,,130.0,high_protein|high_fiber|plant_forward,snack,tree_nut,medium,hạnh nhân
almonds,170159,"Nuts, almonds, oil roasted, without salt added",SR Legacy,Nut and Seed Products,100,g,607.0,21.2,55.2,17.7,10.5,4.55,1.0,high_protein|high_fiber|plant_forward,snack,tree_nut,medium,hạnh nhân
almonds,169420,"Nuts, almonds, oil roasted, with salt added, smoke flavor",SR Legacy,Nut and Seed Products,100,g,607.0,21.4,55.9,17.9,10.7,3.57,548.0,high_protein|high_fiber|plant_forward,snack,tree_nut,medium,hạnh nhân
almonds,170158,"Nuts, almonds, dry roasted, without salt added",SR Legacy,Nut and Seed Products,100,g,598.0,21.0,52.5,21.0,10.9,4.86,3.0,high_protein|high_fiber|plant_forward,snack,tree_nut,medium,hạnh nhân
almonds,170568,"Nuts, almonds, blanched",SR Legacy,Nut and Seed Products,100,g,590.0,21.4,52.5,18.7,9.9,4.63,19.0,high_protein|high_fiber|plant_forward,snack,tree_nut,medium,hạnh nhân
almonds,2707485,"Almonds, NFS",Survey (FNDDS),Nuts and seeds,100,g,598.0,20.96,52.54,21.01,10.9,4.86,3.0,high_protein|high_fiber|plant_forward,snack,tree_nut,medium,hạnh nhân
almonds,168602,"Nuts, almonds, oil roasted, lightly salted",SR Legacy,Nut and Seed Products,100,g,607.0,21.2,55.2,17.7,10.5,4.55,143.0,high_protein|high_fiber|plant_forward,snack,tree_nut,medium,hạnh nhân
almonds,168588,"Nuts, almond butter, plain, without salt added",SR Legacy,Nut and Seed Products,100,g,614.0,21.0,55.5,18.8,10.3,4.43,7.0,high_protein|high_fiber|plant_forward,snack,tree_nut,medium,hạnh nhân
almonds,168596,"Nuts, almonds, dry roasted, with salt added",SR Legacy,Nut and Seed Products,100,g,598.0,21.0,52.5,21.0,10.9,4.86,234.0,high_protein|high_fiber|plant_forward,snack,tree_nut,medium,hạnh nhân
almonds,169419,"Nuts, almonds, oil roasted, with salt added",SR Legacy,Nut and Seed Products,100,g,607.0,21.2,55.2,17.7,10.5,4.55,339.0,high_protein|high_fiber|plant_forward,snack,tree_nut,medium,hạnh nhân
almonds,323294,"Nuts, almonds, dry roasted, with salt added",Foundation,Nut and Seed Products,100,g,620.0,20.4,57.8,16.2,11.0,4.17,256.0,high_protein|high_fiber|plant_forward,snack,tree_nut,medium,hạnh nhân
almonds,2707534,"Almond butter, lower sodium",Survey (FNDDS),Nuts and seeds,100,g,645.0,20.79,53.04,21.24,9.7,4.43,1.0,high_protein|high_fiber|plant_forward,snack,tree_nut,medium,hạnh nhân
almonds,2707489,"Almonds, unsalted",Survey (FNDDS),Nuts and seeds,100,g,607.0,20.33,53.96,20.38,10.6,4.71,3.0,high_protein|high_fiber|plant_forward,snack,tree_nut,medium,hạnh nhân
almonds,2707533,Almond butter,Survey (FNDDS),Nuts and seeds,100,g,641.0,20.67,52.72,21.11,9.6,4.4,232.0,high_protein|high_fiber|plant_forward,snack,tree_nut,medium,hạnh nhân
almonds,2707488,"Almonds, lightly salted",Survey (FNDDS),Nuts and seeds,100,g,604.0,20.23,53.7,20.28,10.5,4.69,195.0,high_protein|high_fiber|plant_forward,snack,tree_nut,medium,hạnh nhân
almonds,168603,"Nuts, almond butter, plain, with salt added",SR Legacy,Nut and Seed Products,100,g,614.0,21.0,55.5,18.8,10.3,6.27,227.0,high_protein|high_fiber|plant_forward,snack,tree_nut,medium,hạnh nhân
almonds,2707487,"Almonds, salted",Survey (FNDDS),Nuts and seeds,100,g,601.0,20.13,53.43,20.18,10.5,4.67,386.0,high_protein|high_fiber|plant_forward,snack,tree_nut,medium,hạnh nhân
almonds,2706797,Almond chicken,Survey (FNDDS),Stir-fry and soy-based sauce mixtures,100,g,195.0,15.66,13.16,4.46,1.2,1.42,330.0,high_protein,snack,tree_nut,medium,hạnh nhân
almonds,2705774,"Cheese spread, Swiss cheese base",Survey (FNDDS),Cheese,100,g,290.0,16.41,21.23,8.73,0.0,7.32,1625.0,high_protein,snack,tree_nut,medium,hạnh nhân
almonds,2707491,"Almonds, honey roasted",Survey (FNDDS),Nuts and seeds,100,g,579.0,14.11,45.34,35.84,7.3,25.01,385.0,high_fiber|plant_forward,snack,tree_nut,medium,hạnh nhân
almonds,173005,"Cereals ready-to-eat, POST GREAT GRAINS Cranberry Almond Crunch",SR Legacy,Breakfast Cereals,100,g,384.0,8.9,5.9,76.6,11.1,25.5,214.0,high_fiber,snack,tree_nut,medium,hạnh nhân
almonds,173924,"Cereals, QUAKER, oatmeal, REAL MEDLEYS, peach almond, dry",SR Legacy,Breakfast Cereals,100,g,387.0,10.1,9.84,68.6,7.4,24.8,201.0,high_fiber,snack,tree_nut,medium,hạnh nhân
almonds,2708391,"Oatmeal, instant, plain, made with non-dairy milk, no added fat",Survey (FNDDS),Oatmeal,100,g,94.0,3.18,2.6,15.62,2.0,1.93,83.0,low_calorie,snack,tree_nut,medium,hạnh nhân
almonds,2708385,"Oatmeal, regular or quick, made with non-dairy milk, no added fat",Survey (FNDDS),Oatmeal,100,g,95.0,3.35,2.71,14.42,1.8,2.21,117.0,low_calorie,snack,tree_nut,medium,hạnh nhân
almonds,2708386,"Oatmeal, regular or quick, made with non-dairy milk, fat added",Survey (FNDDS),Oatmeal,100,g,107.0,3.31,4.21,14.18,1.8,2.18,127.0,low_calorie,snack,tree_nut,medium,hạnh nhân
almonds,2708392,"Oatmeal, instant, plain, made with non-dairy milk, fat added",Survey (FNDDS),Oatmeal,100,g,113.0,3.09,4.98,15.12,1.9,1.88,99.0,low_calorie,snack,tree_nut,medium,hạnh nhân
almonds,174658,"Cereals ready-to-eat, QUAKER, Natural Granola Apple Cranberry Almond",SR Legacy,Breakfast Cereals,100,g,418.0,9.21,11.1,74.7,9.9,27.4,47.0,high_fiber,snack,tree_nut,medium,hạnh nhân
almonds,171680,"Cereals ready-to-eat, MALT-O-MEAL, OAT BLENDERS with honey & almonds",SR Legacy,Breakfast Cereals,100,g,379.0,7.8,4.88,77.3,6.1,20.3,453.0,high_fiber,snack,tree_nut,medium,hạnh nhân
almonds,169859,"Cereals ready-to-eat, POST, HONEY BUNCHES OF OATS, with almonds",SR Legacy,Breakfast Cereals,100,g,409.0,7.7,7.3,79.6,5.5,20.0,417.0,high_fiber,snack,tree_nut,medium,hạnh nhân
almonds,2710433,"Coffee, Iced Latte, with non-dairy milk",Survey (FNDDS),Coffee,100,g,24.0,1.36,0.79,2.83,0.1,1.88,28.0,low_calorie,snack,tree_nut,medium,hạnh nhân
almonds,2707570,"Yogurt, almond milk",Survey (FNDDS),Plant-based yogurt,100,g,128.0,3.03,7.03,12.98,1.5,7.8,49.0,,snack,tree_nut,medium,hạnh nhân
almonds,2710388,"Coffee, Latte, with non-dairy milk",Survey (FNDDS),Coffee,100,g,28.0,0.97,1.36,2.81,0.1,1.69,44.0,low_calorie,snack,tree_nut,medium,hạnh nhân
almonds,2710394,"Coffee, Latte, decaffeinated, with non-dairy milk",Survey (FNDDS),Coffee,100,g,28.0,0.97,1.37,2.82,0.1,1.7,45.0,low_calorie,snack,tree_nut,medium,hạnh nhân
almonds,2710439,"Coffee, Iced Latte, decaffeinated, with non-dairy milk",Survey (FNDDS),Coffee,100,g,18.0,0.61,0.86,1.86,0.1,1.05,30.0,low_calorie,snack,tree_nut,medium,hạnh nhân
almonds,2710474,"Coffee, Cappuccino, with non-dairy milk",Survey (FNDDS),Coffee,100,g,17.0,0.6,0.84,1.82,0.1,1.03,29.0,low_calorie,snack,tree_nut,medium,hạnh nhân
almonds,2710477,"Coffee, Cappuccino, decaffeinated, with non-dairy milk",Survey (FNDDS),Coffee,100,g,17.0,0.6,0.85,1.83,0.1,1.04,29.0,low_calorie,snack,tree_nut,medium,hạnh nhân
almonds,2710181,Almond oil,Survey (FNDDS),Salad dressings and vegetable oils,100,g,884.0,0.0,100.0,0.0,0.0,0.0,0.0,plant_forward,snack,tree_nut,medium,hạnh nhân
almonds,171031,"Oil, almond",SR Legacy,Fats and Oils,100,g,884.0,0.0,100.0,0.0,0.0,0.0,0.0,,snack,tree_nut,medium,hạnh nhân
almonds,2705410,"Almond milk, NFS",Survey (FNDDS),Plant-based milk,100,g,20.0,0.54,1.21,1.53,0.0,1.2,59.0,low_calorie,snack,tree_nut,medium,hạnh nhân
almonds,2710415,"Coffee, Cafe Mocha, decaffeinated, with non-dairy milk",Survey (FNDDS),Coffee,100,g,50.0,0.88,1.24,8.8,0.1,7.12,54.0,low_calorie,snack,tree_nut,medium,hạnh nhân
almonds,2710445,"Coffee, Iced Cafe Mocha, with non-dairy milk",Survey (FNDDS),Coffee,100,g,42.0,0.55,0.78,8.07,0.0,6.65,41.0,low_calorie,snack,tree_nut,medium,hạnh nhân
almonds,2710448,"Coffee, Iced Cafe Mocha, decaffeinated, with non-dairy milk",Survey (FNDDS),Coffee,100,g,42.0,0.55,0.78,8.1,0.0,6.69,41.0,low_calorie,snack,tree_nut,medium,hạnh nhân
almonds,170160,"Nuts, almond paste",SR Legacy,Nut and Seed Products,100,g,458.0,9.0,27.7,47.8,4.8,36.2,9.0,plant_forward,snack,tree_nut,medium,hạnh nhân
almonds,2707900,"Cookie, almond",Survey (FNDDS),Cookies and brownies,100,g,514.0,5.37,26.22,63.78,1.3,21.65,353.0,,snack,tree_nut,medium,hạnh nhân
almonds,2707535,Almond paste,Survey (FNDDS),Nuts and seeds,100,g,458.0,9.0,27.74,47.81,4.8,36.25,9.0,plant_forward,snack,tree_nut,medium,hạnh nhân
almonds,2707703,Anisette toast,Survey (FNDDS),Cookies and brownies,100,g,373.0,7.63,8.38,66.99,1.4,28.44,262.0,,snack,tree_nut,medium,hạnh nhân
almonds,2705610,"Coffee creamer, soy, liquid",Survey (FNDDS),Cream and cream substitutes,100,g,136.0,1.0,9.97,11.38,0.0,11.38,67.0,,snack,tree_nut,medium,hạnh nhân
apple,174988,"Croissants, apple",SR Legacy,Baked Products,100,g,254.0,7.4,8.7,37.1,2.5,,274.0,,snack,,low,táo
apple,174662,"Cereals, QUAKER, Instant Oatmeal, Apple and Cinnamon, reduced sugar",SR Legacy,Breakfast Cereals,100,g,358.0,10.3,5.64,72.2,9.7,17.8,535.0,high_fiber,snack,,low,táo
apple,172825,"Danish pastry, fruit, unenriched (includes apple, cinnamon, raisin, strawberry)",SR Legacy,Baked Products,100,g,371.0,5.4,18.5,47.8,1.9,,354.0,plant_forward,snack,,low,táo
apple,172760,"Muffins, English, raisin-cinnamon, toasted (includes apple-cinnamon)",SR Legacy,Baked Products,100,g,276.0,8.87,2.21,55.0,3.0,13.3,342.0,,snack,,low,táo
apple,168175,"Sugar-apples, (sweetsop), raw",SR Legacy,Fruits and Fruit Juices,100,g,94.0,2.06,0.29,23.6,4.4,,9.0,low_calorie|plant_forward,snack,,low,táo
apple,171725,"Custard-apple, (bullock's-heart), raw",SR Legacy,Fruits and Fruit Juices,100,g,101.0,1.7,0.6,25.2,2.4,,4.0,low_calorie|plant_forward,snack,,low,táo
apple,174997,"Muffins, English, raisin-cinnamon (includes apple-cinnamon)",SR Legacy,Baked Products,100,g,240.0,7.91,1.8,48.1,2.6,14.8,299.0,,snack,,low,táo
apple,173239,"Pie, apple, commercially prepared, unenriched flour",SR Legacy,Baked Products,100,g,237.0,1.9,11.0,34.0,1.6,,266.0,,snack,,low,táo
apple,175012,"Pie, apple, prepared from recipe",SR Legacy,Baked Products,100,g,265.0,2.4,12.5,37.1,,,211.0,,snack,,low,táo
apple,169909,"Mammy-apple, (mamey), raw",SR Legacy,Fruits and Fruit Juices,100,g,51.0,0.5,0.5,12.5,3.0,,15.0,low_calorie|plant_forward,snack,,low,táo
apple,171690,"Apples, dehydrated (low moisture), sulfured, stewed",SR Legacy,Fruits and Fruit Juices,100,g,74.0,0.28,0.12,19.9,2.6,,26.0,low_calorie|plant_forward,snack,,low,táo
apple,2708025,"Fritter, fruit",Survey (FNDDS),"Doughnuts, sweet rolls, pastries",100,g,403.0,6.3,25.59,37.29,1.2,12.44,321.0,plant_forward,snack,,low,táo
apple,171693,"Apples, dried, sulfured, stewed, with added sugar",SR Legacy,Fruits and Fruit Juices,100,g,83.0,0.2,0.07,20.7,1.9,,19.0,low_calorie|plant_forward,snack,,low,táo
apple,171663,"Cereals, QUAKER, Instant Oatmeal, apples and cinnamon, dry",SR Legacy,Breakfast Cereals,100,g,366.0,8.62,4.61,76.7,8.3,28.9,454.0,high_fiber,snack,,low,táo
apple,168171,"Rose-apples, raw",SR Legacy,Fruits and Fruit Juices,100,g,25.0,0.6,0.3,5.7,,,0.0,low_calorie|plant_forward,snack,,low,táo
apple,2709662,"Carrots, raw, salad with apples",Survey (FNDDS),"Coleslaw, non-lettuce salads",100,g,181.0,0.85,16.02,8.59,2.3,4.47,189.0,,snack,,low,táo
apple,2709293,Apple salad with dressing,Survey (FNDDS),Other fruits and fruit salads,100,g,180.0,1.45,14.24,12.2,2.0,9.1,87.0,plant_forward,snack,,low,táo
apple,168203,"Apples, raw, granny smith, with skin (Includes foods for USDA's Food Distribution Program)",SR Legacy,Fruits and Fruit Juices,100,g,58.0,0.44,0.19,13.6,2.8,9.59,1.0,low_calorie|plant_forward,snack,,low,táo
apple,2708023,"Crisp, apple",Survey (FNDDS),Cakes and pies,100,g,215.0,2.81,9.59,30.18,2.7,15.82,119.0,,snack,,low,táo
apple,2710621,Hard cider,Survey (FNDDS),Beer,100,g,56.0,0.0,0.0,5.92,0.0,5.92,4.0,low_calorie,snack,,low,táo
apple,168202,"Apples, raw, golden delicious, with skin",SR Legacy,Fruits and Fruit Juices,100,g,57.0,0.28,0.15,13.6,2.4,10.0,2.0,low_calorie|plant_forward,snack,,low,táo
apple,171688,"Apples, raw, with skin (Includes foods for USDA's Food Distribution Program)",SR Legacy,Fruits and Fruit Juices,100,g,52.0,0.26,0.17,13.8,2.4,10.4,1.0,low_calorie|plant_forward,snack,,low,táo
apple,1750342,"Apples, granny smith, with skin, raw",Foundation,Fruits and Fruit Juices,100,g,53.0,0.266,0.138,13.2,2.51,10.7,0.0,low_calorie|plant_forward,snack,,low,táo
apple,168204,"Apples, raw, gala, with skin (Includes foods for USDA's Food Distribution Program)",SR Legacy,Fruits and Fruit Juices,100,g,57.0,0.25,0.12,13.7,2.3,10.4,1.0,low_calorie|plant_forward,snack,,low,táo
apple,168201,"Apples, raw, red delicious, with skin (Includes foods for USDA's Food Distribution Program)",SR Legacy,Fruits and Fruit Juices,100,g,59.0,0.27,0.2,14.1,2.3,10.5,1.0,low_calorie|plant_forward,snack,,low,táo
apple,173928,"Apples, raw, without skin, cooked, boiled",SR Legacy,Fruits and Fruit Juices,100,g,53.0,0.26,0.36,13.6,2.4,11.0,1.0,low_calorie|plant_forward,snack,,low,táo
apple,2707901,"Cookie, applesauce",Survey (FNDDS),Cookies and brownies,100,g,450.0,6.2,18.1,68.7,2.8,24.66,520.0,,snack,,low,táo
apple,173929,"Apples, raw, without skin, cooked, microwave",SR Legacy,Fruits and Fruit Juices,100,g,56.0,0.28,0.42,14.4,2.8,11.6,1.0,low_calorie|plant_forward,snack,,low,táo
apple,2707995,"Pie, apple",Survey (FNDDS),Cakes and pies,100,g,296.0,2.7,15.28,37.55,1.8,15.92,217.0,,snack,,low,táo
apple,171689,"Apples, raw, without skin",SR Legacy,Fruits and Fruit Juices,100,g,48.0,0.27,0.13,12.8,1.3,10.1,0.0,low_calorie|plant_forward,snack,,low,táo
apple,167793,"Apples, raw, fuji, with skin (Includes foods for USDA's Food Distribution Program)",SR Legacy,Fruits and Fruit Juices,100,g,63.0,0.2,0.18,15.2,2.1,11.7,1.0,low_calorie|plant_forward,snack,,low,táo
apple,2709321,"Apple juice, 100%, with calcium added",Survey (FNDDS),Apple juice,100,g,48.0,0.12,0.17,11.49,0.3,9.47,5.0,low_calorie,snack,,low,táo
apple,1750341,"Apples, gala, with skin, raw",Foundation,Fruits and Fruit Juices,100,g,54.9,0.133,0.15,13.9,2.11,11.8,0.279,low_calorie|plant_forward,snack,,low,táo
apple,2709318,"Cranberry juice blend, 100% juice, with calcium added",Survey (FNDDS),Other fruit juice,100,g,45.0,0.27,0.12,10.91,0.1,9.8,6.0,low_calorie|plant_forward,snack,,low,táo
apple,2709215,"Apple, raw",Survey (FNDDS),Apples,100,g,61.0,0.17,0.15,14.8,2.1,12.08,0.0,low_calorie,snack,,low,táo
apple,2709319,Apple cider,Survey (FNDDS),Apple juice,100,g,46.0,0.1,0.13,11.3,0.2,9.62,4.0,low_calorie,snack,,low,táo
apple,1750339,"Apples, red delicious, with skin, raw",Foundation,Fruits and Fruit Juices,100,g,55.6,0.188,0.212,14.3,2.04,12.2,0.0,low_calorie|plant_forward,snack,,low,táo
apple,175011,"Pie, apple, commercially prepared, enriched flour",SR Legacy,Baked Products,100,g,237.0,1.9,11.0,34.0,1.6,15.6,201.0,,snack,,low,táo
apple,2709320,"Apple juice, 100%",Survey (FNDDS),Apple juice,100,g,48.0,0.09,0.25,11.34,0.2,10.13,5.0,low_calorie,snack,,low,táo
apple,2710145,"Vegetable and fruit juice, 100% juice, with high vitamin C",Survey (FNDDS),Other fruit juice,100,g,46.0,0.3,0.01,11.15,0.0,10.37,29.0,low_calorie|plant_forward,snack,,low,táo
apple,1750343,"Apples, honeycrisp, with skin, raw",Foundation,Fruits and Fruit Juices,100,g,54.0,0.102,0.1,14.1,1.72,12.4,0.138,low_calorie|plant_forward,snack,,low,táo
apple,2003590,"Apple juice, with added vitamin C, from concentrate, shelf stable",Foundation,Fruits and Fruit Juices,100,g,47.2,0.0859,0.286,11.4,,10.3,4.87,low_calorie|plant_forward,snack,,low,táo
apple,168197,"Juice, apple and grape blend, with added ascorbic acid",SR Legacy,Fruits and Fruit Juices,100,g,50.0,0.16,0.12,12.5,0.2,10.9,7.0,low_calorie|plant_forward,snack,,low,táo
apple,2709316,"Fruit juice blend, 100% juice",Survey (FNDDS),Other fruit juice,100,g,50.0,0.16,0.12,12.46,0.2,10.92,7.0,low_calorie|plant_forward,snack,,low,táo
apple,171692,"Apples, dried, sulfured, stewed, without added sugar",SR Legacy,Fruits and Fruit Juices,100,g,57.0,0.22,0.07,15.3,2.0,13.3,20.0,low_calorie|plant_forward,snack,,low,táo
apple,1750340,"Apples, fuji, with skin, raw",Foundation,Fruits and Fruit Juices,100,g,58.2,0.148,0.162,15.4,2.08,13.3,1.01,low_calorie|plant_forward,snack,,low,táo
apple,2708019,"Cobbler, apple",Survey (FNDDS),Cakes and pies,100,g,217.0,2.05,8.66,33.56,1.6,16.87,180.0,,snack,,low,táo
apple,2707996,"Pie, apple, fast food",Survey (FNDDS),Cakes and pies,100,g,316.0,3.0,16.1,42.6,2.6,21.4,333.0,,snack,,low,táo
apple,2708046,"Turnover, fruit",Survey (FNDDS),Cakes and pies,100,g,316.0,3.0,16.1,42.6,2.6,21.4,333.0,plant_forward,snack,,low,táo
apple,2709219,Apple pie filling,Survey (FNDDS),Apples,100,g,100.0,0.1,0.1,26.1,1.0,13.8,47.0,low_calorie,snack,,low,táo
apple,172755,"Danish pastry, fruit, enriched (includes apple, cinnamon, raisin, lemon, raspberry, strawberry)",SR Legacy,Baked Products,100,g,371.0,5.4,18.5,47.8,1.9,27.5,445.0,plant_forward,snack,,low,táo
apple,2708060,"Danish pastry, with fruit",Survey (FNDDS),"Doughnuts, sweet rolls, pastries",100,g,371.0,5.4,18.5,47.8,1.9,27.53,445.0,plant_forward,snack,,low,táo
apple,2709216,"Applesauce, regular",Survey (FNDDS),Apples,100,g,75.0,0.25,0.17,17.97,1.0,15.56,1.0,low_calorie,snack,,low,táo
apple,2708459,"Cereal, fruit rings",Survey (FNDDS),"Ready-to-eat cereal, higher sugar (>21.2g/100g)",100,g,383.0,5.14,3.23,82.24,5.4,31.64,504.0,high_fiber|plant_forward,snack,,low,táo
apple,2707672,"Roll, sweet, with fruit, frosted, diet",Survey (FNDDS),"Doughnuts, sweet rolls, pastries",100,g,452.0,4.45,26.61,48.6,1.2,25.7,305.0,plant_forward,snack,,low,táo
apple,2707670,"Pan Dulce, with fruit, no frosting",Survey (FNDDS),"Doughnuts, sweet rolls, pastries",100,g,372.0,6.2,16.4,50.9,2.4,31.73,304.0,plant_forward,snack,,low,táo
apple,2709220,"Apple, baked",Survey (FNDDS),Apples,100,g,113.0,0.32,3.08,22.7,2.5,19.01,4.0,low_calorie,snack,,low,táo
apple,167522,"Pie, Dutch Apple, Commercially Prepared",SR Legacy,Baked Products,100,g,290.0,2.17,11.5,44.5,1.6,22.0,200.0,,snack,,low,táo
apple,175032,"Strudel, apple",SR Legacy,Baked Products,100,g,274.0,3.3,11.2,41.1,2.2,25.8,135.0,,snack,,low,táo
apple,175035,"Toaster pastries, fruit (includes apple, blueberry, cherry, strawberry)",SR Legacy,Baked Products,100,g,388.0,4.2,9.95,70.3,1.0,26.1,334.0,plant_forward,snack,,low,táo
apple,2708039,"Strudel, apple",Survey (FNDDS),Cakes and pies,100,g,281.0,1.96,14.08,37.18,0.8,21.1,132.0,,snack,,low,táo
apple,167928,"Toaster pastries, fruit, toasted (include apple, blueberry, cherry, strawberry)",SR Legacy,Baked Products,100,g,409.0,4.7,11.0,72.7,1.0,29.0,354.0,plant_forward,snack,,low,táo
apple,2709294,"Apple, candied",Survey (FNDDS),Apples,100,g,134.0,1.34,2.15,29.61,1.8,24.17,62.0,,snack,,low,táo
apple,167927,"Toaster Pastries, fruit, frosted (include apples, blueberry, cherry, strawberry)",SR Legacy,Baked Products,100,g,385.0,4.01,9.02,71.8,1.8,31.0,311.0,plant_forward,snack,,low,táo
apple,2708080,"Coffee cake, crumb or quick-bread type, with fruit",Survey (FNDDS),"Doughnuts, sweet rolls, pastries",100,g,322.0,4.2,11.8,50.17,1.2,33.82,203.0,plant_forward,snack,wheat,low,táo
apple,174645,"Cereals ready-to-eat, MALT-O-MEAL, Apple ZINGS",SR Legacy,Breakfast Cereals,100,g,390.0,4.51,2.71,87.3,2.3,44.6,454.0,,snack,,low,táo
apple,2707855,"Cake or cupcake, apple",Survey (FNDDS),Cakes and pies,100,g,376.0,2.41,17.5,52.52,0.9,39.48,280.0,,snack,,low,táo
apple,2709196,"Apple, dried",Survey (FNDDS),Dried fruits,100,g,243.0,0.93,0.32,65.89,8.7,57.19,87.0,high_fiber|plant_forward,snack,,low,táo
apple,171691,"Apples, dried, sulfured, uncooked",SR Legacy,Fruits and Fruit Juices,100,g,243.0,0.93,0.32,65.9,8.7,57.2,87.0,high_fiber|plant_forward,snack,,low,táo
apple,173931,"Apples, dehydrated (low moisture), sulfured, uncooked",SR Legacy,Fruits and Fruit Juices,100,g,346.0,1.32,0.58,93.5,12.4,81.1,124.0,high_fiber|plant_forward,snack,,low,táo
avocado,171706,"Avocados, raw, California",SR Legacy,Fruits and Fruit Juices,100,g,167.0,1.96,15.4,8.64,6.8,0.3,8.0,high_fiber|plant_forward,snack,,,
avocado,2709223,"Avocado, raw",Survey (FNDDS),Other vegetables and combinations,100,g,160.0,2.0,14.66,8.53,6.7,0.66,7.0,high_fiber|plant_forward,meal,,,
avocado,171705,"Avocados, raw, all commercial varieties",SR Legacy,Fruits and Fruit Juices,100,g,160.0,2.0,14.7,8.53,6.7,0.66,7.0,high_fiber|plant_forward,snack,,,
avocado,2709307,"Guacamole, NFS",Survey (FNDDS),"Dips, gravies, other sauces",100,g,155.0,1.95,14.18,8.45,6.5,0.72,344.0,high_fiber,meal,,,
avocado,2709308,Guacamole with tomatoes,Survey (FNDDS),"Dips, gravies, other sauces",100,g,145.0,1.87,13.09,8.09,6.1,0.87,317.0,high_fiber,meal,,,
avocado,171707,"Avocados, raw, Florida",SR Legacy,Fruits and Fruit Juices,100,g,120.0,2.23,10.1,7.82,5.6,2.42,2.0,low_calorie|high_fiber|plant_forward,snack,,,
avocado,2709824,"Lettuce, salad with avocado, tomato, and/or carrots, with or without other vegetables, no dressing",Survey (FNDDS),Lettuce and lettuce salads,100,g,54.0,1.29,3.39,5.5,2.7,1.64,33.0,low_calorie|plant_forward,meal,,,
avocado,2710824,"Avocado, Hass, peeled, raw",Foundation,Fruits and Fruit Juices,100,g,206.0,1.81,20.3,8.32,,,0.0,plant_forward,snack,,,
avocado,2708960,"Sushi roll, avocado",Survey (FNDDS),"Egg rolls, dumplings, sushi",100,g,93.0,1.8,1.47,17.65,1.4,1.21,361.0,low_calorie,breakfast,egg,,
avocado,173573,"Oil, avocado",SR Legacy,Fats and Oils,100,g,884.0,0.0,100.0,0.0,0.0,,0.0,,meal,,,
avocado,2710208,Avocado dressing,Survey (FNDDS),Salad dressings and vegetable oils,100,g,427.0,1.9,43.33,7.36,0.1,6.67,867.0,plant_forward,meal,,,
banana,173944,"Bananas, raw",SR Legacy,Fruits and Fruit Juices,100,g,89.0,1.09,0.33,22.8,2.6,12.2,1.0,low_calorie|plant_forward,snack,,low,chuối
banana,1105314,"Bananas, ripe and slightly ripe, raw",Foundation,Fruits and Fruit Juices,100,g,97.0,0.74,0.29,21.2,4.62,15.8,0.0,low_calorie|plant_forward,snack,,low,chuối
banana,2709224,"Banana, raw",Survey (FNDDS),Bananas,100,g,97.0,0.74,0.28,22.71,1.7,15.8,0.0,low_calorie,snack,,low,chuối
banana,1105073,"Bananas, overripe, raw",Foundation,Fruits and Fruit Juices,100,g,85.0,0.73,0.22,18.0,2.02,15.8,,low_calorie|plant_forward,snack,,low,chuối
beans,2644281,"Beans, cannellini, dry",Foundation,Legumes and Legume Products,100,g,337.0,21.6,2.2,59.8,,,0.0,high_protein|plant_forward,meal,,,
beans,2707378,Pinto beans with meat,Survey (FNDDS),"Beans, peas, legumes",100,g,186.0,10.73,6.9,21.07,7.2,0.38,275.0,high_fiber|plant_forward,meal,,,
beans,2707366,Black beans with meat,Survey (FNDDS),"Beans, peas, legumes",100,g,177.0,10.61,6.81,19.06,7.0,0.36,275.0,high_fiber|plant_forward,meal,,,
beans,2707386,Kidney beans with meat,Survey (FNDDS),"Beans, peas, legumes",100,g,173.0,10.46,6.78,18.33,5.9,0.36,275.0,high_fiber|plant_forward,meal,,,
beans,2707371,"Pinto beans, NFS",Survey (FNDDS),"Beans, peas, legumes",100,g,191.0,8.37,7.11,24.37,8.4,0.32,217.0,high_fiber|plant_forward,meal,,,
beans,2707347,"Beans, NFS",Survey (FNDDS),"Beans, peas, legumes",100,g,189.0,8.34,7.08,23.78,8.3,0.31,217.0,high_fiber|plant_forward,meal,,,
beans,2707359,"Black beans, NFS",Survey (FNDDS),"Beans, peas, legumes",100,g,181.0,8.23,7.01,22.04,8.1,0.3,217.0,high_fiber|plant_forward,meal,,,
beans,2708586,"Gordita, meat, with beans",Survey (FNDDS),Other Mexican mixed dishes,100,g,252.0,11.41,15.59,16.64,2.0,0.46,347.0,plant_forward,meal,,,
beans,2707353,"White beans, NFS",Survey (FNDDS),"Beans, peas, legumes",100,g,188.0,9.04,6.83,23.32,5.9,0.32,221.0,high_fiber|plant_forward,meal,,,
beans,2707379,"Kidney beans, NFS",Survey (FNDDS),"Beans, peas, legumes",100,g,177.0,8.06,6.97,21.19,6.9,0.3,218.0,high_fiber|plant_forward,meal,,,
beans,2706425,Chili with chicken and beans,Survey (FNDDS),Poultry mixed dishes,100,g,99.0,10.2,2.08,10.25,3.0,1.48,341.0,low_calorie|plant_forward,meal,,,
beans,2707370,"Pink beans, cooked",Survey (FNDDS),"Beans, peas, legumes",100,g,197.0,8.42,6.96,25.94,4.9,0.34,218.0,plant_forward,meal,,,
beans,2706375,Chili with meat and beans,Survey (FNDDS),Meat mixed dishes,100,g,118.0,9.8,4.33,10.25,3.0,1.48,340.0,low_calorie|plant_forward,meal,,,
beans,2709871,"Bean sprouts, cooked",Survey (FNDDS),Other vegetables and combinations,100,g,116.0,9.8,6.93,6.08,3.3,2.83,126.0,low_calorie|plant_forward,meal,,,
beans,2708581,"Nachos, chicken, with beans",Survey (FNDDS),Nachos,100,g,203.0,9.62,10.48,18.26,2.0,0.38,425.0,plant_forward,meal,,,
beans,2708611,"Pupusa, meat, with beans",Survey (FNDDS),Other Mexican mixed dishes,100,g,230.0,8.55,9.72,27.26,4.2,1.38,366.0,plant_forward,meal,,,
beans,2708992,"Beans and rice, with meat",Survey (FNDDS),"Bean, pea, legume dishes",100,g,162.0,7.49,4.24,23.54,4.4,0.25,263.0,plant_forward,meal,,,
beans,2707368,"Lima beans, NFS",Survey (FNDDS),"Beans, peas, legumes",100,g,165.0,7.25,6.86,19.4,6.5,2.7,218.0,high_fiber|plant_forward,meal,,,
beans,2707389,"Mung beans, cooked",Survey (FNDDS),"Beans, peas, legumes",100,g,156.0,6.52,6.86,17.8,7.1,1.86,218.0,high_fiber|plant_forward,meal,,,
beans,2707367,"Fava beans, cooked",Survey (FNDDS),"Beans, peas, legumes",100,g,161.0,7.06,6.88,18.26,5.0,1.69,220.0,high_fiber|plant_forward,meal,,,
beans,2708588,"Chimichanga, with beans",Survey (FNDDS),Other Mexican mixed dishes,100,g,260.0,7.36,13.78,26.81,4.4,1.54,409.0,plant_forward,meal,,,
beans,2708990,Beans and white rice,Survey (FNDDS),"Bean, pea, legume dishes",100,g,164.0,6.5,4.21,25.19,3.7,0.21,231.0,plant_forward,meal,,,
beans,2709033,Beans and brown rice,Survey (FNDDS),"Bean, pea, legume dishes",100,g,162.0,6.4,4.54,24.29,3.9,0.28,213.0,plant_forward,meal,,,
beans,2708609,"Pupusa, with beans",Survey (FNDDS),Other Mexican mixed dishes,100,g,229.0,5.59,9.01,31.5,5.8,1.3,305.0,high_fiber|plant_forward,meal,,,
beans,2707457,"Soup, bean, with meat",Survey (FNDDS),"Soups, broth-based",100,g,84.0,5.88,2.35,10.0,3.5,0.92,248.0,low_calorie|plant_forward,meal,,,
beans,2708584,"Gordita, with beans",Survey (FNDDS),Other Mexican mixed dishes,100,g,207.0,5.83,11.81,20.17,2.9,0.6,365.0,plant_forward,meal,,,
beans,175207,"Chili with beans, canned",SR Legacy,Legumes and Legume Products,100,g,103.0,6.12,3.76,13.2,3.3,1.65,423.0,low_calorie|plant_forward,meal,,,
beans,2708991,"Beans and rice, with tomatoes",Survey (FNDDS),"Bean, pea, legume dishes",100,g,137.0,4.7,3.46,21.9,3.8,0.81,309.0,plant_forward,meal,,,
beans,2707405,Beans and franks,Survey (FNDDS),"Beans, peas, legumes",100,g,138.0,6.74,5.22,17.29,3.3,6.17,438.0,plant_forward,meal,,,
beans,2708582,"Nachos, with beans",Survey (FNDDS),Nachos,100,g,210.0,4.62,11.37,23.28,2.5,0.48,434.0,plant_forward,meal,,,
beans,2707453,"Soup, bean",Survey (FNDDS),"Soups, broth-based",100,g,67.0,3.76,0.76,11.62,4.0,1.14,244.0,low_calorie|plant_forward,meal,,,
beans,2710009,"Bean salad, yellow and/or green string beans",Survey (FNDDS),"Coleslaw, non-lettuce salads",100,g,109.0,3.52,5.0,13.0,3.4,3.48,266.0,low_calorie|plant_forward,meal,,,
beans,2707391,"Baked beans, vegetarian",Survey (FNDDS),"Beans, peas, legumes",100,g,94.0,4.75,0.37,21.14,4.1,7.96,343.0,low_calorie|plant_forward,meal,,,
beans,2707454,"Soup, bean, canned",Survey (FNDDS),"Soups, broth-based",100,g,47.0,2.44,0.68,8.1,2.7,1.09,264.0,low_calorie|plant_forward,meal,,,
beans,2707390,Baked beans,Survey (FNDDS),"Beans, peas, legumes",100,g,105.0,4.52,0.89,21.57,4.4,8.23,391.0,low_calorie|plant_forward,meal,,,
beans,2707395,Black bean salad,Survey (FNDDS),"Bean, pea, legume dishes",100,g,94.0,3.08,3.85,12.61,3.4,3.53,350.0,low_calorie|plant_forward,meal,,,
beans,2709769,"Green beans, raw",Survey (FNDDS),String beans,100,g,40.0,1.97,0.28,7.41,3.0,2.33,0.0,low_calorie|plant_forward,meal,,,
beans,2709768,"Bean sprouts, raw",Survey (FNDDS),Other vegetables and combinations,100,g,30.0,3.04,0.18,5.94,1.8,4.13,6.0,low_calorie|plant_forward,meal,,,
beans,169885,"Beans, liquid from stewed kidney beans",SR Legacy,Legumes and Legume Products,100,g,47.0,1.8,3.2,2.8,0.1,0.0,2.0,low_calorie|plant_forward,meal,,,
beans,2710040,Green bean casserole,Survey (FNDDS),Vegetable dishes,100,g,56.0,1.96,2.21,7.05,1.9,2.03,316.0,low_calorie|plant_forward,meal,,,
beans,2707409,Bean cake,Survey (FNDDS),"Bean, pea, legume dishes",100,g,414.0,5.8,21.41,49.88,3.0,20.37,186.0,plant_forward,meal,,,
beans,2710070,"Green beans, pickled",Survey (FNDDS),"Olives, pickles, pickled vegetables",100,g,54.0,1.63,0.25,11.0,2.5,6.8,944.0,low_calorie|plant_forward,meal,,,
beans,2707404,Black bean sauce,Survey (FNDDS),"Dips, gravies, other sauces",100,g,168.0,6.28,8.45,17.36,2.6,9.26,5843.0,plant_forward,meal,,,
beef,2705857,"Beef, bacon, reduced sodium, cooked",Survey (FNDDS),Bacon,100,g,541.0,37.04,41.78,1.43,0.0,0.0,1030.0,high_protein,meal,,medium,thịt bò
beef,173079,"Beef, New Zealand, imported, flat, separable lean only, cooked, braised",SR Legacy,Beef Products,100,g,226.0,33.2,10.3,0.0,0.0,0.0,30.0,high_protein,meal,,medium,thịt bò
beef,171205,"Beef, chuck for stew, separable lean and fat, choice, cooked, braised",SR Legacy,Beef Products,100,g,194.0,32.5,7.14,0.0,0.0,0.0,65.0,high_protein,meal,,medium,thịt bò
beef,2710241,"Beef, for use with vegetables",Survey (FNDDS),Not included in a food category,100,g,191.0,32.41,6.82,0.0,0.0,0.0,67.0,high_protein|plant_forward,meal,,medium,thịt bò
beef,171203,"Beef, chuck for stew, separable lean and fat, all grades, cooked, braised",SR Legacy,Beef Products,100,g,191.0,32.4,6.82,0.0,0.0,0.0,67.0,high_protein,meal,,medium,thịt bò
beef,171204,"Beef, chuck for stew, separable lean and fat, select, cooked, braised",SR Legacy,Beef Products,100,g,186.0,32.3,6.34,0.0,0.0,0.0,68.0,high_protein,meal,,medium,thịt bò
beef,174747,"Beef, New Zealand, imported, flat, separable lean and fat, cooked, braised",SR Legacy,Beef Products,100,g,252.0,31.9,13.8,0.0,0.0,0.0,30.0,high_protein,meal,,medium,thịt bò
beef,173081,"Beef, New Zealand, imported, variety meats and by-products, heart, cooked, boiled",SR Legacy,Beef Products,100,g,179.0,31.3,6.0,0.0,0.0,0.0,59.0,high_protein,meal,,medium,thịt bò
beef,173077,"Beef, New Zealand, imported, flank, separable lean only, cooked, braised",SR Legacy,Beef Products,100,g,194.0,30.8,7.92,0.0,0.0,0.0,28.0,high_protein,meal,,medium,thịt bò
beef,168615,"Beef, rib, shortribs, separable lean only, choice, cooked, braised",SR Legacy,Beef Products,100,g,295.0,30.8,18.1,0.0,0.0,0.0,58.0,high_protein,meal,,medium,thịt bò
beef,174745,"Beef, New Zealand, imported, flank, separable lean and fat, cooked, braised",SR Legacy,Beef Products,100,g,208.0,30.1,9.73,0.0,0.0,0.0,28.0,high_protein,meal,,medium,thịt bò
beef,2705841,"Beef, steak, tenderloin",Survey (FNDDS),"Beef, excludes ground",100,g,196.0,30.46,8.25,0.0,0.0,0.0,366.0,high_protein,meal,,medium,thịt bò
beef,2705856,"Beef, bacon, cooked",Survey (FNDDS),Bacon,100,g,449.0,31.3,34.4,1.4,0.0,0.0,1500.0,high_protein,meal,,medium,thịt bò
beef,2705831,"Beef, steak, round",Survey (FNDDS),"Beef, excludes ground",100,g,166.0,29.72,4.25,0.0,0.0,0.0,382.0,high_protein,meal,,medium,thịt bò
beef,168626,"Beef, variety meats and by-products, liver, cooked, braised",SR Legacy,Beef Products,100,g,191.0,29.1,5.26,5.13,0.0,0.0,79.0,high_protein,meal,,medium,thịt bò
beef,2705851,"Beef, brisket",Survey (FNDDS),"Beef, excludes ground",100,g,231.0,29.41,12.04,0.0,0.0,0.0,377.0,high_protein,meal,,medium,thịt bò
beef,2705827,"Beef, steak, flank",Survey (FNDDS),"Beef, excludes ground",100,g,243.0,29.13,14.09,0.0,0.0,0.0,370.0,high_protein,meal,,medium,thịt bò
beef,174013,"Beef composite, separable lean only, trimmed to 1/8"" fat, choice, cooked",SR Legacy,Beef Products,100,g,203.0,28.7,9.16,0.0,0.0,0.0,53.0,high_protein,meal,,medium,thịt bò
beef,2705847,"Beef, roast",Survey (FNDDS),"Beef, excludes ground",100,g,206.0,29.08,9.72,0.0,0.0,0.0,372.0,high_protein,meal,,medium,thịt bò
beef,169448,"Beef, variety meats and by-products, heart, cooked, simmered",SR Legacy,Beef Products,100,g,165.0,28.5,4.73,0.15,0.0,0.0,59.0,high_protein,meal,,medium,thịt bò
beef,2705826,"Beef, steak, cube",Survey (FNDDS),"Beef, excludes ground",100,g,187.0,28.83,7.1,0.0,0.0,0.0,379.0,high_protein,meal,,medium,thịt bò
beef,170198,"Beef, cured, breakfast strips, cooked",SR Legacy,Beef Products,100,g,449.0,31.3,34.4,1.4,0.0,0.0,2250.0,high_protein,breakfast,,medium,thịt bò
beef,2705860,Beef jerky,Survey (FNDDS),Cold cuts and cured meats,100,g,410.0,33.2,25.6,11.0,1.8,9.0,1785.0,high_protein,meal,,medium,thịt bò
beef,2705848,"Beef, pot roast",Survey (FNDDS),"Beef, excludes ground",100,g,251.0,28.39,15.35,0.0,0.0,0.0,370.0,high_protein,meal,,medium,thịt bò
beef,2705849,"Beef, stew meat",Survey (FNDDS),"Beef, excludes ground",100,g,251.0,28.39,15.35,0.0,0.0,0.0,370.0,high_protein,meal,,medium,thịt bò
beef,2705834,"Beef, steak, sirloin, lean only eaten",Survey (FNDDS),"Beef, excludes ground",100,g,216.0,28.05,11.32,0.0,0.0,0.0,361.0,high_protein,meal,,medium,thịt bò
beef,2705837,"Beef, steak, strip, lean only eaten",Survey (FNDDS),"Beef, excludes ground",100,g,216.0,28.05,11.32,0.0,0.0,0.0,361.0,high_protein,meal,,medium,thịt bò
beef,173114,"Beef, ground, 97% lean meat / 3% fat, loaf, cooked, baked",SR Legacy,Beef Products,100,g,154.0,27.6,4.06,0.0,0.0,0.0,56.0,high_protein,meal,,medium,thịt bò
beef,2706391,"Barbecue beef, no sauce",Survey (FNDDS),"Beef, excludes ground",100,g,252.0,27.97,15.15,0.0,0.0,0.0,411.0,high_protein,meal,,medium,thịt bò
beef,174029,"Beef, ground, 95% lean meat / 5% fat, loaf, cooked, baked",SR Legacy,Beef Products,100,g,174.0,27.3,6.37,0.0,0.0,0.0,58.0,high_protein,meal,,medium,thịt bò
beef,169450,"Beef, variety meats and by-products, kidneys, cooked, simmered",SR Legacy,Beef Products,100,g,158.0,27.3,4.65,0.0,0.0,0.0,94.0,high_protein,meal,,medium,thịt bò
beef,173084,"Beef, New Zealand, imported, variety meats and by-products, kidney, cooked, boiled",SR Legacy,Beef Products,100,g,157.0,27.3,5.27,0.0,0.0,0.0,123.0,high_protein,meal,,medium,thịt bò
beef,173089,"Beef, New Zealand, imported, ribs prepared, cooked, fast roasted",SR Legacy,Beef Products,100,g,197.0,27.2,9.74,0.09,0.0,0.0,58.0,high_protein,meal,,medium,thịt bò
beef,169453,"Beef, variety meats and by-products, pancreas, cooked, braised",SR Legacy,Beef Products,100,g,271.0,27.1,17.2,0.0,0.0,,60.0,high_protein,meal,,medium,thịt bò
beef,174754,"Beef, ground, 93% lean meat / 7% fat, loaf, cooked, baked",SR Legacy,Beef Products,100,g,192.0,27.0,8.43,0.0,0.0,0.0,59.0,high_protein,meal,,medium,thịt bò
beef,169497,"Beef, chuck eye roast, boneless, America's Beef Roast, separable lean only, trimmed to 0"" fat, select, cooked, roasted",SR Legacy,Beef Products,100,g,172.0,27.0,7.12,0.0,0.0,0.0,81.0,high_protein,meal,,medium,thịt bò
beef,171799,"Beef, ground, 80% lean meat / 20% fat, crumbles, cooked, pan-browned",SR Legacy,Beef Products,100,g,272.0,27.0,17.4,0.0,0.0,0.0,91.0,high_protein,meal,,medium,thịt bò
beef,2705832,"Beef, steak, sirloin, NS as to fat eaten",Survey (FNDDS),"Beef, excludes ground",100,g,239.0,27.14,13.98,0.0,0.0,0.0,361.0,high_protein,meal,,medium,thịt bò
beef,2705835,"Beef, steak, strip, NS as to fat eaten",Survey (FNDDS),"Beef, excludes ground",100,g,239.0,27.14,13.98,0.0,0.0,0.0,361.0,high_protein,meal,,medium,thịt bò
beef,2705822,"Beef, NFS",Survey (FNDDS),"Beef, excludes ground",100,g,231.0,27.13,13.04,0.0,0.0,0.0,372.0,high_protein,meal,,medium,thịt bò
beef,2705840,"Beef, steak, T-bone, lean only eaten",Survey (FNDDS),"Beef, excludes ground",100,g,230.0,27.12,12.69,0.0,0.0,0.0,373.0,high_protein,meal,,medium,thịt bò
beef,171795,"Beef, ground, 90% lean meat / 10% fat, loaf, cooked, baked",SR Legacy,Beef Products,100,g,214.0,26.6,11.1,0.0,0.0,0.0,61.0,high_protein,meal,,medium,thịt bò
beef,2705824,"Beef, steak, NFS",Survey (FNDDS),"Beef, excludes ground",100,g,229.0,27.0,12.88,0.0,0.0,0.0,369.0,high_protein,meal,,medium,thịt bò
beef,168674,"Beef, chuck eye roast, boneless, America's Beef Roast, separable lean only, trimmed to 0"" fat, all grades, cooked, roasted",SR Legacy,Beef Products,100,g,183.0,26.6,8.46,0.0,0.0,0.0,80.0,high_protein,meal,,medium,thịt bò
beef,2710780,Beef as ingredient in recipes,Survey (FNDDS),Not included in a food category,100,g,261.0,26.44,16.52,0.0,0.0,0.0,71.0,high_protein,meal,,medium,thịt bò
beef,173112,"Beef, ground, 97% lean meat / 3% fat, patty, cooked, broiled",SR Legacy,Beef Products,100,g,153.0,26.4,4.46,0.0,0.0,0.0,64.0,high_protein,meal,,medium,thịt bò
beef,2705858,"Beef, dried, chipped, uncooked",Survey (FNDDS),Cold cuts and cured meats,100,g,153.0,31.1,1.94,2.76,0.0,2.7,2790.0,high_protein,meal,,medium,thịt bò
beef,169496,"Beef, chuck eye roast, boneless, America's Beef Roast, separable lean only, trimmed to 0"" fat, choice, cooked, roasted",SR Legacy,Beef Products,100,g,190.0,26.4,9.36,0.0,0.0,0.0,79.0,high_protein,meal,,medium,thịt bò
beef,171791,"Beef, ground, 95% lean meat / 5% fat, patty, cooked, broiled",SR Legacy,Beef Products,100,g,174.0,26.3,6.8,0.0,0.0,0.0,65.0,high_protein,meal,,medium,thịt bò
beef,174040,"Beef, ground, 75% lean meat / 25% fat, crumbles, cooked, pan-browned",SR Legacy,Beef Products,100,g,277.0,26.3,18.2,0.0,0.0,0.0,93.0,high_protein,meal,,medium,thịt bò
beef,174752,"Beef, ground, 93% lean meat / 7% fat, patty, cooked, broiled",SR Legacy,Beef Products,100,g,193.0,26.2,8.94,0.0,0.0,0.0,66.0,high_protein,meal,,medium,thịt bò
beef,174031,"Beef, ground, 90% lean meat / 10% fat, patty, cooked, broiled",SR Legacy,Beef Products,100,g,217.0,26.1,11.8,0.0,0.0,0.0,68.0,high_protein,meal,,medium,thịt bò
beef,2705830,"Beef, steak, ribeye, lean only eaten",Survey (FNDDS),"Beef, excludes ground",100,g,230.0,26.47,13.83,0.0,0.0,0.0,364.0,high_protein,meal,,medium,thịt bò
beef,174035,"Beef, ground, 85% lean meat / 15% fat, loaf, cooked, baked",SR Legacy,Beef Products,100,g,240.0,25.9,14.4,0.0,0.0,0.0,64.0,high_protein,meal,,medium,thịt bò
beef,174032,"Beef, ground, 85% lean meat / 15% fat, patty, cooked, broiled",SR Legacy,Beef Products,100,g,250.0,25.9,15.4,0.0,0.0,0.0,72.0,high_protein,meal,,medium,thịt bò
beef,2706153,"Liver, beef",Survey (FNDDS),Liver and organ meats,100,g,174.0,26.31,4.64,5.12,0.0,0.0,384.0,high_protein,meal,,medium,thịt bò
beef,2705833,"Beef, steak, sirloin, lean and fat eaten",Survey (FNDDS),"Beef, excludes ground",100,g,262.0,26.23,16.65,0.0,0.0,0.0,361.0,high_protein,meal,,medium,thịt bò
beef,2705836,"Beef, steak, strip, lean and fat eaten",Survey (FNDDS),"Beef, excludes ground",100,g,262.0,26.23,16.65,0.0,0.0,0.0,361.0,high_protein,meal,,medium,thịt bò
beef,171797,"Beef, ground, 80% lean meat / 20% fat, patty, cooked, broiled",SR Legacy,Beef Products,100,g,270.0,25.8,17.8,0.0,0.0,0.0,75.0,high_protein,meal,,medium,thịt bò
beef,2705838,"Beef, steak, T-bone, NS as to fat eaten",Survey (FNDDS),"Beef, excludes ground",100,g,252.0,26.16,15.56,0.0,0.0,0.0,372.0,high_protein,meal,,medium,thịt bò
beef,174038,"Beef, ground, 75% lean meat / 25% fat, patty, cooked, broiled",SR Legacy,Beef Products,100,g,279.0,25.6,18.9,0.0,0.0,0.0,78.0,high_protein,meal,,medium,thịt bò
beef,169473,"Beef, ground, 70% lean meat / 30% fat, crumbles, cooked, pan-browned",SR Legacy,Beef Products,100,g,270.0,25.6,17.9,0.0,0.0,0.0,96.0,high_protein,meal,,medium,thịt bò
beef,2705825,"Beef, steak, chuck",Survey (FNDDS),"Beef, excludes ground",100,g,225.0,25.97,13.43,0.21,0.0,0.0,380.0,high_protein,meal,,medium,thịt bò
beef,2705846,"Beef, cow head",Survey (FNDDS),"Beef, excludes ground",100,g,257.0,25.9,16.46,0.0,0.0,0.0,357.0,high_protein,meal,,medium,thịt bò
beef,2705844,"Beef, neck bones",Survey (FNDDS),"Beef, excludes ground",100,g,257.0,25.9,16.46,0.0,0.0,0.0,357.0,high_protein,meal,,medium,thịt bò
beef,2705843,"Beef, oxtails",Survey (FNDDS),"Beef, excludes ground",100,g,257.0,25.9,16.46,0.0,0.0,0.0,357.0,high_protein,meal,,medium,thịt bò
beef,168651,"Beef, ground, 70% lean meat / 30% fat, patty, cooked, broiled",SR Legacy,Beef Products,100,g,277.0,25.4,18.7,0.0,0.0,0.0,81.0,high_protein,meal,,medium,thịt bò
beef,171800,"Beef, ground, 80% lean meat / 20% fat, loaf, cooked, baked",SR Legacy,Beef Products,100,g,254.0,25.2,16.2,0.0,0.0,0.0,67.0,high_protein,meal,,medium,thịt bò
beef,2705854,"Beef, ground",Survey (FNDDS),Ground beef,100,g,261.0,25.55,16.82,0.0,0.0,0.0,381.0,high_protein,meal,,medium,thịt bò
beef,170597,"Beef, variety meats and by-products, spleen, cooked, braised",SR Legacy,Beef Products,100,g,145.0,25.1,4.2,0.0,0.0,,57.0,high_protein,meal,,medium,thịt bò
beef,172161,"Beef, ground, unspecified fat content, cooked",SR Legacy,Beef Products,100,g,240.0,25.1,14.5,0.62,0.0,0.0,85.0,high_protein,meal,,medium,thịt bò
beef,2705855,"Beef, ground, patty",Survey (FNDDS),Ground beef,100,g,272.0,25.45,18.18,0.0,0.0,0.0,383.0,high_protein,meal,,medium,thịt bò
beef,171216,"Beef, chuck eye roast, boneless, America's Beef Roast, separable lean and fat, trimmed to 0"" fat, select, cooked, roasted",SR Legacy,Beef Products,100,g,229.0,24.9,14.4,0.0,0.0,0.0,76.0,high_protein,meal,,medium,thịt bò
beef,2705839,"Beef, steak, T-bone,  lean and fat eaten",Survey (FNDDS),"Beef, excludes ground",100,g,274.0,25.2,18.42,0.0,0.0,0.0,371.0,high_protein,meal,,medium,thịt bò
beef,2705828,"Beef, steak, ribeye, NS as to fat eaten",Survey (FNDDS),"Beef, excludes ground",100,g,260.0,24.99,17.73,0.0,0.0,0.0,362.0,high_protein,meal,,medium,thịt bò
beef,171801,"Beef, ground, 75% lean meat / 25% fat, loaf, cooked, baked",SR Legacy,Beef Products,100,g,254.0,24.6,16.5,0.0,0.0,0.0,70.0,high_protein,meal,,medium,thịt bò
beef,170820,"Beef, chuck eye roast, boneless, America's Beef Roast, separable lean and fat, trimmed to 0"" fat, all grades, cooked, roasted",SR Legacy,Beef Products,100,g,236.0,24.6,15.3,0.0,0.0,0.0,76.0,high_protein,meal,,medium,thịt bò
beef,171215,"Beef, chuck eye roast, boneless, America's Beef Roast, separable lean and fat, trimmed to 0"" fat, choice, cooked, roasted",SR Legacy,Beef Products,100,g,241.0,24.5,15.9,0.0,0.0,0.0,75.0,high_protein,meal,,medium,thịt bò
beef,174730,"Beef, New Zealand, imported, manufacturing beef, cooked, boiled",SR Legacy,Beef Products,100,g,126.0,24.2,3.26,0.0,0.0,0.0,32.0,high_protein,meal,,medium,thịt bò
beef,171798,"Beef, ground, 80% lean meat / 20% fat, patty, cooked, pan-broiled",SR Legacy,Beef Products,100,g,246.0,24.0,15.9,0.0,0.0,0.0,83.0,high_protein,meal,,medium,thịt bò
beef,169474,"Beef, ground, 70% lean meat / 30% fat, loaf, cooked, baked",SR Legacy,Beef Products,100,g,241.0,23.9,15.4,0.0,0.0,0.0,73.0,high_protein,meal,,medium,thịt bò
beef,2705859,"Beef, dried, chipped, cooked in fat",Survey (FNDDS),Cold cuts and cured meats,100,g,225.0,28.12,11.32,2.5,0.0,2.44,2523.0,high_protein,meal,,medium,thịt bò
beef,174039,"Beef, ground, 75% lean meat / 25% fat, patty, cooked, pan-broiled",SR Legacy,Beef Products,100,g,248.0,23.4,16.4,0.0,0.0,0.0,87.0,high_protein,meal,,medium,thịt bò
beef,174728,"Beef, New Zealand, imported, variety meats and by-products liver, cooked, boiled",SR Legacy,Beef Products,100,g,150.0,23.3,4.68,3.78,0.0,0.0,55.0,high_protein,meal,,medium,thịt bò
beef,169429,"Beef, grass-fed, strip steaks, lean only, raw",SR Legacy,Beef Products,100,g,117.0,23.1,2.69,0.0,0.0,0.0,55.0,high_protein|low_calorie,meal,,medium,thịt bò
beef,2705829,"Beef, steak, ribeye, lean and fat eaten",Survey (FNDDS),"Beef, excludes ground",100,g,289.0,23.5,21.64,0.0,0.0,0.0,361.0,high_protein,meal,,medium,thịt bò
beef,169447,"Beef, ground, patties, frozen, cooked, broiled",SR Legacy,Beef Products,100,g,295.0,23.0,21.8,0.0,0.0,0.0,77.0,high_protein,meal,,medium,thịt bò
beef,168650,"Beef, ground, 70% lean meat / 30% fat, patty cooked, pan-broiled",SR Legacy,Beef Products,100,g,238.0,22.9,15.5,0.0,0.0,0.0,92.0,high_protein,meal,,medium,thịt bò
beef,174726,"Beef, New Zealand, imported, inside, raw",SR Legacy,Beef Products,100,g,128.0,22.2,4.36,0.1,0.0,0.0,40.0,high_protein,meal,,medium,thịt bò
beef,174716,"Beef, New Zealand, imported, bolar blade, separable lean only, raw",SR Legacy,Beef Products,100,g,129.0,22.1,4.49,0.0,0.0,0.0,55.0,high_protein,meal,,medium,thịt bò
beef,2727574,"Beef, top sirloin steak, raw",Foundation,Beef Products,100,g,146.0,22.0,5.71,0.218,,,42.8,high_protein,meal,,medium,thịt bò
beef,173111,"Beef, ground, 97% lean meat / 3% fat, raw",SR Legacy,Beef Products,100,g,121.0,22.0,3.0,0.0,0.0,0.0,66.0,high_protein,meal,,medium,thịt bò
beef,170809,"Beef, chuck for stew, separable lean and fat, select, raw",SR Legacy,Beef Products,100,g,124.0,21.9,3.99,0.21,0.0,0.0,81.0,high_protein,meal,,medium,thịt bò
beef,173088,"Beef, New Zealand, imported, oyster blade, separable lean only, raw",SR Legacy,Beef Products,100,g,155.0,21.8,7.56,0.0,0.0,0.0,59.0,high_protein,meal,,medium,thịt bò
beef,171206,"Beef, chuck for stew, separable lean and fat, all grades, raw",SR Legacy,Beef Products,100,g,128.0,21.8,4.48,0.16,0.0,0.0,80.0,high_protein,meal,,medium,thịt bò
beef,170195,"Beef, variety meats and by-products, thymus, cooked, braised",SR Legacy,Beef Products,100,g,319.0,21.8,25.0,0.0,0.0,,116.0,high_protein,meal,,medium,thịt bò
beef,174749,"Beef, New Zealand, imported, rump centre, separable lean only, raw",SR Legacy,Beef Products,100,g,141.0,21.7,6.05,0.0,0.0,0.0,49.0,high_protein,meal,,medium,thịt bò
beef,168609,"Beef, flank, steak, separable lean only, trimmed to 0"" fat, choice, raw",SR Legacy,Beef Products,100,g,149.0,21.7,6.29,0.0,0.0,0.0,57.0,high_protein,meal,,medium,thịt bò
beef,174750,"Beef, New Zealand, imported, rump centre, separable lean and fat, raw",SR Legacy,Beef Products,100,g,145.0,21.6,6.5,0.0,0.0,0.0,49.0,high_protein,meal,,medium,thịt bò
beef,168613,"Beef, rib, shortribs, separable lean and fat, choice, cooked, braised",SR Legacy,Beef Products,100,g,471.0,21.6,42.0,0.0,0.0,0.0,50.0,high_protein,meal,,medium,thịt bò
beef,2706381,Beef with cream or white sauce,Survey (FNDDS),Meat mixed dishes,100,g,185.0,22.5,9.31,2.75,0.0,1.38,340.0,high_protein,meal,,medium,thịt bò
beef,170810,"Beef, chuck for stew, separable lean and fat, choice, raw",SR Legacy,Beef Products,100,g,130.0,21.6,4.81,0.12,0.0,0.0,79.0,high_protein,meal,,medium,thịt bò
beef,2646173,"Beef, round, top round, boneless, choice, raw",Foundation,Beef Products,100,g,146.0,21.5,5.7,0.852,,,45.5,high_protein,meal,,medium,thịt bò
beef,174725,"Beef, New Zealand, imported, hind shin, separable lean only, raw",SR Legacy,Beef Products,100,g,114.0,21.5,3.12,0.0,0.0,0.0,63.0,high_protein|low_calorie,meal,,medium,thịt bò
beef,174777,"Beef, flank, steak, separable lean only, trimmed to 0"" fat, select, raw",SR Legacy,Beef Products,100,g,137.0,21.4,5.0,0.0,0.0,0.0,53.0,high_protein,meal,,medium,thịt bò
beef,2706385,Beef with mushroom sauce,Survey (FNDDS),Meat mixed dishes,100,g,163.0,21.97,7.54,1.83,0.1,0.56,355.0,high_protein,meal,,medium,thịt bò
beef,171790,"Beef, ground, 95% lean meat / 5% fat, raw",SR Legacy,Beef Products,100,g,137.0,21.4,5.0,0.0,0.0,0.0,66.0,high_protein,meal,,medium,thịt bò
beef,2727572,"Beef, short loin (NY strip steak), raw",Foundation,Beef Products,100,g,196.0,21.3,11.5,0.221,,,43.1,high_protein,meal,,medium,thịt bò
beef,173080,"Beef, New Zealand, imported, flat, separable lean only, raw",SR Legacy,Beef Products,100,g,154.0,21.3,7.69,0.0,0.0,0.0,50.0,high_protein,meal,,medium,thịt bò
beef,173098,"Beef, New Zealand, imported, bolar blade, separable lean and fat, raw",SR Legacy,Beef Products,100,g,159.0,21.3,8.22,0.0,0.0,0.0,54.0,high_protein,meal,,medium,thịt bò
beef,174731,"Beef, New Zealand, imported, ribs prepared, raw",SR Legacy,Beef Products,100,g,146.0,21.3,6.78,0.0,0.0,0.0,54.0,high_protein,meal,,medium,thịt bò
beef,174735,"Beef, New Zealand, imported, oyster blade, separable lean and fat, raw",SR Legacy,Beef Products,100,g,178.0,21.3,10.3,0.0,0.0,0.0,57.0,high_protein,meal,,medium,thịt bò
beef,174736,"Beef, New Zealand, imported, tenderloin, separable lean only, raw",SR Legacy,Beef Products,100,g,140.0,21.2,6.1,0.0,0.0,0.0,39.0,high_protein,meal,,medium,thịt bò
beef,169433,"Beef, flank, steak, separable lean and fat, trimmed to 0"" fat, choice, raw",SR Legacy,Beef Products,100,g,165.0,21.2,8.29,0.0,0.0,0.0,54.0,high_protein,meal,,medium,thịt bò
beef,169564,"Beef, flank, steak, separable lean and fat, trimmed to 0"" fat, select, raw",SR Legacy,Beef Products,100,g,145.0,21.2,6.06,0.0,0.0,0.0,54.0,high_protein,meal,,medium,thịt bò
beef,173086,"Beef, New Zealand, imported, manufacturing beef, raw",SR Legacy,Beef Products,100,g,119.0,21.2,3.68,0.23,0.0,0.0,55.0,high_protein|low_calorie,meal,,medium,thịt bò
beef,2706379,Beef with gravy,Survey (FNDDS),Meat mixed dishes,100,g,156.0,21.56,7.05,1.58,0.0,0.09,360.0,high_protein,meal,,medium,thịt bò
beef,2727573,"Beef, tenderloin steak, raw",Foundation,Beef Products,100,g,149.0,21.1,6.46,0.18,,,44.8,high_protein,meal,,medium,thịt bò
beef,173109,"Beef, New Zealand, imported, tenderloin, separable lean and fat, raw",SR Legacy,Beef Products,100,g,146.0,21.0,6.88,0.0,0.0,0.0,39.0,high_protein,meal,,medium,thịt bò
beef,174734,"Beef, New Zealand, imported, striploin, separable lean only, raw",SR Legacy,Beef Products,100,g,150.0,20.9,7.0,0.74,0.0,0.0,47.0,high_protein,meal,,medium,thịt bò
beef,173110,"Beef, ground, 93% lean meat / 7% fat, raw",SR Legacy,Beef Products,100,g,152.0,20.8,7.0,0.0,0.0,0.0,66.0,high_protein,meal,,medium,thịt bò
beef,168607,"Beef, brisket, whole, separable lean only, all grades, raw",SR Legacy,Beef Products,100,g,157.0,20.7,7.37,0.6,0.0,0.0,79.0,high_protein,meal,,medium,thịt bò
beef,169566,"Beef, chuck eye roast, boneless, America's Beef Roast, separable lean only, trimmed to 0"" fat, choice, raw",SR Legacy,Beef Products,100,g,139.0,20.7,6.21,0.0,0.0,0.0,85.0,high_protein,meal,,medium,thịt bò
beef,173103,"Beef, New Zealand, imported, flat, separable lean and fat, raw",SR Legacy,Beef Products,100,g,177.0,20.6,10.6,0.0,0.0,0.0,49.0,high_protein,meal,,medium,thịt bò
beef,173105,"Beef, New Zealand, imported, hind shin, separable lean and fat, raw",SR Legacy,Beef Products,100,g,147.0,20.6,7.2,0.0,0.0,0.0,61.0,high_protein,meal,,medium,thịt bò
beef,169565,"Beef, chuck eye roast, boneless, America's Beef Roast, separable lean only, trimmed to 0"" fat, all grades, raw",SR Legacy,Beef Products,100,g,137.0,20.6,6.01,0.0,0.0,0.0,85.0,high_protein,meal,,medium,thịt bò
beef,173078,"Beef, New Zealand, imported, flank, separable lean only, raw",SR Legacy,Beef Products,100,g,142.0,20.5,6.67,0.0,0.0,0.0,47.0,high_protein,meal,,medium,thịt bò
beef,174729,"Beef, New Zealand, imported, variety meats and by-products, liver, raw",SR Legacy,Beef Products,100,g,133.0,20.5,4.05,3.6,0.0,0.0,53.0,high_protein,meal,,medium,thịt bò
beef,168742,"Beef, chuck eye roast, boneless, America's Beef Roast, separable lean only, trimmed to 0"" fat, select, raw",SR Legacy,Beef Products,100,g,133.0,20.5,5.71,0.0,0.0,0.0,86.0,high_protein,meal,,medium,thịt bò
beef,169451,"Beef, variety meats and by-products, liver, raw",SR Legacy,Beef Products,100,g,135.0,20.4,3.63,3.89,0.0,0.0,69.0,high_protein,meal,,medium,thịt bò
beef,168629,"Beef, variety meats and by-products, lungs, cooked, braised",SR Legacy,Beef Products,100,g,120.0,20.4,3.7,0.0,0.0,,101.0,high_protein|low_calorie,meal,,medium,thịt bò
beef,174722,"Beef, New Zealand, imported, eye round, separable lean only, raw",SR Legacy,Beef Products,100,g,116.0,20.2,3.35,1.35,0.0,0.0,40.0,high_protein|low_calorie,meal,,medium,thịt bò
beef,174746,"Beef, New Zealand, imported, flank, separable lean and fat, raw",SR Legacy,Beef Products,100,g,161.0,20.1,8.9,0.0,0.0,0.0,46.0,high_protein,meal,,medium,thịt bò
beef,2646175,"Beef, flank, steak, boneless, choice, raw",Foundation,Beef Products,100,g,170.0,20.1,9.4,0.0,,,51.3,high_protein,meal,,medium,thịt bò
beef,174030,"Beef, ground, 90% lean meat / 10% fat, raw",SR Legacy,Beef Products,100,g,176.0,20.0,10.0,0.0,0.0,0.0,66.0,high_protein,meal,,medium,thịt bò
beef,174744,"Beef, New Zealand, imported, eye round, separable lean and fat, raw",SR Legacy,Beef Products,100,g,129.0,19.9,4.92,1.32,0.0,0.0,39.0,high_protein,meal,,medium,thịt bò
beef,174720,"Beef, New Zealand, imported, cube roll, separable lean only, raw",SR Legacy,Beef Products,100,g,161.0,19.8,8.51,1.38,0.0,0.0,45.0,high_protein,meal,,medium,thịt bò
beef,168608,"Beef, grass-fed, ground, raw",SR Legacy,Beef Products,100,g,198.0,19.4,12.7,0.0,0.0,0.0,68.0,high_protein,meal,,medium,thịt bò
beef,170598,"Beef, variety meats and by-products, tongue, cooked, simmered",SR Legacy,Beef Products,100,g,284.0,19.3,22.3,0.0,0.0,0.0,65.0,high_protein,meal,,medium,thịt bò
beef,168660,"Beef, chuck eye roast, boneless, America's Beef Roast, separable lean and fat, trimmed to 0"" fat, all grades, raw",SR Legacy,Beef Products,100,g,180.0,19.2,11.5,0.0,0.0,0.0,81.0,high_protein,meal,,medium,thịt bò
beef,168662,"Beef, chuck eye roast, boneless, America's Beef Roast, separable lean and fat, trimmed to 0"" fat, select, raw",SR Legacy,Beef Products,100,g,173.0,19.2,10.7,0.0,0.0,0.0,82.0,high_protein,meal,,medium,thịt bò
beef,2706501,Beef wellington,Survey (FNDDS),Meat mixed dishes,100,g,368.0,19.16,27.43,10.25,0.4,0.12,182.0,high_protein,meal,,medium,thịt bò
beef,168661,"Beef, chuck eye roast, boneless, America's Beef Roast, separable lean and fat, trimmed to 0"" fat, choice, raw",SR Legacy,Beef Products,100,g,185.0,19.1,12.0,0.0,0.0,0.0,80.0,high_protein,meal,,medium,thịt bò
beef,173095,"Beef, New Zealand, imported, variety meats and by-products, tripe cooked, boiled",SR Legacy,Beef Products,100,g,103.0,19.0,2.98,0.0,0.0,0.0,40.0,high_protein|low_calorie,meal,,medium,thịt bò
beef,168614,"Beef, rib, shortribs, separable lean only, choice, raw",SR Legacy,Beef Products,100,g,175.0,19.0,10.2,0.4,0.0,,65.0,high_protein,meal,,medium,thịt bò
beef,2646172,"Beef, ribeye, steak, boneless, choice, raw",Foundation,Beef Products,100,g,260.0,18.7,20.0,0.0,,,42.5,high_protein,meal,,medium,thịt bò
beef,173107,"Beef, New Zealand, imported, striploin, separable lean and fat, raw",SR Legacy,Beef Products,100,g,252.0,18.5,19.5,0.6,0.0,0.0,43.0,high_protein,meal,,medium,thịt bò
beef,174723,"Beef, New Zealand, imported, variety meats and by-products, heart, raw",SR Legacy,Beef Products,100,g,105.0,18.5,3.4,0.0,0.0,0.0,86.0,high_protein|low_calorie,meal,,medium,thịt bò
beef,2646174,"Beef, chuck, roast, boneless, choice, raw",Foundation,Beef Products,100,g,237.0,18.4,17.8,0.0,,,48.4,high_protein,meal,,medium,thịt bò
beef,174737,"Beef, New Zealand, imported, variety meats and by-products, tongue, cooked, boiled",SR Legacy,Beef Products,100,g,271.0,18.3,20.3,3.68,0.0,0.0,57.0,high_protein,meal,,medium,thịt bò
beef,169454,"Beef, variety meats and by-products, spleen, raw",SR Legacy,Beef Products,100,g,105.0,18.3,3.0,0.0,0.0,,85.0,high_protein|low_calorie,meal,,medium,thịt bò
beef,173102,"Beef, New Zealand, imported, cube roll, separable lean and fat, raw",SR Legacy,Beef Products,100,g,225.0,18.2,16.3,1.26,0.0,0.0,43.0,high_protein,meal,,medium,thịt bò
beef,169547,"Beef, tenderloin, separable lean and fat, trimmed to 1/8"" fat, prime, raw",SR Legacy,Beef Products,100,g,274.0,18.2,21.8,0.0,0.0,0.0,49.0,high_protein,meal,,medium,thịt bò
beef,2514743,"Beef, ground, 90% lean meat / 10% fat, raw",Foundation,Beef Products,100,g,190.0,18.2,12.8,0.0,,,61.6,high_protein,meal,,medium,thịt bò
beef,2705853,"Beef, ground, raw",Survey (FNDDS),Ground beef,100,g,213.0,18.44,14.88,0.0,0.0,0.0,373.0,high_protein,meal,,medium,thịt bò
beef,2706371,Beef burgundy,Survey (FNDDS),Meat mixed dishes,100,g,148.0,18.48,6.0,4.19,0.8,1.45,369.0,high_protein,meal,,medium,thịt bò
beef,174738,"Beef, New Zealand, imported, variety meats and by-products, tongue, raw",SR Legacy,Beef Products,100,g,243.0,17.8,19.1,0.0,0.0,0.0,73.0,high_protein,meal,,medium,thịt bò
beef,2706743,Kung Pao beef,Survey (FNDDS),Stir-fry and soy-based sauce mixtures,100,g,216.0,17.93,14.44,4.55,1.0,1.43,175.0,high_protein,meal,soy,medium,thịt bò
beef,173068,"Beef, Australian, imported, grass-fed, ground, 85% lean / 15% fat, raw",SR Legacy,Beef Products,100,g,239.0,17.7,18.1,0.0,0.0,0.0,62.0,high_protein,meal,,medium,thịt bò
beef,168625,"Beef, variety meats and by-products, heart, raw",SR Legacy,Beef Products,100,g,112.0,17.7,3.94,0.14,0.0,0.0,98.0,high_protein|low_calorie,meal,,medium,thịt bò
beef,2514744,"Beef, ground, 80% lean meat / 20% fat, raw",Foundation,Beef Products,100,g,248.0,17.5,19.4,0.0,,,54.9,high_protein,meal,,medium,thịt bò
beef,169431,"Beef, carcass, separable lean and fat, select, raw",SR Legacy,Beef Products,100,g,278.0,17.5,22.6,0.0,0.0,,59.0,high_protein,meal,,medium,thịt bò
beef,169430,"Beef, carcass, separable lean and fat, choice, raw",SR Legacy,Beef Products,100,g,291.0,17.3,24.0,0.0,0.0,,59.0,high_protein,meal,,medium,thịt bò
beef,169449,"Beef, variety meats and by-products, kidneys, raw",SR Legacy,Beef Products,100,g,99.0,17.4,3.09,0.29,0.0,0.0,182.0,high_protein|low_calorie,meal,,medium,thịt bò
beef,174036,"Beef, ground, 80% lean meat / 20% fat, raw",SR Legacy,Beef Products,100,g,254.0,17.2,20.0,0.0,0.0,0.0,66.0,high_protein,meal,,medium,thịt bò
beef,170200,"Beef, cured, corned beef, brisket, cooked",SR Legacy,Beef Products,100,g,251.0,18.2,19.0,0.47,0.0,0.0,973.0,high_protein,meal,,medium,thịt bò
beef,2705850,"Beef, corned",Survey (FNDDS),Cold cuts and cured meats,100,g,251.0,18.17,18.98,0.47,0.0,0.0,973.0,high_protein,meal,,medium,thịt bò
beef,2706749,Beef salad,Survey (FNDDS),Meat mixed dishes,100,g,261.0,17.85,19.32,2.9,0.4,2.1,338.0,high_protein,meal,,medium,thịt bò
beef,2706499,Meat loaf made with beef,Survey (FNDDS),Meat mixed dishes,100,g,199.0,17.48,10.72,7.2,0.4,1.84,416.0,high_protein,meal,,medium,thịt bò
beef,2706581,Meat loaf made with beef and pork,Survey (FNDDS),Meat mixed dishes,100,g,196.0,17.27,10.5,7.18,0.4,1.8,412.0,high_protein,meal,,medium,thịt bò
beef,2706582,"Meat loaf made with beef, veal and pork",Survey (FNDDS),Meat mixed dishes,100,g,196.0,17.27,10.5,7.18,0.4,1.8,412.0,high_protein,meal,,medium,thịt bò
beef,2706472,"Stewed, seasoned, ground beef and pork, Mexican style",Survey (FNDDS),Meat mixed dishes,100,g,139.0,16.7,6.98,1.45,0.2,0.46,338.0,high_protein,meal,,medium,thịt bò
beef,168628,"Beef, variety meats and by-products, lungs, raw",SR Legacy,Beef Products,100,g,92.0,16.2,2.5,0.0,0.0,,198.0,high_protein|low_calorie,meal,,medium,thịt bò
beef,174037,"Beef, ground, 75% lean meat / 25% fat, raw",SR Legacy,Beef Products,100,g,293.0,15.8,25.0,0.0,0.0,0.0,66.0,high_protein,meal,,medium,thịt bò
beef,169452,"Beef, variety meats and by-products, pancreas, raw",SR Legacy,Beef Products,100,g,235.0,15.7,18.6,0.0,0.0,,67.0,high_protein,meal,,medium,thịt bò
beef,174727,"Beef, New Zealand, imported, variety meats and by-products, kidney, raw",SR Legacy,Beef Products,100,g,87.0,15.7,2.64,0.0,0.0,0.0,175.0,high_protein|low_calorie,meal,,medium,thịt bò
beef,2706386,Beef with soy-based sauce,Survey (FNDDS),Stir-fry and soy-based sauce mixtures,100,g,187.0,15.86,12.38,3.35,0.5,1.05,333.0,high_protein,meal,soy,medium,thịt bò
beef,2706390,"Barbecue beef, with sauce",Survey (FNDDS),Meat mixed dishes,100,g,228.0,19.83,10.79,12.23,0.3,9.97,596.0,high_protein,meal,,medium,thịt bò
beef,168630,"Beef, variety meats and by-products, mechanically separated beef, raw",SR Legacy,Beef Products,100,g,276.0,15.0,23.5,0.0,0.0,,57.0,high_protein,meal,,medium,thịt bò
beef,170196,"Beef, variety meats and by-products, tongue, raw",SR Legacy,Beef Products,100,g,224.0,14.9,16.1,3.68,0.0,,69.0,,meal,,medium,thịt bò
beef,173096,"Beef, New Zealand, imported, variety meats and by-products, tripe uncooked, raw",SR Legacy,Beef Products,100,g,77.0,14.9,1.98,0.0,0.0,0.0,81.0,low_calorie,meal,,medium,thịt bò
beef,2706397,"Stewed dried beef, Puerto Rican style",Survey (FNDDS),Meat mixed dishes,100,g,258.0,17.69,19.13,3.91,0.8,2.54,1770.0,high_protein,meal,,medium,thịt bò
beef,169439,"Beef, rib, shortribs, separable lean and fat, choice, raw",SR Legacy,Beef Products,100,g,390.0,14.4,36.2,0.4,0.0,,49.0,,meal,,medium,thịt bò
beef,168652,"Beef, ground, 70% lean meat / 30% fat, raw",SR Legacy,Beef Products,100,g,332.0,14.4,30.0,0.0,0.0,0.0,66.0,,meal,,medium,thịt bò
beef,2706730,"Beef shish kabob with vegetables, excluding potatoes",Survey (FNDDS),Meat mixed dishes,100,g,122.0,14.8,4.88,5.06,0.8,2.37,208.0,plant_forward,meal,,medium,thịt bò
beef,2706503,"Beef stew with potatoes, Puerto Rican style",Survey (FNDDS),Meat mixed dishes,100,g,220.0,14.57,14.85,6.53,1.0,0.93,572.0,,meal,,medium,thịt bò
beef,2706393,"Stewed seasoned ground beef, Mexican style",Survey (FNDDS),Meat mixed dishes,100,g,169.0,14.27,11.38,1.28,0.2,0.41,464.0,,meal,,medium,thịt bò
beef,2705845,"Beef, shortribs",Survey (FNDDS),"Beef, excludes ground",100,g,253.0,18.2,14.1,12.13,0.3,9.89,650.0,high_protein,meal,,medium,thịt bò
beef,2706497,Beef and rice with soy-based sauce,Survey (FNDDS),Stir-fry and soy-based sauce mixtures,100,g,178.0,13.58,10.26,7.96,0.5,0.88,275.0,,meal,soy,medium,thịt bò
beef,170199,"Beef, cured, corned beef, brisket, raw",SR Legacy,Beef Products,100,g,198.0,14.7,14.9,0.14,0.0,,1220.0,,meal,,medium,thịt bò
beef,2706586,"Stewed, seasoned, ground beef and pork with potatoes, Mexican style",Survey (FNDDS),Meat mixed dishes,100,g,143.0,12.84,8.02,4.16,0.6,0.49,193.0,,meal,,medium,thịt bò
beef,2706500,"Meat loaf made with beef, with tomato-based sauce",Survey (FNDDS),Meat mixed dishes,100,g,159.0,13.78,8.35,6.77,0.7,2.23,429.0,,meal,,medium,thịt bò
beef,2706583,"Meat loaf made with beef and pork, with tomato-based sauce",Survey (FNDDS),Meat mixed dishes,100,g,157.0,13.63,8.18,6.75,0.7,2.2,426.0,,meal,,medium,thịt bò
beef,2706476,"Beef, roast, hash",Survey (FNDDS),Meat mixed dishes,100,g,140.0,13.2,5.1,10.74,1.0,1.46,486.0,,meal,,medium,thịt bò
beef,173092,"Beef, New Zealand, imported, sweetbread, cooked, boiled",SR Legacy,Beef Products,100,g,318.0,12.5,29.8,0.0,0.0,0.0,52.0,,meal,wheat,medium,thịt bò
beef,2706396,"Stewed seasoned ground beef, Puerto Rican style",Survey (FNDDS),Meat mixed dishes,100,g,278.0,13.75,22.81,3.83,0.9,1.75,868.0,,meal,,medium,thịt bò
beef,2707197,Beef egg foo yung,Survey (FNDDS),Stir-fry and soy-based sauce mixtures,100,g,147.0,13.82,8.08,4.78,0.3,3.05,321.0,,breakfast,egg|soy,medium,thịt bò
beef,170194,"Beef, variety meats and by-products, thymus, raw",SR Legacy,Beef Products,100,g,236.0,12.2,20.4,0.0,0.0,,96.0,,meal,,medium,thịt bò
beef,170599,"Beef, variety meats and by-products, tripe, raw",SR Legacy,Beef Products,100,g,85.0,12.1,3.69,0.0,0.0,0.0,97.0,low_calorie,meal,,medium,thịt bò
beef,174769,"Beef, variety meats and by-products, tripe, cooked, simmered",SR Legacy,Beef Products,100,g,94.0,11.7,4.05,1.99,0.0,0.0,68.0,low_calorie,meal,,medium,thịt bò
beef,168624,"Beef, variety meats and by-products, brain, cooked, simmered",SR Legacy,Beef Products,100,g,151.0,11.7,10.5,1.48,0.0,0.0,108.0,,meal,,medium,thịt bò
beef,2708711,"Empanada, beef",Survey (FNDDS),Turnovers and other grain-based items,100,g,333.0,12.09,19.2,27.45,1.6,2.1,459.0,,meal,,medium,thịt bò
beef,173093,"Beef, New Zealand, imported, sweetbread, raw",SR Legacy,Beef Products,100,g,303.0,11.5,28.6,0.0,0.0,0.0,64.0,,meal,wheat,medium,thịt bò
beef,171728,"Beef, Australian, imported, grass-fed,  external fat, raw",SR Legacy,Beef Products,100,g,509.0,11.3,51.4,0.39,0.0,0.0,36.0,,meal,,medium,thịt bò
beef,170197,"Beef, cured, breakfast strips, raw or unheated",SR Legacy,Beef Products,100,g,406.0,12.5,38.8,0.7,0.0,,955.0,,breakfast,,medium,thịt bò
beef,2706728,"Beef and vegetables including carrots, broccoli, and/or dark-green leafy; no potatoes, no sauce",Survey (FNDDS),Meat mixed dishes,100,g,116.0,11.41,6.73,3.0,1.4,1.27,316.0,low_calorie|plant_forward,meal,,medium,thịt bò
beef,2706480,"Beef and noodles, no sauce",Survey (FNDDS),Meat mixed dishes,100,g,189.0,11.37,8.41,16.24,0.8,0.26,377.0,,meal,wheat,medium,thịt bò
beef,168622,"Beef, variety meats and by-products, brain, raw",SR Legacy,Beef Products,100,g,143.0,10.9,10.3,1.05,0.0,0.0,126.0,,meal,,medium,thịt bò
beef,168606,"Beef, retail cuts, separable fat, cooked",SR Legacy,Beef Products,100,g,680.0,10.6,70.3,0.0,0.0,0.0,23.0,,meal,,medium,thịt bò
beef,2706372,"Guisada, beef",Survey (FNDDS),Meat mixed dishes,100,g,115.0,10.85,6.62,2.52,0.5,0.63,305.0,low_calorie,meal,,medium,thịt bò
beef,2708595,"Quesadilla, beef or pork, with vegetables",Survey (FNDDS),Other Mexican mixed dishes,100,g,279.0,11.1,13.22,28.22,2.1,2.63,592.0,plant_forward,meal,,medium,thịt bò
beef,2706167,"Hot dog, beef",Survey (FNDDS),Frankfurters,100,g,310.0,11.7,28.0,2.89,0.0,1.26,828.0,,meal,,medium,thịt bò
beef,2706479,"Stewed, seasoned, ground beef with potatoes, Mexican style",Survey (FNDDS),Meat mixed dishes,100,g,137.0,10.42,7.88,5.6,0.8,0.71,333.0,,meal,,medium,thịt bò
beef,2706738,Beef and broccoli,Survey (FNDDS),Stir-fry and soy-based sauce mixtures,100,g,160.0,10.43,10.63,5.09,1.3,1.23,440.0,,meal,soy,medium,thịt bò
beef,2708566,"Enchilada, beef",Survey (FNDDS),Other Mexican mixed dishes,100,g,191.0,9.76,10.54,14.64,2.3,0.79,458.0,,meal,,medium,thịt bò
beef,2708579,"Nachos, beef or pork, with beans",Survey (FNDDS),Nachos,100,g,220.0,9.28,12.45,18.26,2.0,0.38,424.0,plant_forward,meal,,medium,thịt bò
beef,171729,"Beef, Australian, imported, grass-fed, seam fat, raw",SR Legacy,Beef Products,100,g,562.0,9.58,57.7,1.06,0.0,0.0,34.0,,meal,,medium,thịt bò
beef,2707097,"Beef with vegetable, diet frozen meal",Survey (FNDDS),Meat mixed dishes,100,g,125.0,10.64,6.95,4.69,0.8,2.81,292.0,plant_forward,meal,,medium,thịt bò
beef,2706382,Beef stroganoff,Survey (FNDDS),Meat mixed dishes,100,g,150.0,10.06,9.33,6.21,0.7,1.36,458.0,,meal,,medium,thịt bò
beef,2709088,Spanish rice with ground beef,Survey (FNDDS),Rice mixed dishes,100,g,163.0,9.68,6.91,14.79,0.8,1.17,346.0,,meal,,medium,thịt bò
beef,2706606,"Beef, noodles, and vegetables excluding carrots, broccoli, and dark-green leafy; no sauce",Survey (FNDDS),Meat mixed dishes,100,g,151.0,8.78,4.91,18.29,1.4,0.84,300.0,plant_forward,meal,wheat,medium,thịt bò
beef,2706605,"Beef, noodles, and vegetables including carrots, broccoli, and/or dark-green leafy; no sauce",Survey (FNDDS),Meat mixed dishes,100,g,148.0,8.71,5.19,16.71,1.5,0.91,317.0,plant_forward,meal,wheat,medium,thịt bò
beef,173332,"Beef, corned beef hash, with potato, canned",SR Legacy,"Meals, Entrees, and Side Dishes",100,g,164.0,8.73,10.2,9.27,1.1,0.34,412.0,,meal,,medium,thịt bò
beef,171614,"Soup, ramen noodle, beef flavor, dry",SR Legacy,"Soups, Sauces, and Gravies",100,g,441.0,10.1,17.7,60.3,3.0,1.99,1730.0,,meal,wheat,medium,thịt bò
beef,173091,"Beef, New Zealand, imported, subcutaneous fat, raw",SR Legacy,Beef Products,100,g,685.0,8.5,72.4,0.0,0.0,0.0,26.0,,meal,,medium,thịt bò
beef,2706592,"Stew, beef",Survey (FNDDS),Meat mixed dishes,100,g,107.0,8.76,5.07,6.29,1.3,1.57,307.0,low_calorie,meal,,medium,thịt bò
beef,2706481,Beef and macaroni with cheese sauce,Survey (FNDDS),Meat mixed dishes,100,g,137.0,9.12,5.42,12.26,0.5,1.5,394.0,,meal,milk,medium,thịt bò
beef,168605,"Beef, retail cuts, separable fat, raw",SR Legacy,Beef Products,100,g,674.0,8.21,70.9,0.0,0.0,0.0,26.0,,meal,,medium,thịt bò
beef,168949,"Rice and vermicelli mix, beef flavor, unprepared",SR Legacy,"Meals, Entrees, and Side Dishes",100,g,359.0,10.8,1.27,76.0,1.6,4.27,1340.0,,meal,,medium,thịt bò
beef,2706630,"Pot pie, beef",Survey (FNDDS),Meat mixed dishes,100,g,271.0,8.92,15.37,23.95,2.0,3.33,374.0,,meal,,medium,thịt bò
beef,173082,"Beef, New Zealand, imported, intermuscular fat, cooked",SR Legacy,Beef Products,100,g,560.0,7.9,57.2,3.39,0.0,0.0,25.0,,meal,,medium,thịt bò
beef,2706498,Beef and rice with cheese sauce,Survey (FNDDS),Meat mixed dishes,100,g,142.0,8.08,5.35,14.66,0.4,0.16,298.0,,meal,milk,medium,thịt bò
beef,2708571,"Tamale, beef",Survey (FNDDS),Other Mexican mixed dishes,100,g,174.0,7.38,9.04,15.8,2.4,0.46,473.0,,meal,,medium,thịt bò
beef,2707102,"Beef, sliced, with gravy, potatoes, vegetable, frozen meal",Survey (FNDDS),Meat mixed dishes,100,g,125.0,8.12,7.28,6.59,0.7,0.8,296.0,plant_forward,meal,,medium,thịt bò
beef,2706752,"Beef and vegetables including carrots, broccoli, and/or dark-green leafy; no potatoes, gravy",Survey (FNDDS),Meat mixed dishes,100,g,115.0,8.06,7.34,4.5,1.0,1.0,310.0,low_calorie|plant_forward,meal,,medium,thịt bò
beef,2706731,"Beef with vegetables including carrots, broccoli, and/or dark-green leafy; no potatoes, tomato-based sauce",Survey (FNDDS),Meat mixed dishes,100,g,110.0,8.24,6.99,4.48,1.7,2.51,300.0,low_calorie|plant_forward,meal,,medium,thịt bò
beef,2706475,"Beef and potatoes with cream sauce, white sauce or mushroom sauce",Survey (FNDDS),Meat mixed dishes,100,g,100.0,8.04,3.79,8.66,0.7,1.28,337.0,low_calorie,meal,,medium,thịt bò
beef,2706617,"Beef, rice, and vegetables excluding carrots, broccoli, and dark-green leafy; no sauce",Survey (FNDDS),Meat mixed dishes,100,g,149.0,7.62,4.29,20.0,0.9,0.62,333.0,plant_forward,meal,,medium,thịt bò
beef,2706616,"Beef, rice, and vegetables including carrots, broccoli, and/or dark-green leafy; no sauce",Survey (FNDDS),Meat mixed dishes,100,g,149.0,7.54,4.86,18.38,1.0,0.69,312.0,plant_forward,meal,,medium,thịt bò
beef,2706486,Beef stroganoff with noodles,Survey (FNDDS),Meat mixed dishes,100,g,129.0,7.76,6.8,8.99,0.7,1.01,316.0,,meal,wheat,medium,thịt bò
beef,167656,Corned beef and potatoes in tortilla (Apache),SR Legacy,American Indian/Alaska Native Foods,100,g,224.0,7.91,8.31,29.4,1.5,1.79,511.0,,meal,,medium,thịt bò
beef,172093,"Beef Pot Pie, frozen entree, prepared",SR Legacy,"Meals, Entrees, and Side Dishes",100,g,220.0,7.25,11.4,22.0,0.8,,365.0,,meal,,medium,thịt bò
beef,2706588,"Beef, potatoes, and vegetables, excluding carrots, broccoli, and dark-green leafy; no sauce",Survey (FNDDS),Meat mixed dishes,100,g,131.0,6.97,5.1,14.97,1.7,1.12,305.0,plant_forward,meal,,medium,thịt bò
beef,2706489,"Beef and rice, no sauce",Survey (FNDDS),Meat mixed dishes,100,g,146.0,7.27,5.0,17.23,0.2,0.03,312.0,,meal,,medium,thịt bò
beef,2706587,"Beef, potatoes, and vegetables including carrots, broccoli, and/or dark-green leafy; no sauce",Survey (FNDDS),Meat mixed dishes,100,g,126.0,6.93,5.15,13.46,1.8,1.19,313.0,plant_forward,meal,,medium,thịt bò
beef,173083,"Beef, New Zealand, imported, intermuscular fat, raw",SR Legacy,Beef Products,100,g,602.0,6.97,63.8,0.01,0.0,0.0,32.0,,meal,,medium,thịt bò
beef,2706388,Beef curry,Survey (FNDDS),Meat mixed dishes,100,g,113.0,7.57,6.57,6.53,1.4,2.56,359.0,low_calorie,meal,,medium,thịt bò
beef,2709154,Ramen bowl with beef,Survey (FNDDS),Ramen and Asian broth-based soups,100,g,137.0,6.81,5.19,15.4,1.0,0.44,353.0,,meal,,medium,thịt bò
beef,2707096,"Beef dinner, NFS, frozen meal",Survey (FNDDS),Meat mixed dishes,100,g,146.0,6.82,8.4,10.94,1.2,1.35,268.0,,meal,,medium,thịt bò
beef,2708712,"Empanada, beef, with vegetables",Survey (FNDDS),Turnovers and other grain-based items,100,g,291.0,7.19,16.0,29.91,2.0,2.75,446.0,plant_forward,meal,,medium,thịt bò
beef,2706615,"Beef, noodles, and vegetables excluding carrots, broccoli, and dark-green leafy; gravy",Survey (FNDDS),Meat mixed dishes,100,g,131.0,6.68,5.05,14.94,1.0,0.7,305.0,plant_forward,meal,wheat,medium,thịt bò
beef,2706614,"Beef, noodles, and vegetables including carrots, broccoli, and/or dark-green leafy; gravy",Survey (FNDDS),Meat mixed dishes,100,g,127.0,6.65,5.04,13.81,1.1,0.75,305.0,plant_forward,meal,wheat,medium,thịt bò
beef,173090,"Beef, New Zealand, imported, subcutaneous fat, cooked",SR Legacy,Beef Products,100,g,731.0,6.5,78.3,0.0,0.0,0.0,25.0,,meal,,medium,thịt bò
beef,171189,"Soup, vegetable beef, microwavable, ready-to-serve, single brand",SR Legacy,"Soups, Sauces, and Gravies",100,g,44.0,6.2,0.7,3.3,1.5,,376.0,low_calorie|plant_forward,meal,,medium,thịt bò
beef,2707104,"Beef with spaetzle or rice, vegetable, frozen meal",Survey (FNDDS),Meat mixed dishes,100,g,118.0,6.92,4.37,12.23,0.6,1.23,278.0,low_calorie|plant_forward,meal,,medium,thịt bò
beef,2706741,Hunan beef,Survey (FNDDS),Stir-fry and soy-based sauce mixtures,100,g,105.0,7.08,5.3,7.29,1.5,2.41,409.0,low_calorie,meal,soy,medium,thịt bò
beef,2706740,Szechuan beef,Survey (FNDDS),Stir-fry and soy-based sauce mixtures,100,g,105.0,7.08,5.3,7.29,1.5,2.41,409.0,low_calorie,meal,soy,medium,thịt bò
beef,2708702,"Egg roll, with beef and/or pork",Survey (FNDDS),"Egg rolls, dumplings, sushi",100,g,272.0,7.58,14.7,27.02,2.0,5.07,447.0,,breakfast,egg,medium,thịt bò
beef,2706493,Beef and rice with gravy,Survey (FNDDS),Meat mixed dishes,100,g,137.0,6.28,5.12,15.98,0.2,0.12,315.0,,meal,,medium,thịt bò
beef,2706491,Beef and rice with tomato-based sauce,Survey (FNDDS),Meat mixed dishes,100,g,136.0,6.39,5.15,15.88,0.7,1.11,308.0,,meal,,medium,thịt bò
beef,2706494,Beef and rice with cream sauce,Survey (FNDDS),Meat mixed dishes,100,g,139.0,6.7,5.24,15.9,0.2,1.33,303.0,,meal,,medium,thịt bò
beef,2706495,Beef and rice with mushroom sauce,Survey (FNDDS),Meat mixed dishes,100,g,135.0,6.25,5.18,15.53,0.4,0.59,313.0,,meal,,medium,thịt bò
beef,2706392,Beef with sweet and sour sauce,Survey (FNDDS),Stir-fry and soy-based sauce mixtures,100,g,211.0,9.29,12.81,14.22,0.6,8.42,346.0,,meal,soy,medium,thịt bò
beef,2706632,"Beef, dumplings, and vegetables excluding carrots, broccoli, and dark-green leafy; gravy",Survey (FNDDS),Meat mixed dishes,100,g,130.0,6.19,6.16,12.85,0.8,1.07,301.0,plant_forward,meal,,medium,thịt bò
beef,175183,"Beans, baked, canned, with beef",SR Legacy,Legumes and Legume Products,100,g,121.0,6.38,3.45,16.9,,,475.0,plant_forward,meal,,medium,thịt bò
beef,2706631,"Beef, dumplings, and vegetables including carrots, broccoli, and/or dark-green leafy; gravy",Survey (FNDDS),Meat mixed dishes,100,g,127.0,6.15,6.36,11.7,0.9,1.12,306.0,plant_forward,meal,,medium,thịt bò
beef,2706626,"Beef, rice, and vegetables including carrots, broccoli, and/or dark-green leafy; gravy",Survey (FNDDS),Meat mixed dishes,100,g,131.0,5.77,5.18,15.01,0.8,0.59,307.0,plant_forward,meal,,medium,thịt bò
beef,2706627,"Beef, rice, and vegetables excluding carrots, broccoli, and dark-green leafy; gravy",Survey (FNDDS),Meat mixed dishes,100,g,135.0,5.8,5.18,16.13,0.7,0.54,314.0,plant_forward,meal,,medium,thịt bò
beef,173967,"Beef, Australian, imported, Wagyu, external fat, Aust. marble score 9, raw",SR Legacy,Beef Products,100,g,639.0,5.54,68.1,0.97,0.0,0.0,43.0,,meal,,medium,thịt bò
beef,2706383,Creamed chipped or dried beef,Survey (FNDDS),Meat mixed dishes,100,g,133.0,7.65,8.05,7.57,0.1,4.58,478.0,,meal,,medium,thịt bò
beef,2706596,"Beef, potatoes, and vegetables excluding carrots, broccoli, and dark-green leafy; gravy",Survey (FNDDS),Meat mixed dishes,100,g,126.0,5.3,6.34,12.36,1.3,0.9,312.0,plant_forward,meal,,medium,thịt bò
beef,2706595,"Beef, potatoes, and vegetables including carrots, broccoli, and/or dark-green leafy; gravy",Survey (FNDDS),Meat mixed dishes,100,g,129.0,5.23,7.16,11.17,1.4,0.94,302.0,plant_forward,meal,,medium,thịt bò
beef,173968,"Beef, Australian, imported, Wagyu, seam fat, Aust. marble score 9, raw",SR Legacy,Beef Products,100,g,627.0,5.16,67.3,0.0,0.0,0.0,27.0,,meal,,medium,thịt bò
beef,2706389,Beef curry with rice,Survey (FNDDS),Meat mixed dishes,100,g,119.0,5.61,4.05,15.12,1.0,1.56,314.0,low_calorie,meal,,medium,thịt bò
beef,172090,"Beef macaroni with tomato sauce, frozen entree, reduced fat",SR Legacy,"Meals, Entrees, and Side Dishes",100,g,113.0,5.89,1.96,18.0,1.4,3.8,178.0,low_calorie,meal,,medium,thịt bò
beef,2706591,"Stew, beef, canned",Survey (FNDDS),Meat mixed dishes,100,g,100.0,5.0,5.96,6.54,1.1,1.06,395.0,low_calorie,meal,,medium,thịt bò
beef,171612,"Soup, beef stroganoff, canned, chunky style, ready-to-serve",SR Legacy,"Soups, Sauces, and Gravies",100,g,98.0,5.1,4.6,9.0,0.6,1.68,435.0,low_calorie,meal,,medium,thịt bò
beef,171611,"Soup, beef and mushroom, low sodium, chunk style",SR Legacy,"Soups, Sauces, and Gravies",100,g,69.0,4.3,2.3,9.58,0.2,0.84,25.0,low_calorie,meal,,medium,thịt bò
beef,171163,"Soup, vegetable beef, canned, condensed",SR Legacy,"Soups, Sauces, and Gravies",100,g,63.0,4.45,1.51,8.11,1.6,0.89,706.0,low_calorie|plant_forward,meal,,medium,thịt bò
beef,171175,"Soup, beef mushroom, canned, condensed",SR Legacy,"Soups, Sauces, and Gravies",100,g,61.0,4.6,2.4,5.2,0.2,,709.0,low_calorie,meal,,medium,thịt bò
beef,173330,"Beef stew, canned entree",SR Legacy,"Meals, Entrees, and Side Dishes",100,g,99.0,4.41,5.53,7.85,0.9,1.76,388.0,low_calorie,meal,,medium,thịt bò
beef,171162,"Soup, chunky beef, canned, ready-to-serve",SR Legacy,"Soups, Sauces, and Gravies",100,g,66.0,3.97,1.11,10.1,0.6,0.67,338.0,low_calorie,meal,,medium,thịt bò
beef,171150,"Soup, chili beef, canned, condensed",SR Legacy,"Soups, Sauces, and Gravies",100,g,117.0,5.09,2.53,18.9,2.5,5.09,788.0,low_calorie,meal,,medium,thịt bò
beef,171160,"Soup, tomato beef with noodle, canned, condensed",SR Legacy,"Soups, Sauces, and Gravies",100,g,112.0,3.55,3.42,16.9,1.2,,731.0,low_calorie,meal,wheat,medium,thịt bò
beef,2707145,"Gravy, beef",Survey (FNDDS),"Dips, gravies, other sauces",100,g,53.0,3.75,2.36,4.81,0.4,0.21,633.0,low_calorie,meal,,medium,thịt bò
beef,171564,"Gravy, beef, canned, ready-to-serve",SR Legacy,"Soups, Sauces, and Gravies",100,g,53.0,3.75,2.36,4.81,0.4,0.21,633.0,low_calorie,meal,,medium,thịt bò
beef,2707146,"Gravy, beef, fat free",Survey (FNDDS),"Dips, gravies, other sauces",100,g,53.0,3.75,2.36,4.81,0.4,0.21,633.0,low_calorie,meal,,medium,thịt bò
beef,174065,"Soup, beef and vegetables, reduced sodium, canned, ready-to-serve",SR Legacy,"Soups, Sauces, and Gravies",100,g,42.0,3.26,0.95,4.99,0.8,1.22,175.0,low_calorie|plant_forward,meal,,medium,thịt bò
beef,2710115,"Soup, beef",Survey (FNDDS),"Soups, broth-based",100,g,47.0,3.28,2.05,4.04,0.8,1.1,249.0,low_calorie,meal,,medium,thịt bò
beef,172912,"CAMPBELL'S CHUNKY, Old Fashioned Vegetable Beef Soup",SR Legacy,"Soups, Sauces, and Gravies",100,g,49.0,3.16,1.23,6.24,1.3,1.15,346.0,low_calorie|plant_forward,meal,,medium,thịt bò
beef,171190,"Soup, beef and vegetables, canned, ready-to-serve",SR Legacy,"Soups, Sauces, and Gravies",100,g,48.0,3.18,1.16,6.16,1.2,1.25,326.0,low_calorie|plant_forward,meal,,medium,thịt bò
beef,168950,"Rice and vermicelli mix, beef flavor, prepared with 80% margarine",SR Legacy,"Meals, Entrees, and Side Dishes",100,g,129.0,2.82,3.2,22.0,0.6,,364.0,,meal,,medium,thịt bò
beef,2706746,"Beef and vegetables, Hawaiian style",Survey (FNDDS),Meat mixed dishes,100,g,93.0,4.79,2.24,14.24,1.8,5.6,679.0,low_calorie|plant_forward,meal,,medium,thịt bò
beef,2709419,"Potato from Puerto Rican beef stew, with gravy",Survey (FNDDS),Mashed potatoes and white potato mixtures,100,g,74.0,2.46,0.93,14.45,1.3,0.64,235.0,low_calorie,meal,,medium,thịt bò
beef,174552,"CAMPBELL'S CHUNKY, Hearty Beef Barley Soup",SR Legacy,"Soups, Sauces, and Gravies",100,g,56.0,2.89,0.92,8.98,1.0,1.17,308.0,low_calorie,meal,,medium,thịt bò
beef,171539,"Soup, beef noodle, canned, condensed",SR Legacy,"Soups, Sauces, and Gravies",100,g,67.0,3.85,2.46,7.16,0.6,2.06,653.0,low_calorie,meal,wheat,medium,thịt bò
beef,174073,"Soup, beef barley, ready to serve",SR Legacy,"Soups, Sauces, and Gravies",100,g,52.0,2.81,0.96,7.94,0.9,1.22,297.0,low_calorie,meal,,medium,thịt bò
beef,174565,"Soup, vegetable beef, canned, prepared with equal volume water",SR Legacy,"Soups, Sauces, and Gravies",100,g,31.0,2.23,0.76,4.06,0.8,0.45,349.0,low_calorie|plant_forward,meal,,medium,thịt bò
beef,171572,"Soup, beef mushroom, canned, prepared with equal volume water",SR Legacy,"Soups, Sauces, and Gravies",100,g,30.0,2.37,1.23,2.6,0.1,,386.0,low_calorie,meal,,medium,thịt bò
beef,174557,"Soup, beef broth, bouillon, consomme, prepared with equal volume water",SR Legacy,"Soups, Sauces, and Gravies",100,g,12.0,2.22,0.0,0.73,0.0,,264.0,low_calorie,meal,,medium,thịt bò
beef,171164,"Soup, vegetable with beef broth, canned, condensed",SR Legacy,"Soups, Sauces, and Gravies",100,g,66.0,2.42,1.56,10.7,1.3,1.64,515.0,low_calorie|plant_forward,meal,,medium,thịt bò
beef,171548,"Soup, beef broth bouillon and consomme, canned, condensed",SR Legacy,"Soups, Sauces, and Gravies",100,g,11.0,2.52,0.0,0.32,0.0,0.0,694.0,low_calorie,meal,,medium,thịt bò
beef,172911,"Soup, chili beef, canned, prepared with equal volume water",SR Legacy,"Soups, Sauces, and Gravies",100,g,57.0,2.49,1.24,9.23,1.2,2.49,388.0,low_calorie,meal,,medium,thịt bò
beef,2707127,"Soup, beef, canned",Survey (FNDDS),"Soups, broth-based",100,g,37.0,1.94,1.17,4.86,0.9,1.23,266.0,low_calorie,meal,,medium,thịt bò
beef,170193,"Beef, variety meats and by-products, suet, raw",SR Legacy,Beef Products,100,g,854.0,1.5,94.0,0.0,0.0,0.0,7.0,,meal,,medium,thịt bò
beef,172883,"Soup, stock, beef, home-prepared",SR Legacy,"Soups, Sauces, and Gravies",100,g,13.0,1.97,0.09,1.2,0.0,0.54,198.0,low_calorie,meal,,medium,thịt bò
beef,172919,"Soup, tomato beef with noodle, canned, prepared with equal volume water",SR Legacy,"Soups, Sauces, and Gravies",100,g,56.0,1.78,1.71,8.44,0.6,0.73,367.0,low_calorie,meal,wheat,medium,thịt bò
beef,172906,"Soup, beef noodle, canned, prepared with equal volume water",SR Legacy,"Soups, Sauces, and Gravies",100,g,34.0,1.93,1.23,3.58,0.3,1.03,325.0,low_calorie,meal,wheat,medium,thịt bò
beef,174558,"Soup, mushroom with beef stock, canned, prepared with equal volume water",SR Legacy,"Soups, Sauces, and Gravies",100,g,35.0,1.29,1.65,3.81,0.3,,397.0,low_calorie,meal,,medium,thịt bò
beef,172921,"Soup, vegetable with beef broth, canned, prepared with equal volume water",SR Legacy,"Soups, Sauces, and Gravies",100,g,33.0,1.21,0.78,5.35,0.7,0.82,253.0,low_calorie|plant_forward,meal,,medium,thịt bò
beef,171179,"Soup, SWANSON, beef broth, lower sodium",SR Legacy,"Soups, Sauces, and Gravies",100,g,6.0,1.2,0.08,0.21,,0.2,180.0,low_calorie,meal,,medium,thịt bò
beef,172889,"Soup, beef broth, less/reduced sodium, ready to serve",SR Legacy,"Soups, Sauces, and Gravies",100,g,6.0,1.14,0.07,0.2,0.0,0.2,225.0,low_calorie,meal,,medium,thịt bò
beef,171538,"Soup, beef broth or bouillon canned, ready-to-serve",SR Legacy,"Soups, Sauces, and Gravies",100,g,7.0,1.14,0.22,0.04,0.0,0.0,372.0,low_calorie,meal,,medium,thịt bò
beef,171156,"Soup, mushroom with beef stock, canned, condensed",SR Legacy,"Soups, Sauces, and Gravies",100,g,68.0,2.51,3.21,7.41,0.1,2.28,773.0,low_calorie,meal,,medium,thịt bò
beef,171599,"Gravy, HEINZ Home Style, savory beef",SR Legacy,"Soups, Sauces, and Gravies",100,g,39.0,1.09,1.13,6.24,0.7,0.52,587.0,low_calorie,meal,,medium,thịt bò
beef,173567,"Shortening frying (heavy duty), beef tallow and cottonseed",SR Legacy,Fats and Oils,100,g,900.0,0.0,100.0,0.0,0.0,,0.0,plant_forward,meal,,medium,thịt bò
beef,172923,"Soup, beef broth, cubed, prepared with water",SR Legacy,"Soups, Sauces, and Gravies",100,g,3.0,0.21,0.08,0.25,0.0,0.2,260.0,low_calorie,meal,,medium,thịt bò
beef,172922,"Soup, beef broth or bouillon, powder, prepared with water",SR Legacy,"Soups, Sauces, and Gravies",100,g,3.0,0.21,0.08,0.25,0.0,0.2,382.0,low_calorie,meal,,medium,thịt bò
beef,171589,"Gravy, instant beef, dry",SR Legacy,"Soups, Sauces, and Gravies",100,g,369.0,9.8,9.48,61.1,4.3,23.9,5200.0,,meal,,medium,thịt bò
beef,171561,"Soup, beef broth, cubed, dry",SR Legacy,"Soups, Sauces, and Gravies",100,g,170.0,17.3,4.0,16.1,0.0,14.5,24000.0,high_protein,meal,,medium,thịt bò
beef,171560,"Soup, beef broth or bouillon, powder, dry",SR Legacy,"Soups, Sauces, and Gravies",100,g,213.0,16.0,8.89,17.4,0.0,16.7,26000.0,high_protein,meal,,medium,thịt bò
berry,171685,"Cereals, QUAKER, oatmeal, REAL MEDLEYS, summer berry, dry",SR Legacy,Breakfast Cereals,100,g,353.0,11.3,4.4,72.6,8.5,20.4,354.0,high_fiber,breakfast,,,
berry,168976,"Agutuk, fish/berry with seal oil (Alaskan ice cream) (Alaska Native)",SR Legacy,American Indian/Alaska Native Foods,100,g,353.0,3.4,31.8,13.4,0.5,,21.0,,meal,fish,,
berry,2709282,"Raspberries, frozen",Survey (FNDDS),Blueberries and other berries,100,g,57.0,1.01,0.19,12.9,6.5,2.68,0.0,low_calorie|high_fiber,meal,,,
berry,2709281,"Raspberries, raw",Survey (FNDDS),Blueberries and other berries,100,g,57.0,1.01,0.19,12.9,6.5,2.68,0.0,low_calorie|high_fiber,meal,,,
berry,169802,"Cloudberries, raw (Alaska Native)",SR Legacy,American Indian/Alaska Native Foods,100,g,51.0,2.4,0.8,8.6,,,,low_calorie,meal,,,
berry,173032,"Goji berries, dried",SR Legacy,Fruits and Fruit Juices,100,g,349.0,14.3,0.39,77.1,13.0,45.6,298.0,high_fiber|plant_forward,snack,,,
berry,2709273,"Blackberries, raw",Survey (FNDDS),Blueberries and other berries,100,g,43.0,1.39,0.49,9.61,5.3,4.88,1.0,low_calorie|high_fiber,meal,,,
berry,2709279,"Cranberries, raw",Survey (FNDDS),Blueberries and other berries,100,g,46.0,0.46,0.13,11.97,3.6,4.27,2.0,low_calorie,meal,,,
berry,2709272,"Berries, frozen",Survey (FNDDS),Blueberries and other berries,100,g,52.0,0.76,0.34,12.47,4.1,6.59,1.0,low_calorie,meal,,,
berry,2709274,"Blackberries, frozen",Survey (FNDDS),Blueberries and other berries,100,g,64.0,1.18,0.43,15.67,5.0,10.67,1.0,low_calorie|high_fiber,meal,,,
berry,2709271,"Berries, NFS",Survey (FNDDS),Blueberries and other berries,100,g,44.0,0.66,0.25,9.94,2.0,6.21,0.0,low_calorie,meal,,,
berry,2708026,"Crisp, berry",Survey (FNDDS),Cakes and pies,100,g,228.0,3.41,9.78,32.81,5.0,16.59,119.0,high_fiber,meal,,,
berry,2709277,"Blueberries, frozen",Survey (FNDDS),Blueberries and other berries,100,g,51.0,0.42,0.64,12.17,2.7,8.45,1.0,low_calorie,meal,,,
berry,2709275,"Blueberries, raw",Survey (FNDDS),Blueberries and other berries,100,g,64.0,0.7,0.31,14.57,2.4,9.36,0.0,low_calorie,meal,,,
berry,2707997,"Pie, berry",Survey (FNDDS),Cakes and pies,100,g,306.0,3.16,15.43,39.53,3.6,16.49,217.0,,meal,,,
berry,2708020,"Cobbler, berry",Survey (FNDDS),Cakes and pies,100,g,231.0,2.66,8.86,36.2,4.0,17.63,179.0,,meal,,,
berry,167797,"Fruit juice smoothie, BOLTHOUSE FARMS, BERRY BOOST",SR Legacy,Fruits and Fruit Juices,100,g,46.0,0.63,0.02,10.9,0.0,9.3,4.0,low_calorie|plant_forward,snack,,,
berry,2709276,"Bluberries, canned",Survey (FNDDS),Blueberries and other berries,100,g,88.0,1.04,0.4,22.66,2.6,17.45,3.0,low_calorie,meal,,,
berry,2708040,"Strudel, berry",Survey (FNDDS),Cakes and pies,100,g,291.0,2.43,14.24,39.23,2.7,21.7,131.0,,meal,,,
berry,2709280,Cranberry sauce,Survey (FNDDS),Blueberries and other berries,100,g,159.0,0.9,0.15,40.4,1.1,31.75,5.0,,meal,,,
berry,172982,"Cereals ready-to-eat, MALT-O-MEAL, BERRY COLOSSAL CRUNCH",SR Legacy,Breakfast Cereals,100,g,396.0,4.19,4.17,86.6,1.8,41.7,633.0,,breakfast,,,
berry,173013,"Cereals ready-to-eat, QUAKER, Cap'n Crunch's OOPS! All Berries Cereal",SR Legacy,Breakfast Cereals,100,g,395.0,4.6,3.99,87.1,2.6,44.2,637.0,,breakfast,,,
bread,2707790,"Bread, soy",Survey (FNDDS),Yeast breads,100,g,267.0,16.4,3.84,41.95,4.4,6.01,589.0,high_protein,meal,wheat|soy,,
bread,2707777,"Bread, multigrain",Survey (FNDDS),Yeast breads,100,g,265.0,13.36,4.23,43.34,7.4,6.39,360.0,high_fiber,meal,wheat,,
bread,2707765,"Bread, black, toasted",Survey (FNDDS),Yeast breads,100,g,275.0,9.56,3.41,52.2,7.1,0.58,655.0,high_fiber,meal,wheat,,
bread,2707613,"Bread, naan",Survey (FNDDS),Yeast breads,100,g,311.0,11.09,7.28,50.23,5.2,3.7,508.0,high_fiber,meal,wheat,,
bread,2707713,"Bread, chappatti or roti",Survey (FNDDS),Yeast breads,100,g,299.0,7.85,9.2,46.13,9.7,2.93,298.0,high_fiber,meal,wheat,,
bread,2707764,"Bread, black",Survey (FNDDS),Yeast breads,100,g,250.0,8.7,3.1,47.5,6.5,0.53,596.0,high_fiber,meal,wheat,,
bread,174918,"Bread, pumpernickel",SR Legacy,Baked Products,100,g,250.0,8.7,3.1,47.5,6.5,0.53,596.0,high_fiber,meal,wheat,,
bread,2707760,"Bread, pumpernickel",Survey (FNDDS),Yeast breads,100,g,250.0,8.7,3.1,47.5,6.5,0.53,596.0,high_fiber,meal,wheat,,
bread,2707789,"Bread, barley, toasted",Survey (FNDDS),Yeast breads,100,g,301.0,11.72,4.98,52.24,4.4,6.3,495.0,,meal,wheat,,
bread,2707792,"Bread, sunflower meal",Survey (FNDDS),Yeast breads,100,g,306.0,11.16,8.23,47.98,2.7,3.1,512.0,,meal,wheat,,
bread,2707619,"Bread, cheese, toasted",Survey (FNDDS),Yeast breads,100,g,448.0,11.45,22.89,49.26,2.3,2.29,824.0,,meal,milk|wheat,,
bread,2707756,"Bread, rye, toasted",Survey (FNDDS),Yeast breads,100,g,285.0,9.34,3.63,53.08,6.4,4.23,626.0,high_fiber,meal,wheat,,
bread,2707847,"Bread, Boston Brown",Survey (FNDDS),"Biscuits, muffins, quick breads",100,g,274.0,10.67,4.53,47.54,4.0,5.73,450.0,,meal,wheat,,
bread,2707788,"Bread, barley",Survey (FNDDS),Yeast breads,100,g,274.0,10.67,4.53,47.54,4.0,5.73,450.0,,meal,wheat,,
bread,172686,"Bread, wheat",SR Legacy,Baked Products,100,g,274.0,10.7,4.53,47.5,4.0,5.73,473.0,,meal,wheat,,
bread,2707618,"Bread, cheese",Survey (FNDDS),Yeast breads,100,g,408.0,10.42,20.83,44.83,2.1,2.08,750.0,,meal,milk|wheat,,
bread,167944,"Bread, cheese",SR Legacy,Baked Products,100,g,408.0,10.4,20.8,44.8,2.1,2.08,750.0,,meal,milk|wheat,,
bread,172673,"Bread, egg",SR Legacy,Baked Products,100,g,287.0,9.5,6.0,47.8,2.3,1.78,380.0,,breakfast,egg|wheat,,
bread,2707651,"Bread, vegetable, toasted",Survey (FNDDS),Yeast breads,100,g,284.0,10.62,3.58,52.72,2.0,3.9,584.0,plant_forward,meal,wheat,,
bread,2707604,"Bread, Cuban",Survey (FNDDS),Yeast breads,100,g,272.0,10.75,2.42,51.88,2.2,4.62,602.0,,meal,wheat,,
bread,2707755,"Bread, rye",Survey (FNDDS),Yeast breads,100,g,259.0,8.5,3.3,48.3,5.8,3.85,570.0,high_fiber,meal,wheat,,
bread,172684,"Bread, rye",SR Legacy,Baked Products,100,g,259.0,8.5,3.3,48.3,5.8,3.85,603.0,high_fiber,meal,wheat,,
bread,2707616,"Bread, pita",Survey (FNDDS),Yeast breads,100,g,275.0,9.1,1.2,55.7,2.2,1.3,536.0,,meal,wheat,,
bread,2707715,"Bread, paratha",Survey (FNDDS),Yeast breads,100,g,326.0,6.36,13.2,45.35,9.6,4.15,452.0,high_fiber,meal,wheat,,
bread,2707599,"Bread, white, toasted",Survey (FNDDS),Yeast breads,100,g,293.0,10.36,3.94,54.07,2.5,5.87,495.0,,meal,wheat,,
bread,2707650,"Bread, vegetable",Survey (FNDDS),Yeast breads,100,g,259.0,9.67,3.26,47.98,1.8,3.54,532.0,plant_forward,meal,wheat,,
bread,2707714,"Bread, puri",Survey (FNDDS),Yeast breads,100,g,409.0,6.84,24.94,39.23,3.5,0.18,170.0,,meal,wheat,,
bread,2707598,"Bread, white",Survey (FNDDS),Yeast breads,100,g,267.0,9.43,3.59,49.2,2.3,5.34,450.0,,meal,wheat,,
bread,174913,"Bread, Italian",SR Legacy,Baked Products,100,g,259.0,9.49,2.73,48.1,2.1,4.69,618.0,,meal,wheat,,
bread,2707633,"Bread, onion",Survey (FNDDS),Yeast breads,100,g,238.0,8.81,2.95,44.32,1.7,3.33,482.0,,meal,wheat,,
bread,172678,"Bread, oatmeal",SR Legacy,Baked Products,100,g,269.0,8.4,4.4,48.5,4.0,8.14,447.0,,breakfast,wheat,,
bread,2707768,"Bread, oatmeal",Survey (FNDDS),Yeast breads,100,g,269.0,8.4,4.4,48.5,4.0,8.14,447.0,,breakfast,wheat,,
bread,167935,"Bread, pan dulce, sweet yeast bread",SR Legacy,Baked Products,100,g,367.0,9.42,11.6,56.4,2.3,12.5,228.0,,meal,wheat,,
bread,2707644,"Bread, raisin",Survey (FNDDS),Yeast breads,100,g,270.0,8.82,3.26,52.21,2.5,11.32,408.0,,meal,wheat,,
bread,2707794,"Bread, rice",Survey (FNDDS),Yeast breads,100,g,248.0,4.31,5.24,45.78,4.3,3.53,447.0,,meal,wheat,,
bread,171849,"Bread, cinnamon",SR Legacy,Baked Products,100,g,253.0,7.05,5.29,44.4,3.5,14.1,388.0,,meal,wheat,,
bread,2707620,"Bread, cinnamon",Survey (FNDDS),Yeast breads,100,g,253.0,7.05,5.29,44.38,3.5,14.11,388.0,,meal,wheat,,
bread,2707622,"Bread, cornmeal and molasses",Survey (FNDDS),Yeast breads,100,g,285.0,7.91,3.82,55.25,1.6,14.95,314.0,,meal,wheat,,
bread,2707687,Bread stuffing,Survey (FNDDS),Turnovers and other grain-based items,100,g,177.0,3.14,8.51,21.71,0.9,2.35,471.0,,meal,wheat,,
bread,2707848,"Bread, nut",Survey (FNDDS),"Biscuits, muffins, quick breads",100,g,403.0,6.59,20.1,49.66,1.2,26.01,336.0,plant_forward,snack,wheat,,
bread,2707849,"Bread, pumpkin",Survey (FNDDS),"Biscuits, muffins, quick breads",100,g,305.0,4.97,12.93,43.21,1.4,22.59,285.0,,meal,wheat,,
bread,2707850,"Bread, fruit",Survey (FNDDS),"Biscuits, muffins, quick breads",100,g,374.0,6.01,18.1,47.34,1.2,25.24,302.0,plant_forward,snack,wheat,,
bread,2707851,"Bread, zucchini",Survey (FNDDS),"Biscuits, muffins, quick breads",100,g,306.0,5.05,13.14,42.64,0.9,22.72,290.0,,meal,wheat,,
broccoli,2706729,"Beef and vegetables excluding carrots, broccoli, and dark-green leafy; no potatoes, no sauce",Survey (FNDDS),Meat mixed dishes,100,g,121.0,10.03,7.09,5.16,1.1,0.99,324.0,plant_forward,meal,,medium,bông cải xanh
broccoli,2706753,"Beef and vegetables excluding carrots, broccoli, and dark-green leafy; no potatoes, gravy",Survey (FNDDS),Meat mixed dishes,100,g,122.0,8.11,7.34,6.47,0.9,0.91,312.0,plant_forward,meal,,medium,bông cải xanh
broccoli,170382,"Broccoli raab, cooked",SR Legacy,Vegetables and Vegetable Products,100,g,25.0,3.83,0.52,3.12,2.8,0.62,56.0,low_calorie|plant_forward,meal,,medium,bông cải xanh
broccoli,2709655,Broccoli casserole with rice,Survey (FNDDS),Vegetable dishes,100,g,107.0,4.14,3.6,15.06,1.9,1.2,188.0,low_calorie|plant_forward,meal,,medium,bông cải xanh
broccoli,170381,"Broccoli raab, raw",SR Legacy,Vegetables and Vegetable Products,100,g,22.0,3.17,0.49,2.85,2.7,0.38,33.0,low_calorie|plant_forward,meal,,medium,bông cải xanh
broccoli,2709572,"Broccoli raab, raw",Survey (FNDDS),Broccoli,100,g,22.0,3.17,0.49,2.85,2.7,0.38,33.0,low_calorie,meal,,medium,bông cải xanh
broccoli,2709573,"Broccoli raab, cooked",Survey (FNDDS),Broccoli,100,g,46.0,3.2,3.15,2.88,2.7,0.39,159.0,low_calorie,meal,,medium,bông cải xanh
broccoli,2709659,"Soup, broccoli cheese",Survey (FNDDS),"Soups, cream-based",100,g,82.0,4.26,4.54,6.08,1.3,1.03,329.0,low_calorie,meal,milk,medium,bông cải xanh
broccoli,169969,"Broccoli, frozen, chopped, cooked, boiled, drained, without salt",SR Legacy,Vegetables and Vegetable Products,100,g,28.0,3.1,0.12,5.35,3.0,1.47,11.0,low_calorie|plant_forward,meal,,medium,bông cải xanh
broccoli,170380,"Broccoli, frozen, spears, cooked, boiled, drained, without salt",SR Legacy,Vegetables and Vegetable Products,100,g,28.0,3.1,0.11,5.36,3.0,1.47,24.0,low_calorie|plant_forward,meal,,medium,bông cải xanh
broccoli,2709646,"Broccoli, frozen, cooked, no added fat",Survey (FNDDS),Broccoli,100,g,28.0,3.09,0.12,5.33,3.0,1.47,127.0,low_calorie,meal,,medium,bông cải xanh
broccoli,169968,"Broccoli, frozen, chopped, unprepared",SR Legacy,Vegetables and Vegetable Products,100,g,26.0,2.81,0.29,4.78,3.0,1.35,24.0,low_calorie|plant_forward,meal,,medium,bông cải xanh
broccoli,2709652,"Broccoli, frozen, cooked with oil",Survey (FNDDS),Broccoli,100,g,53.0,3.0,3.02,5.18,2.9,1.42,123.0,low_calorie,meal,,medium,bông cải xanh
broccoli,2709654,Broccoli casserole with noodles,Survey (FNDDS),Vegetable dishes,100,g,112.0,3.55,3.77,15.86,1.9,1.34,186.0,low_calorie|plant_forward,meal,wheat,medium,bông cải xanh
broccoli,2709649,"Broccoli, frozen, cooked, fat added, NS as to fat type",Survey (FNDDS),Broccoli,100,g,50.0,3.01,2.66,5.18,2.9,1.43,132.0,low_calorie,meal,,medium,bông cải xanh
broccoli,2709653,"Broccoli, frozen, cooked with butter or margarine",Survey (FNDDS),Broccoli,100,g,47.0,3.02,2.3,5.19,2.9,1.43,140.0,low_calorie,meal,,medium,bông cải xanh
broccoli,168512,"Broccoli, frozen, spears, cooked, boiled, drained, with salt",SR Legacy,Vegetables and Vegetable Products,100,g,28.0,3.1,0.11,5.35,3.0,1.44,260.0,low_calorie|plant_forward,meal,,medium,bông cải xanh
broccoli,168511,"Broccoli, frozen, chopped, cooked, boiled, drained, with salt",SR Legacy,Vegetables and Vegetable Products,100,g,28.0,3.1,0.12,5.35,3.0,1.47,260.0,low_calorie|plant_forward,meal,,medium,bông cải xanh
broccoli,2709812,"Broccoli salad with cauliflower, cheese, bacon bits, and dressing",Survey (FNDDS),"Coleslaw, non-lettuce salads",100,g,270.0,5.83,22.82,10.38,1.6,6.43,340.0,,meal,milk,medium,bông cải xanh
broccoli,169330,"Broccoli, flower clusters, raw",SR Legacy,Vegetables and Vegetable Products,100,g,28.0,2.98,0.35,5.06,2.3,1.48,27.0,low_calorie|plant_forward,meal,,medium,bông cải xanh
broccoli,169329,"Broccoli, leaves, raw",SR Legacy,Vegetables and Vegetable Products,100,g,28.0,2.98,0.35,5.06,2.3,1.48,27.0,low_calorie|plant_forward,meal,,medium,bông cải xanh
broccoli,169967,"Broccoli, cooked, boiled, drained, without salt",SR Legacy,Vegetables and Vegetable Products,100,g,35.0,2.38,0.41,7.18,3.3,1.39,41.0,low_calorie|plant_forward,meal,,medium,bông cải xanh
broccoli,170379,"Broccoli, raw",SR Legacy,Vegetables and Vegetable Products,100,g,34.0,2.82,0.37,6.64,2.6,1.7,33.0,low_calorie|plant_forward,meal,,medium,bông cải xanh
broccoli,2710792,"Broccoli, cooked, as ingredient",Survey (FNDDS),Not included in a food category,100,g,41.0,2.68,0.35,6.53,2.5,1.46,38.0,low_calorie,meal,,medium,bông cải xanh
broccoli,2709643,"Broccoli, raw",Survey (FNDDS),Broccoli,100,g,39.0,2.57,0.34,6.27,2.4,1.4,36.0,low_calorie,meal,,medium,bông cải xanh
broccoli,2709645,"Broccoli, fresh, cooked, no added fat",Survey (FNDDS),Broccoli,100,g,41.0,2.67,0.35,6.51,2.5,1.45,158.0,low_calorie,meal,,medium,bông cải xanh
broccoli,168510,"Broccoli, cooked, boiled, drained, with salt",SR Legacy,Vegetables and Vegetable Products,100,g,35.0,2.38,0.41,7.18,3.3,1.39,262.0,low_calorie|plant_forward,meal,,medium,bông cải xanh
broccoli,2710031,"Broccoli and cauliflower, cooked, no added fat",Survey (FNDDS),Other vegetables and combinations,100,g,23.0,2.35,0.17,4.54,2.8,1.26,130.0,low_calorie|plant_forward,meal,,medium,bông cải xanh
broccoli,2709650,"Broccoli, fresh, cooked with oil",Survey (FNDDS),Broccoli,100,g,67.0,2.59,3.37,6.32,2.4,1.41,153.0,low_calorie,meal,,medium,bông cải xanh
broccoli,2710032,"Broccoli and cauliflower, cooked, fat added",Survey (FNDDS),Other vegetables and combinations,100,g,46.0,2.29,2.71,4.41,2.8,1.23,135.0,low_calorie|plant_forward,meal,,medium,bông cải xanh
broccoli,2709647,"Broccoli, NS as to form, cooked",Survey (FNDDS),Broccoli,100,g,63.0,2.6,3.0,6.33,2.4,1.42,162.0,low_calorie,meal,,medium,bông cải xanh
broccoli,2709648,"Broccoli, fresh, cooked, fat added, NS as to fat type",Survey (FNDDS),Broccoli,100,g,63.0,2.6,3.0,6.33,2.4,1.42,162.0,low_calorie,meal,,medium,bông cải xanh
broccoli,2709651,"Broccoli, fresh, cooked with butter or margarine",Survey (FNDDS),Broccoli,100,g,60.0,2.61,2.62,6.33,2.4,1.42,171.0,low_calorie,meal,,medium,bông cải xanh
broccoli,169331,"Broccoli, stalks, raw",SR Legacy,Vegetables and Vegetable Products,100,g,28.0,2.98,0.35,5.24,,,27.0,low_calorie|plant_forward,meal,,medium,bông cải xanh
broccoli,2710033,"Broccoli, cauliflower and carrots, cooked, no added fat",Survey (FNDDS),Other vegetables and combinations,100,g,28.0,1.76,0.34,5.59,3.0,2.19,146.0,low_calorie|plant_forward,meal,,medium,bông cải xanh
broccoli,2709657,"Broccoli, chinese, raw",Survey (FNDDS),Broccoli,100,g,26.0,1.2,0.76,4.67,2.6,0.88,7.0,low_calorie,meal,,medium,bông cải xanh
broccoli,169404,"Broccoli, chinese, raw",SR Legacy,Vegetables and Vegetable Products,100,g,26.0,1.2,0.76,4.67,2.6,0.88,7.0,low_calorie|plant_forward,meal,,medium,bông cải xanh
broccoli,2710034,"Broccoli, cauliflower and carrots, cooked, fat added",Survey (FNDDS),Other vegetables and combinations,100,g,50.0,1.72,2.9,5.43,2.9,2.13,151.0,low_calorie|plant_forward,meal,,medium,bông cải xanh
broccoli,169392,"Broccoli, chinese, cooked",SR Legacy,Vegetables and Vegetable Products,100,g,22.0,1.14,0.72,3.81,2.5,0.84,7.0,low_calorie|plant_forward,meal,,medium,bông cải xanh
broccoli,2709658,"Broccoli, Chinese, cooked",Survey (FNDDS),Broccoli,100,g,50.0,1.22,3.42,4.72,2.6,0.89,133.0,low_calorie,meal,,medium,bông cải xanh
broccoli,747447,"Broccoli, raw",Foundation,Vegetables and Vegetable Products,100,g,31.0,2.57,0.34,3.8,0.0,1.4,36.0,low_calorie|plant_forward,meal,,medium,bông cải xanh
broccoli,171178,"Soup, broccoli cheese, canned, condensed, commercial",SR Legacy,"Soups, Sauces, and Gravies",100,g,87.0,2.1,5.3,7.7,1.8,2.12,661.0,low_calorie,meal,milk,medium,bông cải xanh
broccoli,2709813,Broccoli slaw salad,Survey (FNDDS),"Coleslaw, non-lettuce salads",100,g,123.0,1.97,8.11,10.41,1.9,6.32,295.0,,meal,,medium,bông cải xanh
brown rice,169713,"Rice bran, crude",SR Legacy,Cereal Grains and Pasta,100,g,316.0,13.4,20.8,49.7,21.0,0.9,5.0,high_fiber,breakfast,wheat,low,gạo lứt
brown rice,169703,"Rice, brown, long-grain, raw (Includes foods for USDA's Food Distribution Program)",SR Legacy,Cereal Grains and Pasta,100,g,367.0,7.54,3.2,76.2,3.6,0.66,5.0,,breakfast,wheat,low,gạo lứt
brown rice,169726,"Wild rice, raw",SR Legacy,Cereal Grains and Pasta,100,g,357.0,14.7,1.08,74.9,6.2,2.5,7.0,high_fiber,breakfast,wheat,low,gạo lứt
brown rice,2710821,"Wild rice, dry, raw",Foundation,Cereal Grains and Pasta,100,g,359.0,12.8,1.7,75.7,4.26,,1.01,,breakfast,wheat,low,gạo lứt
brown rice,169704,"Rice, brown, long-grain, cooked (Includes foods for USDA's Food Distribution Program)",SR Legacy,Cereal Grains and Pasta,100,g,123.0,2.74,0.97,25.6,1.6,0.24,4.0,,breakfast,wheat,low,gạo lứt
brown rice,2708409,"Rice, brown, cooked, NS as to fat",Survey (FNDDS),Rice,100,g,123.0,2.44,1.11,25.76,1.0,0.22,201.0,,meal,,low,gạo lứt
brown rice,2708414,"Rice, brown, cooked, no added fat",Survey (FNDDS),Rice,100,g,123.0,2.43,1.11,25.76,1.0,0.22,201.0,,meal,,low,gạo lứt
brown rice,2708410,"Rice, brown, cooked, fat added, made with oil",Survey (FNDDS),Rice,100,g,141.0,2.38,3.41,25.16,1.0,0.22,196.0,,meal,,low,gạo lứt
brown rice,2708411,"Rice, brown, cooked, made with butter",Survey (FNDDS),Rice,100,g,137.0,2.4,3.0,25.16,1.0,0.23,209.0,,meal,,low,gạo lứt
brown rice,2708413,"Rice, brown, cooked, fat added, NS as to fat type",Survey (FNDDS),Rice,100,g,138.0,2.38,3.12,25.16,1.0,0.22,203.0,,meal,,low,gạo lứt
brown rice,2708412,"Rice, brown, cooked, made with margarine",Survey (FNDDS),Rice,100,g,134.0,2.38,2.6,25.18,1.0,0.22,213.0,,meal,,low,gạo lứt
brown rice,2710838,"Rice, red, unenriched, dry, raw",Foundation,Cereal Grains and Pasta,100,g,360.0,8.56,3.44,76.2,4.2,,0.438,,breakfast,wheat,low,gạo lứt
brown rice,2710825,"Rice, black, unenriched, raw",Foundation,Cereal Grains and Pasta,100,g,361.0,7.57,3.44,77.2,4.18,,0.0,,breakfast,wheat,low,gạo lứt
brown rice,168898,"Rice flour, brown",SR Legacy,Cereal Grains and Pasta,100,g,363.0,7.23,2.78,76.5,4.6,0.66,8.0,,breakfast,wheat,low,gạo lứt
brown rice,169706,"Rice, brown, medium-grain, raw (Includes foods for USDA's Food Distribution Program)",SR Legacy,Cereal Grains and Pasta,100,g,362.0,7.5,2.68,76.2,3.4,,4.0,,breakfast,wheat,low,gạo lứt
brown rice,168876,"Rice, brown, parboiled, dry, UNCLE BEN'S",SR Legacy,Cereal Grains and Pasta,100,g,370.0,7.6,2.75,78.7,3.5,0.5,6.0,,breakfast,wheat,low,gạo lứt
brown rice,2512380,"Rice, brown, long grain, unenriched, raw",Foundation,Cereal Grains and Pasta,100,g,368.0,7.25,3.31,76.7,3.02,,0.0,,breakfast,wheat,low,gạo lứt
brown rice,168883,"Rice, white, glutinous, unenriched, uncooked",SR Legacy,Cereal Grains and Pasta,100,g,370.0,6.81,0.55,81.7,2.8,,7.0,,breakfast,wheat,low,gạo lứt
brown rice,2710789,"Rice, brown, cooked, as ingredient",Survey (FNDDS),Not included in a food category,100,g,124.0,2.45,1.12,25.89,1.0,0.22,3.0,,meal,,low,gạo lứt
brown rice,168879,"Rice, white, medium-grain, raw, enriched",SR Legacy,Cereal Grains and Pasta,100,g,360.0,6.61,0.58,79.3,1.4,,1.0,,breakfast,wheat,low,gạo lứt
brown rice,1104812,"Flour, rice, brown",Foundation,Cereal Grains and Pasta,100,g,365.0,7.19,3.85,75.5,,,1.0,,breakfast,wheat,low,gạo lứt
brown rice,2512381,"Rice, white, long grain, unenriched, raw",Foundation,Cereal Grains and Pasta,100,g,370.0,7.04,1.03,80.3,0.149,,0.462,,breakfast,wheat,low,gạo lứt
brown rice,1104867,"Flour, rice, glutinous",Foundation,Cereal Grains and Pasta,100,g,358.0,6.69,1.16,80.1,,,6.0,,breakfast,wheat,low,gạo lứt
brown rice,169742,"Rice noodles, dry",SR Legacy,Cereal Grains and Pasta,100,g,364.0,5.95,0.56,80.2,1.6,0.12,182.0,,breakfast,wheat,low,gạo lứt
brown rice,173264,"Pasta, gluten-free, rice flour and rice bran extract, cooked, DE BOLES",SR Legacy,Cereal Grains and Pasta,100,g,200.0,4.21,1.7,40.8,1.9,0.0,4.0,,breakfast,wheat,low,gạo lứt
brown rice,168897,"Wild rice, cooked",SR Legacy,Cereal Grains and Pasta,100,g,101.0,3.99,0.34,21.3,1.8,0.73,3.0,low_calorie,breakfast,wheat,low,gạo lứt
brown rice,172026,"Pasta, gluten-free, brown rice flour, cooked, TINKYADA",SR Legacy,Cereal Grains and Pasta,100,g,138.0,3.46,1.67,32.2,1.7,0.0,4.0,,breakfast,wheat,low,gạo lứt
brown rice,2708424,"Rice, wild, 100%, cooked, no added fat",Survey (FNDDS),Rice,100,g,100.0,3.97,0.34,21.21,1.8,0.73,238.0,low_calorie,meal,,low,gạo lứt
brown rice,2708423,"Rice, wild, 100%, cooked, NS as to fat",Survey (FNDDS),Rice,100,g,122.0,3.86,3.08,20.63,1.7,0.71,231.0,,meal,,low,gạo lứt
brown rice,2708425,"Rice, wild, 100%, cooked, fat added",Survey (FNDDS),Rice,100,g,122.0,3.86,3.08,20.63,1.7,0.71,231.0,,meal,,low,gạo lứt
brown rice,173263,"Rice, brown, parboiled, cooked, UNCLE BENS",SR Legacy,Cereal Grains and Pasta,100,g,147.0,3.09,0.85,31.3,1.7,0.15,4.0,,breakfast,wheat,low,gạo lứt
brown rice,2708427,"Rice, brown and wild, cooked, no added fat",Survey (FNDDS),Rice,100,g,120.0,2.89,0.88,24.9,1.6,0.3,206.0,low_calorie,meal,,low,gạo lứt
brown rice,2708430,"Rice, brown and wild, cooked, fat added",Survey (FNDDS),Rice,100,g,138.0,2.82,3.24,24.31,1.6,0.3,202.0,,meal,,low,gạo lứt
brown rice,168875,"Rice, brown, medium-grain, cooked (Includes foods for USDA's Food Distribution Program)",SR Legacy,Cereal Grains and Pasta,100,g,112.0,2.32,0.83,23.5,1.8,,1.0,low_calorie,breakfast,wheat,low,gạo lứt
brown rice,2708416,"Rice, cooked, with milk",Survey (FNDDS),Rice,100,g,144.0,5.13,2.31,25.01,0.3,4.91,357.0,,meal,milk,low,gạo lứt
brown rice,2708402,"Rice, cooked, NFS",Survey (FNDDS),Rice,100,g,129.0,2.67,0.28,27.99,0.4,0.05,245.0,,meal,,low,gạo lứt
brown rice,168914,"Rice noodles, cooked",SR Legacy,Cereal Grains and Pasta,100,g,108.0,1.79,0.2,24.0,1.0,0.03,19.0,low_calorie,breakfast,wheat,low,gạo lứt
brown rice,2708422,"Rice, white, cooked, glutinous",Survey (FNDDS),Rice,100,g,96.0,2.01,0.19,20.97,1.0,0.05,227.0,low_calorie,meal,,low,gạo lứt
brown rice,2708431,"Rice, brown and wild, cooked, NS as to fat",Survey (FNDDS),Rice,100,g,112.0,2.2,2.72,19.9,0.9,0.25,509.0,low_calorie,meal,,low,gạo lứt
brown rice,2708419,"Yellow rice, cooked, NS as to fat",Survey (FNDDS),Rice,100,g,88.0,1.8,0.45,19.1,0.5,0.45,340.0,low_calorie,meal,,low,gạo lứt
brown rice,2708420,"Yellow rice, cooked, no added fat",Survey (FNDDS),Rice,100,g,88.0,1.8,0.45,19.1,0.5,0.45,340.0,low_calorie,meal,,low,gạo lứt
brown rice,2708421,"Yellow rice, cooked, fat added",Survey (FNDDS),Rice,100,g,103.0,1.76,2.43,18.7,0.4,0.44,351.0,low_calorie,meal,,low,gạo lứt
brown rice,2708417,"Rice, sweet, cooked with honey",Survey (FNDDS),Rice,100,g,139.0,2.52,0.26,31.12,0.4,4.89,344.0,,meal,,low,gạo lứt
cabbage,2706755,Cabbage with ham hocks,Survey (FNDDS),Meat mixed dishes,100,g,75.0,7.75,2.58,4.9,1.7,2.69,344.0,low_calorie,meal,,,
cabbage,170389,"Cabbage, savoy, cooked, boiled, drained, without salt",SR Legacy,Vegetables and Vegetable Products,100,g,24.0,1.8,0.09,5.41,2.8,,24.0,low_calorie|plant_forward,meal,,,
cabbage,168516,"Cabbage, savoy, cooked, boiled, drained, with salt",SR Legacy,Vegetables and Vegetable Products,100,g,24.0,1.8,0.09,5.41,2.8,,260.0,low_calorie|plant_forward,meal,,,
cabbage,170388,"Cabbage, savoy, raw",SR Legacy,Vegetables and Vegetable Products,100,g,27.0,2.0,0.1,6.1,3.1,2.27,28.0,low_calorie|plant_forward,meal,,,
cabbage,2709894,"Cabbage, savoy, cooked",Survey (FNDDS),Cabbage,100,g,51.0,2.02,2.75,6.16,3.1,2.29,154.0,low_calorie,meal,,,
cabbage,169980,"Cabbage, chinese (pe-tsai), cooked, boiled, drained, without salt",SR Legacy,Vegetables and Vegetable Products,100,g,14.0,1.5,0.17,2.41,1.7,,9.0,low_calorie|plant_forward,meal,,,
cabbage,169335,"Cabbage, common (danish, domestic, and pointed types), freshly harvest, raw",SR Legacy,Vegetables and Vegetable Products,100,g,24.0,1.21,0.18,5.37,2.3,,18.0,low_calorie|plant_forward,meal,,,
cabbage,169336,"Cabbage, common (danish, domestic, and pointed types), stored, raw",SR Legacy,Vegetables and Vegetable Products,100,g,24.0,1.21,0.18,5.37,2.3,,18.0,low_calorie|plant_forward,meal,,,
cabbage,169890,"Cabbage, japanese style, fresh, pickled",SR Legacy,Vegetables and Vegetable Products,100,g,30.0,1.6,0.1,5.67,3.1,1.3,277.0,low_calorie|plant_forward,meal,,,
cabbage,169337,"Cabbage, chinese (pe-tsai), cooked, boiled, drained, with salt",SR Legacy,Vegetables and Vegetable Products,100,g,14.0,1.5,0.17,2.41,1.7,,245.0,low_calorie|plant_forward,meal,,,
cabbage,170391,"Cabbage, chinese (pak-choi), cooked, boiled, drained, without salt",SR Legacy,Vegetables and Vegetable Products,100,g,12.0,1.56,0.16,1.78,1.0,0.83,34.0,low_calorie|plant_forward,meal,,,
cabbage,2685572,"Cabbage, bok choy, raw",Foundation,Vegetables and Vegetable Products,100,g,17.0,1.02,0.234,3.51,1.26,,14.3,low_calorie|plant_forward,meal,,,
cabbage,169978,"Cabbage, red, cooked, boiled, drained, without salt",SR Legacy,Vegetables and Vegetable Products,100,g,29.0,1.51,0.09,6.94,2.6,3.32,28.0,low_calorie|plant_forward,meal,,,
cabbage,2709774,"Cabbage, Chinese, raw",Survey (FNDDS),Cabbage,100,g,13.0,1.5,0.2,2.18,1.0,1.18,65.0,low_calorie,meal,,,
cabbage,170390,"Cabbage, chinese (pak-choi), raw",SR Legacy,Vegetables and Vegetable Products,100,g,13.0,1.5,0.2,2.18,1.0,1.18,65.0,low_calorie|plant_forward,meal,,,
cabbage,168517,"Cabbage, chinese (pak-choi), cooked, boiled, drained, with salt",SR Legacy,Vegetables and Vegetable Products,100,g,12.0,1.56,0.16,1.78,1.0,0.83,270.0,low_calorie|plant_forward,meal,,,
cabbage,2709887,"Cabbage, Chinese, cooked, no added fat",Survey (FNDDS),Cabbage,100,g,14.0,1.56,0.21,2.26,1.0,1.23,188.0,low_calorie,meal,,,
cabbage,2709888,"Cabbage, Chinese, cooked, fat added",Survey (FNDDS),Cabbage,100,g,37.0,1.52,2.85,2.2,1.0,1.2,192.0,low_calorie,meal,,,
cabbage,169975,"Cabbage, raw",SR Legacy,Vegetables and Vegetable Products,100,g,25.0,1.28,0.1,5.8,2.5,3.2,18.0,low_calorie|plant_forward,meal,,,
cabbage,2346408,"Cabbage, red, raw",Foundation,Vegetables and Vegetable Products,100,g,29.9,1.24,0.214,6.79,,,11.7,low_calorie|plant_forward,meal,,,
cabbage,169979,"Cabbage, chinese (pe-tsai), raw",SR Legacy,Vegetables and Vegetable Products,100,g,16.0,1.2,0.2,3.23,1.2,1.41,9.0,low_calorie|plant_forward,meal,,,
cabbage,168515,"Cabbage, red, cooked, boiled, drained, with salt",SR Legacy,Vegetables and Vegetable Products,100,g,29.0,1.51,0.09,6.94,2.6,3.32,244.0,low_calorie|plant_forward,meal,,,
cabbage,169891,"Cabbage, mustard, salted",SR Legacy,Vegetables and Vegetable Products,100,g,28.0,1.1,0.1,5.63,3.1,1.4,717.0,low_calorie|plant_forward,meal,,,
cabbage,169976,"Cabbage, cooked, boiled, drained, without salt",SR Legacy,Vegetables and Vegetable Products,100,g,23.0,1.27,0.06,5.51,1.9,2.79,8.0,low_calorie|plant_forward,meal,,,
cabbage,168572,"Cabbage, napa, cooked",SR Legacy,Vegetables and Vegetable Products,100,g,12.0,1.1,0.17,2.23,,,11.0,low_calorie|plant_forward,meal,,,
cabbage,2710800,"Cabbage, cooked, as ingredient",Survey (FNDDS),Not included in a food category,100,g,32.0,1.0,0.24,6.65,2.6,3.33,17.0,low_calorie,meal,,,
cabbage,2346407,"Cabbage, green, raw",Foundation,Vegetables and Vegetable Products,100,g,27.9,0.961,0.228,6.38,,,16.1,low_calorie|plant_forward,meal,,,
cabbage,169977,"Cabbage, red, raw",SR Legacy,Vegetables and Vegetable Products,100,g,31.0,1.43,0.16,7.37,2.1,3.83,27.0,low_calorie|plant_forward,meal,,,
cabbage,2709773,"Cabbage, green, raw",Survey (FNDDS),Cabbage,100,g,31.0,0.96,0.23,6.38,2.5,3.2,16.0,low_calorie,meal,,,
cabbage,170392,"Cabbage, kimchi",SR Legacy,Vegetables and Vegetable Products,100,g,15.0,1.1,0.5,2.4,1.6,1.06,498.0,low_calorie|plant_forward,meal,,,
cabbage,2709889,"Cabbage, green, cooked, no added fat",Survey (FNDDS),Cabbage,100,g,32.0,1.0,0.24,6.63,2.6,3.32,137.0,low_calorie,meal,,,
cabbage,168514,"Cabbage, common, cooked, boiled, drained, with salt",SR Legacy,Vegetables and Vegetable Products,100,g,23.0,1.27,0.06,5.51,1.9,2.79,255.0,low_calorie|plant_forward,meal,,,
cabbage,2709891,"Cabbage, green, cooked with oil",Survey (FNDDS),Cabbage,100,g,58.0,0.97,3.26,6.43,2.5,3.23,133.0,low_calorie,meal,,,
cabbage,2709890,"Cabbage, green, cooked, fat added, NS as to fat type",Survey (FNDDS),Cabbage,100,g,55.0,0.98,2.88,6.44,2.5,3.23,142.0,low_calorie,meal,,,
cabbage,2709892,"Cabbage, green, cooked with butter or margarine",Survey (FNDDS),Cabbage,100,g,52.0,0.99,2.51,6.44,2.5,3.24,151.0,low_calorie,meal,,,
cabbage,2709775,"Cabbage, red, raw",Survey (FNDDS),Cabbage,100,g,34.0,1.24,0.21,6.79,2.1,3.83,12.0,low_calorie,meal,,,
cabbage,2709893,"Cabbage, red, cooked",Survey (FNDDS),Cabbage,100,g,58.0,1.26,2.86,6.85,2.1,3.87,138.0,low_calorie,meal,,,
cabbage,2710113,"Soup, vegetable",Survey (FNDDS),"Soups, broth-based",100,g,27.0,0.84,0.45,5.08,1.0,1.33,243.0,low_calorie|plant_forward,meal,,,
cabbage,2709816,"Cabbage salad, NFS",Survey (FNDDS),"Coleslaw, non-lettuce salads",100,g,45.0,0.79,0.8,8.93,2.4,5.0,269.0,low_calorie,meal,,,
cabbage,2710075,"Cabbage, green, pickled",Survey (FNDDS),"Olives, pickles, pickled vegetables",100,g,46.0,0.8,0.21,10.15,2.1,7.52,957.0,low_calorie|plant_forward,meal,,,
cabbage,2710076,"Cabbage, red, pickled",Survey (FNDDS),"Olives, pickles, pickled vegetables",100,g,49.0,1.03,0.19,10.49,1.7,8.05,954.0,low_calorie|plant_forward,meal,,,
carrot,170425,"Peas and carrots, frozen, unprepared",SR Legacy,Vegetables and Vegetable Products,100,g,53.0,3.4,0.47,11.2,3.4,,79.0,low_calorie|plant_forward,meal,,,cà rốt
carrot,170500,"Carrot, dehydrated",SR Legacy,Vegetables and Vegetable Products,100,g,341.0,8.1,1.49,79.6,23.6,38.8,275.0,high_fiber|plant_forward,meal,,,cà rốt
carrot,2709687,"Peas and carrots, cooked, NS as to form",Survey (FNDDS),Other vegetables and combinations,100,g,89.0,3.22,3.03,12.47,4.4,5.25,172.0,low_calorie|plant_forward,meal,,,cà rốt
carrot,2709686,"Peas and carrots, canned, cooked, no added fat",Survey (FNDDS),Other vegetables and combinations,100,g,46.0,2.56,0.5,8.45,3.2,2.74,258.0,low_calorie|plant_forward,meal,,,cà rốt
carrot,2709044,"Rice, brown, with carrots, no added fat",Survey (FNDDS),Rice mixed dishes,100,g,104.0,2.31,0.8,21.84,1.9,0.91,172.0,low_calorie,meal,,,cà rốt
carrot,2709043,"Rice, brown, with carrots, NS as to fat",Survey (FNDDS),Rice mixed dishes,100,g,119.0,2.27,2.63,21.43,1.9,0.9,168.0,low_calorie,meal,,,cà rốt
carrot,2709045,"Rice, brown, with carrots, fat added",Survey (FNDDS),Rice mixed dishes,100,g,119.0,2.27,2.63,21.43,1.9,0.9,168.0,low_calorie,meal,,,cà rốt
carrot,2709690,"Peas and carrots, canned, cooked, fat added",Survey (FNDDS),Other vegetables and combinations,100,g,68.0,2.49,3.03,8.21,3.1,2.66,259.0,low_calorie|plant_forward,meal,,,cà rốt
carrot,2258586,"Carrots, mature, raw",Foundation,Vegetables and Vegetable Products,100,g,45.0,0.941,0.351,10.3,3.1,,86.6,low_calorie|plant_forward,meal,,,cà rốt
carrot,2709003,"Rice, white, with carrots, no added fat",Survey (FNDDS),Rice mixed dishes,100,g,106.0,2.2,0.25,23.14,1.0,0.88,199.0,low_calorie,meal,,,cà rốt
carrot,2258587,"Carrots, baby, raw",Foundation,Vegetables and Vegetable Products,100,g,38.3,0.805,0.138,9.08,2.69,,62.7,low_calorie|plant_forward,meal,,,cà rốt
carrot,2709002,"Rice, white, with carrots, NS as to fat",Survey (FNDDS),Rice mixed dishes,100,g,123.0,2.16,2.42,22.64,1.0,0.86,195.0,,meal,,,cà rốt
carrot,2709004,"Rice, white, with carrots, fat added",Survey (FNDDS),Rice mixed dishes,100,g,123.0,2.16,2.42,22.64,1.0,0.86,195.0,,meal,,,cà rốt
carrot,170394,"Carrots, cooked, boiled, drained, without salt",SR Legacy,Vegetables and Vegetable Products,100,g,35.0,0.76,0.18,8.22,3.0,3.45,58.0,low_calorie|plant_forward,meal,,,cà rốt
carrot,2709665,"Carrots, frozen, cooked, no added fat",Survey (FNDDS),Carrots,100,g,39.0,0.81,0.47,7.9,3.2,4.19,182.0,low_calorie,meal,,,cà rốt
carrot,2710793,"Carrots, cooked, as ingredient",Survey (FNDDS),Not included in a food category,100,g,50.0,0.98,0.36,10.7,3.2,4.94,91.0,low_calorie,meal,,,cà rốt
carrot,169339,"Carrots, cooked, boiled, drained, with salt",SR Legacy,Vegetables and Vegetable Products,100,g,35.0,0.76,0.18,8.22,3.0,3.45,302.0,low_calorie|plant_forward,meal,,,cà rốt
carrot,2709673,"Carrots, frozen, cooked with oil",Survey (FNDDS),Carrots,100,g,64.0,0.78,3.36,7.67,3.1,4.07,176.0,low_calorie,meal,,,cà rốt
carrot,169340,"Carrots, canned, no salt added, solids and liquids",SR Legacy,Vegetables and Vegetable Products,100,g,23.0,0.59,0.14,5.36,1.8,2.46,34.0,low_calorie|plant_forward,meal,,,cà rốt
carrot,2709674,"Carrots, frozen, cooked with butter or margarine",Survey (FNDDS),Carrots,100,g,57.0,0.8,2.64,7.68,3.1,4.08,193.0,low_calorie,meal,,,cà rốt
carrot,2709680,"Carrots, canned, reduced sodium, cooked with oil",Survey (FNDDS),Carrots,100,g,49.0,0.57,3.05,5.2,1.7,2.39,33.0,low_calorie,meal,,,cà rốt
carrot,168518,"Carrots, canned, no salt added, drained solids",SR Legacy,Vegetables and Vegetable Products,100,g,25.0,0.64,0.19,5.54,1.5,2.48,42.0,low_calorie|plant_forward,meal,,,cà rốt
carrot,170393,"Carrots, raw",SR Legacy,Vegetables and Vegetable Products,100,g,41.0,0.93,0.24,9.58,2.8,4.74,69.0,low_calorie|plant_forward,meal,,,cà rốt
carrot,2709664,"Carrots, fresh, cooked, no added fat",Survey (FNDDS),Carrots,100,g,50.0,0.98,0.36,10.67,3.2,4.92,211.0,low_calorie,meal,,,cà rốt
carrot,2709660,"Carrots, raw",Survey (FNDDS),Carrots,100,g,44.0,0.87,0.24,9.68,2.9,4.75,75.0,low_calorie,meal,,,cà rốt
carrot,2709667,"Carrots, fresh, cooked with oil",Survey (FNDDS),Carrots,100,g,76.0,0.95,3.38,10.36,3.1,4.78,205.0,low_calorie,meal,,,cà rốt
carrot,2709669,"Carrots, NS as to form, cooked",Survey (FNDDS),Carrots,100,g,72.0,0.96,3.0,10.36,3.1,4.78,214.0,low_calorie,meal,,,cà rốt
carrot,2709668,"Carrots, fresh, cooked with butter or margarine",Survey (FNDDS),Carrots,100,g,69.0,0.96,2.63,10.37,3.1,4.79,223.0,low_calorie,meal,,,cà rốt
carrot,168519,"Carrots, frozen, cooked, boiled, drained, with salt",SR Legacy,Vegetables and Vegetable Products,100,g,37.0,0.58,0.68,7.73,3.3,4.08,295.0,low_calorie|plant_forward,meal,,,cà rốt
carrot,170395,"Carrots, canned, regular pack, solids and liquids",SR Legacy,Vegetables and Vegetable Products,100,g,23.0,0.58,0.14,5.37,1.8,2.46,240.0,low_calorie|plant_forward,meal,,,cà rốt
carrot,171184,"SMART SOUP, Vietnamese Carrot Lemongrass",SR Legacy,"Soups, Sauces, and Gravies",100,g,44.0,1.3,1.06,8.2,1.5,4.4,145.0,low_calorie,meal,,,cà rốt
carrot,2709675,"Carrots, canned, cooked with oil",Survey (FNDDS),Carrots,100,g,50.0,0.62,3.1,5.38,1.5,2.41,235.0,low_calorie,meal,,,cà rốt
carrot,2709676,"Carrots, canned, cooked with butter or margarine",Survey (FNDDS),Carrots,100,g,44.0,0.64,2.38,5.39,1.5,2.42,252.0,low_calorie,meal,,,cà rốt
carrot,168568,"Carrots, baby, raw",SR Legacy,Vegetables and Vegetable Products,100,g,35.0,0.64,0.13,8.24,2.9,4.76,78.0,low_calorie|plant_forward,meal,,,cà rốt
carrot,2709666,"Carrots, canned, cooked, no added fat",Survey (FNDDS),Carrots,100,g,25.0,0.64,0.19,5.54,1.5,2.48,242.0,low_calorie,meal,,,cà rốt
carrot,170396,"Carrots, canned, regular pack, drained solids",SR Legacy,Vegetables and Vegetable Products,100,g,25.0,0.64,0.19,5.54,1.5,2.48,242.0,low_calorie|plant_forward,meal,,,cà rốt
carrot,746764,"Carrots, frozen, unprepared",Foundation,Vegetables and Vegetable Products,100,g,37.0,0.81,0.47,7.79,1.4,4.2,66.0,low_calorie|plant_forward,meal,,,cà rốt
carrot,2709683,"Carrot juice, 100%",Survey (FNDDS),Vegetable juice,100,g,40.0,0.95,0.15,9.28,0.8,3.91,66.0,low_calorie|plant_forward,meal,,,cà rốt
carrot,170491,"Carrot juice, canned",SR Legacy,Vegetables and Vegetable Products,100,g,40.0,0.95,0.15,9.28,0.8,3.91,66.0,low_calorie|plant_forward,meal,,,cà rốt
carrot,2709661,"Carrots, raw, salad",Survey (FNDDS),"Coleslaw, non-lettuce salads",100,g,212.0,1.25,15.74,17.62,2.6,12.04,189.0,,meal,,,cà rốt
carrot,2709677,"Carrots, glazed, cooked",Survey (FNDDS),Carrots,100,g,97.0,0.9,2.78,17.32,2.9,12.14,214.0,low_calorie,meal,,,cà rốt
carrot,2707845,"Muffin, carrot",Survey (FNDDS),"Biscuits, muffins, quick breads",100,g,314.0,5.01,13.21,44.42,1.4,23.31,309.0,,meal,wheat,,cà rốt
carrot,2707859,"Cake or cupcake, carrot",Survey (FNDDS),Cakes and pies,100,g,374.0,2.49,17.52,51.8,1.1,38.49,288.0,,meal,,,cà rốt
cashew,2515374,"Nuts, cashew nuts, raw",Foundation,Nut and Seed Products,100,g,533.0,17.4,38.9,36.3,4.1,,4.76,high_protein|plant_forward,snack,tree_nut,,
cashew,170163,"Nuts, cashew butter, plain, without salt added",SR Legacy,Nut and Seed Products,100,g,587.0,17.6,49.4,27.6,2.0,,15.0,high_protein|plant_forward,snack,tree_nut,,
cashew,170162,"Nuts, cashew nuts, raw",SR Legacy,Nut and Seed Products,100,g,553.0,18.2,43.8,30.2,3.3,5.91,12.0,high_protein|plant_forward,snack,tree_nut,,
cashew,170572,"Nuts, cashew nuts, oil roasted, without salt added",SR Legacy,Nut and Seed Products,100,g,580.0,16.8,47.8,29.9,3.3,5.01,13.0,high_protein|plant_forward,snack,tree_nut,,
cashew,169422,"Nuts, cashew nuts, oil roasted, with salt added",SR Legacy,Nut and Seed Products,100,g,581.0,16.8,47.8,30.2,3.3,5.01,308.0,high_protein|plant_forward,snack,tree_nut,,
cashew,2707493,"Cashews, NFS",Survey (FNDDS),Nuts and seeds,100,g,574.0,15.31,46.35,32.69,3.0,5.01,16.0,high_protein|plant_forward,snack,tree_nut,,
cashew,2707494,"Cashews, unroasted",Survey (FNDDS),Nuts and seeds,100,g,574.0,15.31,46.35,32.69,3.0,5.01,16.0,high_protein|plant_forward,snack,tree_nut,,
cashew,170571,"Nuts, cashew nuts, dry roasted, without salt added",SR Legacy,Nut and Seed Products,100,g,574.0,15.3,46.4,32.7,3.0,5.01,16.0,high_protein|plant_forward,snack,tree_nut,,
cashew,2707497,"Cashews, unsalted",Survey (FNDDS),Nuts and seeds,100,g,584.0,14.85,47.96,31.71,2.9,4.86,16.0,plant_forward,snack,tree_nut,,
cashew,2707496,"Cashews, lightly salted",Survey (FNDDS),Nuts and seeds,100,g,581.0,14.78,47.72,31.55,2.9,4.84,208.0,plant_forward,snack,tree_nut,,
cashew,169421,"Nuts, cashew nuts, dry roasted, with salt added",SR Legacy,Nut and Seed Products,100,g,574.0,15.3,46.4,32.7,3.0,5.01,640.0,high_protein|plant_forward,snack,tree_nut,,
cashew,2707495,"Cashews, salted",Survey (FNDDS),Nuts and seeds,100,g,578.0,14.7,47.48,31.4,2.9,4.81,399.0,plant_forward,snack,tree_nut,,
cashew,2707536,Cashew butter,Survey (FNDDS),Nuts and seeds,100,g,609.0,12.12,53.03,30.3,3.0,9.09,295.0,plant_forward,snack,tree_nut,,
cashew,168597,"Nuts, cashew butter, plain, with salt added",SR Legacy,Nut and Seed Products,100,g,609.0,12.1,53.0,30.3,3.0,9.09,295.0,plant_forward,snack,tree_nut,,
cashew,2706796,Kung pao chicken,Survey (FNDDS),Stir-fry and soy-based sauce mixtures,100,g,129.0,9.76,6.98,6.87,1.5,3.03,402.0,,meal,soy,,
cashew,2707498,"Cashews, honey roasted",Survey (FNDDS),Nuts and seeds,100,g,563.0,10.31,41.18,43.7,2.0,25.11,394.0,plant_forward,snack,tree_nut,,
cheese,2705718,"Cheese, Gruyere",Survey (FNDDS),Cheese,100,g,413.0,29.81,32.34,0.36,0.0,0.36,714.0,high_protein,meal,milk,,
cheese,2705735,"Cheese, Swiss",Survey (FNDDS),Cheese,100,g,393.0,27.0,31.0,1.44,0.0,0.0,185.0,high_protein,meal,milk,,
cheese,173413,"Cheese, caraway",SR Legacy,Dairy and Egg Products,100,g,376.0,25.2,29.2,3.06,0.0,,690.0,high_protein,breakfast,milk,,
cheese,2705715,"Cheese, Fontina",Survey (FNDDS),Cheese,100,g,389.0,25.6,31.14,1.55,0.0,1.55,800.0,high_protein,meal,milk,,
cheese,170843,"Cheese, fontina",SR Legacy,Dairy and Egg Products,100,g,389.0,25.6,31.1,1.55,0.0,1.55,800.0,high_protein,breakfast,milk,,
cheese,2705777,Imitation cheese,Survey (FNDDS),Cheese,100,g,390.0,25.0,32.0,1.0,0.0,1.0,670.0,high_protein,meal,milk,,
cheese,173419,"Cheese, edam",SR Legacy,Dairy and Egg Products,100,g,357.0,25.0,28.6,1.43,0.0,0.0,973.0,high_protein,breakfast,milk,,
cheese,173416,"Cheese, colby",SR Legacy,Dairy and Egg Products,100,g,394.0,23.8,32.1,2.57,0.0,0.52,604.0,high_protein,breakfast,milk,,
cheese,2705712,"Cheese, Colby",Survey (FNDDS),Cheese,100,g,394.0,23.76,32.11,2.57,0.0,0.52,604.0,high_protein,meal,milk,,
cheese,173415,"Cheese, cheshire",SR Legacy,Dairy and Egg Products,100,g,387.0,23.4,30.6,4.78,0.0,,700.0,high_protein,breakfast,milk,,
cheese,2705733,"Cheese, Provolone",Survey (FNDDS),Cheese,100,g,357.0,23.45,28.13,2.45,0.0,0.56,601.0,high_protein,meal,milk,,
cheese,2705709,"Cheese, Cheddar",Survey (FNDDS),Cheese,100,g,409.0,23.3,34.0,2.44,0.0,0.33,654.0,high_protein,meal,milk,,
cheese,328637,"Cheese, cheddar",Foundation,Dairy and Egg Products,100,g,408.0,23.3,34.0,2.44,,0.33,654.0,high_protein,breakfast,milk,,
cheese,2705706,"Cheese, Brick",Survey (FNDDS),Cheese,100,g,371.0,23.24,29.68,2.79,0.0,0.51,560.0,high_protein,meal,milk,,
cheese,172176,"Cheese, brick",SR Legacy,Dairy and Egg Products,100,g,371.0,23.2,29.7,2.79,0.0,0.51,560.0,high_protein,breakfast,milk,,
cheese,2705726,"Cheese, Muenster",Survey (FNDDS),Cheese,100,g,368.0,23.41,30.04,1.12,0.0,1.12,628.0,high_protein,meal,milk,,
cheese,2705720,"Cheese, Monterey",Survey (FNDDS),Cheese,100,g,392.0,22.62,32.63,1.9,0.0,0.5,662.0,high_protein,meal,milk,,
cheese,2705716,"Cheese, goat",Survey (FNDDS),Cheese,100,g,364.0,21.58,29.84,0.12,0.0,0.12,415.0,high_protein,breakfast,milk,,
cheese,172177,"Cheese, brie",SR Legacy,Dairy and Egg Products,100,g,334.0,20.8,27.7,0.45,0.0,0.45,629.0,high_protein,breakfast,milk,,
cheese,2705708,"Cheese, Brie",Survey (FNDDS),Cheese,100,g,334.0,20.75,27.68,0.45,0.0,0.45,629.0,high_protein,meal,milk,,
cheese,172175,"Cheese, blue",SR Legacy,Dairy and Egg Products,100,g,353.0,21.4,28.7,2.34,0.0,0.5,1150.0,high_protein,breakfast,milk,,
cheese,2705791,Cheese fondue,Survey (FNDDS),"Dips, gravies, other sauces",100,g,276.0,19.32,21.2,1.95,0.0,0.53,303.0,high_protein,meal,milk,,
cheese,2705704,"Cheese, NFS",Survey (FNDDS),Cheese,100,g,381.0,20.7,31.26,4.33,0.0,2.08,964.0,high_protein,meal,milk,,
cheese,2705707,"Cheese, Camembert",Survey (FNDDS),Cheese,100,g,300.0,19.8,24.26,0.46,0.0,0.46,842.0,high_protein,meal,milk,,
cheese,172178,"Cheese, camembert",SR Legacy,Dairy and Egg Products,100,g,300.0,19.8,24.3,0.46,0.0,0.46,842.0,high_protein,breakfast,milk,,
cheese,2705714,"Cheese, Feta",Survey (FNDDS),Cheese,100,g,273.0,19.71,19.08,5.58,0.0,1.63,1034.0,high_protein,meal,milk,,
cheese,2705781,Cheese ball,Survey (FNDDS),Cheese,100,g,441.0,17.89,38.88,4.84,1.2,1.74,554.0,high_protein,meal,milk,,
cheese,2705764,"Cheese, American",Survey (FNDDS),Cheese,100,g,340.0,16.79,27.16,7.16,0.0,4.72,1430.0,high_protein,meal,milk,,
cheese,173420,"Cheese, feta",SR Legacy,Dairy and Egg Products,100,g,265.0,14.2,21.5,3.88,0.0,0.0,1140.0,,breakfast,milk,,
cheese,2706180,Head cheese,Survey (FNDDS),Cold cuts and cured meats,100,g,157.0,13.83,10.9,0.0,0.0,0.0,941.0,,meal,milk,,
cheese,2705772,"Cheese,  with wine",Survey (FNDDS),Cheese,100,g,307.0,16.09,23.06,8.85,0.0,6.24,1279.0,high_protein,meal,milk,,
cheese,2705770,"Cheese, processed cheese food",Survey (FNDDS),Cheese,100,g,307.0,16.09,23.06,8.85,0.0,6.24,1279.0,high_protein,meal,milk,,
cheese,2705773,"Cheese spread, American or Cheddar cheese base",Survey (FNDDS),Cheese,100,g,290.0,16.41,21.23,8.73,0.0,7.32,1625.0,high_protein,meal,milk,,
cheese,2708150,"Crackers, cheese",Survey (FNDDS),"Crackers, excludes saltines",100,g,489.0,10.93,22.74,59.42,2.3,4.53,973.0,,meal,milk,,
cheese,171240,"Cheese, gjetost",SR Legacy,Dairy and Egg Products,100,g,466.0,9.65,29.5,42.6,0.0,,600.0,,breakfast,milk,,
cheese,2705792,Cheese souffle,Survey (FNDDS),Eggs and omelets,100,g,207.0,9.43,16.01,6.38,0.1,2.44,314.0,,breakfast,milk,,
cheese,2707806,"Biscuit, cheese",Survey (FNDDS),"Biscuits, muffins, quick breads",100,g,374.0,8.7,20.43,38.78,2.2,3.52,946.0,,meal,milk,,
cheese,2705740,"Cheese, paneer",Survey (FNDDS),Cheese,100,g,299.0,15.86,15.52,22.46,0.0,23.33,185.0,high_protein,meal,milk,,
cheese,2705775,"Cheese spread, cream cheese",Survey (FNDDS),"Cream cheese, sour cream, whipped cream",100,g,295.0,7.1,28.6,3.5,0.0,3.5,436.0,,meal,milk,,
cheese,169081,"Cheese spread, cream cheese base",SR Legacy,Dairy and Egg Products,100,g,295.0,7.1,28.6,3.5,0.0,3.5,436.0,,breakfast,milk,,
cheese,173418,"Cheese, cream",SR Legacy,Dairy and Egg Products,100,g,350.0,6.15,34.4,5.52,0.0,3.76,314.0,,breakfast,milk,,
cheese,2705786,Cheese dip,Survey (FNDDS),"Dips, gravies, other sauces",100,g,163.0,3.14,13.27,7.86,0.3,0.29,656.0,,meal,milk,,
cheese,2705808,Cheese sauce,Survey (FNDDS),"Dips, gravies, other sauces",100,g,163.0,3.14,13.27,7.86,0.3,0.29,656.0,,meal,milk,,
chicken,2710782,Chicken as ingredient in recipes,Survey (FNDDS),Not included in a food category,100,g,182.0,28.06,7.34,0.0,0.0,0.0,76.0,high_protein,meal,,,
chicken,2706091,"Chicken, ground",Survey (FNDDS),"Chicken, whole pieces",100,g,201.0,27.14,10.31,0.0,0.0,0.0,400.0,high_protein,meal,,,
chicken,2706081,"Chicken, back",Survey (FNDDS),"Chicken, whole pieces",100,g,298.0,25.73,20.8,0.0,0.0,0.0,409.0,high_protein,meal,,,
chicken,169886,"Chicken, meatless",SR Legacy,Legumes and Legume Products,100,g,224.0,23.6,12.7,3.64,3.6,0.0,709.0,high_protein,meal,,,
chicken,2706064,"Chicken wing, sauteed",Survey (FNDDS),"Chicken, whole pieces",100,g,265.0,23.13,18.39,0.0,0.0,0.0,402.0,high_protein,meal,,,
chicken,2706060,"Chicken wing, rotisserie",Survey (FNDDS),"Chicken, whole pieces",100,g,257.0,23.42,18.04,0.6,0.0,0.6,579.0,high_protein,meal,,,
chicken,2706061,"Chicken wing, stewed",Survey (FNDDS),"Chicken, whole pieces",100,g,247.0,22.6,16.69,0.0,0.0,0.0,374.0,high_protein,meal,,,
chicken,2706090,"Chicken fillet, grilled",Survey (FNDDS),"Chicken patties, nuggets and tenders",100,g,151.0,22.31,5.81,2.36,0.0,0.0,450.0,high_protein,meal,,,
chicken,2706445,Chicken kiev,Survey (FNDDS),Poultry mixed dishes,100,g,280.0,21.31,19.21,5.45,0.1,0.06,644.0,high_protein,meal,,,
chicken,2706083,"Chicken, tail",Survey (FNDDS),"Chicken, whole pieces",100,g,454.0,20.36,40.68,0.0,0.0,0.0,65.0,high_protein,meal,,,
chicken,2706154,"Liver, chicken",Survey (FNDDS),Liver and organ meats,100,g,189.0,20.02,8.69,6.48,0.2,0.02,453.0,high_protein,meal,,,
chicken,2706544,Chicken or turkey with stuffing,Survey (FNDDS),Poultry mixed dishes,100,g,172.0,20.04,4.88,11.74,0.5,1.27,454.0,high_protein,meal,,,
chicken,2706082,"Chicken, neck or ribs",Survey (FNDDS),"Chicken, whole pieces",100,g,245.0,19.45,17.95,0.0,0.0,0.0,374.0,high_protein,meal,,,
chicken,2706428,Chicken with gravy,Survey (FNDDS),Poultry mixed dishes,100,g,129.0,18.88,5.21,1.58,0.0,0.09,526.0,high_protein,meal,,,
chicken,2706439,Chicken with mole sauce,Survey (FNDDS),Poultry mixed dishes,100,g,137.0,18.97,5.58,3.22,0.3,2.12,542.0,high_protein,meal,,,
chicken,2706092,"Chicken nuggets, NFS",Survey (FNDDS),"Chicken patties, nuggets and tenders",100,g,307.0,15.92,20.36,14.93,0.9,0.08,594.0,high_protein,meal,,,
chicken,2706442,Chicken or turkey parmigiana,Survey (FNDDS),Poultry mixed dishes,100,g,174.0,16.25,8.34,8.3,0.8,1.68,414.0,high_protein,meal,,,
chicken,2706789,Chicken or turkey divan,Survey (FNDDS),Poultry mixed dishes,100,g,140.0,15.51,7.26,4.01,1.3,0.95,295.0,high_protein,meal,,,
chicken,2706543,Chicken or turkey with dumplings,Survey (FNDDS),Poultry mixed dishes,100,g,144.0,15.69,5.55,8.04,0.3,0.45,488.0,high_protein,meal,,,
chicken,2706434,Barbecue chicken,Survey (FNDDS),Poultry mixed dishes,100,g,167.0,19.0,4.64,12.23,0.3,9.97,550.0,high_protein,meal,,,
chicken,2708593,"Quesadilla, chicken",Survey (FNDDS),Other Mexican mixed dishes,100,g,287.0,14.45,12.99,27.32,1.9,2.15,601.0,,meal,,,
chicken,2706426,Chili with chicken,Survey (FNDDS),Poultry mixed dishes,100,g,100.0,14.11,3.71,2.41,0.5,1.37,359.0,low_calorie,meal,,,
chicken,2708745,Chicken cornbread,Survey (FNDDS),Poultry mixed dishes,100,g,167.0,13.78,8.21,9.38,0.4,0.24,458.0,,meal,wheat,,
chicken,2706421,Chicken or turkey cacciatore,Survey (FNDDS),Poultry mixed dishes,100,g,174.0,13.19,10.62,6.92,1.1,1.6,664.0,,meal,,,
chicken,2708589,"Chimichanga, chicken",Survey (FNDDS),Other Mexican mixed dishes,100,g,304.0,12.5,16.42,25.76,1.8,1.96,414.0,,meal,,,
chicken,2708713,"Empanada, chicken",Survey (FNDDS),Turnovers and other grain-based items,100,g,309.0,12.57,16.46,27.45,1.6,2.1,460.0,,meal,,,
chicken,2706534,Chicken or turkey tetrazzini,Survey (FNDDS),Poultry mixed dishes,100,g,119.0,11.96,4.79,6.96,0.5,0.24,386.0,low_calorie,meal,,,
chicken,2708580,"Nachos, chicken",Survey (FNDDS),Nachos,100,g,242.0,11.2,13.33,19.87,1.4,0.32,430.0,,meal,,,
chicken,2708604,"Fajita, chicken",Survey (FNDDS),Other Mexican mixed dishes,100,g,206.0,11.33,9.8,17.99,1.5,2.44,451.0,,meal,,,
chicken,2706546,Chicken or turkey souffle,Survey (FNDDS),Poultry mixed dishes,100,g,171.0,11.72,11.33,5.59,0.1,2.23,380.0,,meal,,,
chicken,2708568,"Enchilada, chicken",Survey (FNDDS),Other Mexican mixed dishes,100,g,178.0,10.03,9.02,14.64,2.3,0.79,459.0,,meal,,,
chicken,2706429,Chicken or turkey fricassee,Survey (FNDDS),Poultry mixed dishes,100,g,121.0,10.68,7.16,3.54,0.1,0.26,418.0,,meal,,,
chicken,2706527,Chicken or turkey hash,Survey (FNDDS),Poultry mixed dishes,100,g,110.0,9.57,4.1,8.27,1.3,0.94,259.0,low_calorie,meal,,,
chicken,2706678,"Stew, chicken",Survey (FNDDS),Poultry mixed dishes,100,g,84.0,9.24,2.34,6.29,1.3,1.57,309.0,low_calorie,meal,,,
chicken,2706443,Orange chicken,Survey (FNDDS),Stir-fry and soy-based sauce mixtures,100,g,262.0,14.46,12.68,22.46,0.8,13.6,553.0,,meal,soy,,
chicken,2706794,General Tso chicken,Survey (FNDDS),Stir-fry and soy-based sauce mixtures,100,g,295.0,12.9,16.36,23.99,0.9,11.6,435.0,,meal,soy,,
chicken,2708573,"Tamale, chicken",Survey (FNDDS),Other Mexican mixed dishes,100,g,174.0,7.38,9.04,15.8,2.4,0.46,473.0,,meal,,,
chicken,2706444,Sesame chicken,Survey (FNDDS),Stir-fry and soy-based sauce mixtures,100,g,293.0,14.33,14.25,26.88,0.7,15.98,482.0,,meal,soy,,
chicken,2706538,Biryani with chicken,Survey (FNDDS),Rice mixed dishes,100,g,104.0,7.15,2.38,13.55,1.1,1.88,161.0,low_calorie,meal,,,
chicken,2706437,Chicken curry,Survey (FNDDS),Poultry mixed dishes,100,g,107.0,6.48,6.48,6.54,1.4,2.56,376.0,low_calorie,meal,,,
chicken,2706438,Chicken curry with rice,Survey (FNDDS),Poultry mixed dishes,100,g,116.0,4.96,4.0,15.12,1.0,1.56,324.0,low_calorie,meal,,,
chicken,2707134,"Soup, chicken",Survey (FNDDS),"Soups, broth-based",100,g,40.0,3.44,1.14,4.04,0.8,1.1,249.0,low_calorie,meal,,,
chicken,173564,"Fat, chicken",SR Legacy,Fats and Oils,100,g,900.0,0.0,99.8,0.0,0.0,0.0,0.0,,meal,,,
chicken breast,2705956,"Chicken breast, baked, broiled, or roasted, skin not eaten, from raw",Survey (FNDDS),"Chicken, whole pieces",100,g,161.0,30.22,3.52,0.0,0.0,0.0,360.0,high_protein,meal,,medium,ức gà
chicken breast,2705968,"Chicken breast, grilled without sauce, skin not eaten",Survey (FNDDS),"Chicken, whole pieces",100,g,176.0,29.62,5.45,0.0,0.0,0.0,353.0,high_protein,meal,,medium,ức gà
chicken breast,2705972,"Chicken breast, sauteed, skin not eaten",Survey (FNDDS),"Chicken, whole pieces",100,g,176.0,29.62,5.45,0.0,0.0,0.0,353.0,high_protein,meal,,medium,ức gà
chicken breast,2705962,"Chicken breast, baked, broiled, or roasted with marinade, skin not eaten, from raw",Survey (FNDDS),"Chicken, whole pieces",100,g,175.0,29.13,5.38,0.31,0.0,0.28,423.0,high_protein,meal,,medium,ức gà
chicken breast,2705954,"Chicken breast, NS as to cooking method, skin not eaten",Survey (FNDDS),"Chicken, whole pieces",100,g,144.0,28.04,3.57,0.0,0.0,0.0,328.0,high_protein,meal,,medium,ức gà
chicken breast,2705958,"Chicken breast, baked or broiled, skin not eaten, from pre-cooked",Survey (FNDDS),"Chicken, whole pieces",100,g,144.0,28.04,3.57,0.0,0.0,0.0,328.0,high_protein,meal,,medium,ức gà
chicken breast,2705964,"Chicken breast, rotisserie, skin not eaten",Survey (FNDDS),"Chicken, whole pieces",100,g,144.0,28.04,3.57,0.0,0.0,0.0,328.0,high_protein,meal,,medium,ức gà
chicken breast,2705966,"Chicken breast, stewed, skin not eaten",Survey (FNDDS),"Chicken, whole pieces",100,g,149.0,27.96,3.26,0.0,0.0,0.0,333.0,high_protein,meal,,medium,ức gà
chicken breast,2705953,"Chicken breast, NS as to cooking method, skin eaten",Survey (FNDDS),"Chicken, whole pieces",100,g,175.0,26.37,7.67,0.09,0.0,0.09,329.0,high_protein,meal,,medium,ức gà
chicken breast,2705957,"Chicken breast, baked or broiled, skin eaten, from pre-cooked",Survey (FNDDS),"Chicken, whole pieces",100,g,175.0,26.37,7.67,0.09,0.0,0.09,329.0,high_protein,meal,,medium,ức gà
chicken breast,2705963,"Chicken breast, rotisserie, skin eaten",Survey (FNDDS),"Chicken, whole pieces",100,g,175.0,26.37,7.67,0.09,0.0,0.09,329.0,high_protein,meal,,medium,ức gà
chicken breast,2705955,"Chicken breast, baked, broiled, or roasted, skin eaten, from raw",Survey (FNDDS),"Chicken, whole pieces",100,g,192.0,26.25,8.8,0.0,0.0,0.0,336.0,high_protein,meal,,medium,ức gà
chicken breast,2705967,"Chicken breast, grilled without sauce, skin eaten",Survey (FNDDS),"Chicken, whole pieces",100,g,206.0,25.72,10.62,0.0,0.0,0.0,329.0,high_protein,meal,,medium,ức gà
chicken breast,2705971,"Chicken breast, sauteed, skin eaten",Survey (FNDDS),"Chicken, whole pieces",100,g,206.0,25.72,10.62,0.0,0.0,0.0,329.0,high_protein,meal,,medium,ức gà
chicken breast,2705961,"Chicken breast, baked, broiled, or roasted with marinade, skin eaten, from raw",Survey (FNDDS),"Chicken, whole pieces",100,g,204.0,25.32,10.45,0.31,0.0,0.28,399.0,high_protein,meal,,medium,ức gà
chicken breast,2705965,"Chicken breast, stewed, skin eaten",Survey (FNDDS),"Chicken, whole pieces",100,g,181.0,24.7,8.28,0.0,0.0,0.0,316.0,high_protein,meal,,medium,ức gà
chicken breast,171140,"Chicken, broiler or fryers, breast, skinless, boneless, meat only, cooked, braised",SR Legacy,Poultry Products,100,g,157.0,32.1,3.24,0.0,0.0,0.0,47.0,high_protein,meal,,medium,ức gà
chicken breast,331960,"Chicken, broiler or fryers, breast, skinless, boneless, meat only, cooked, braised",Foundation,Poultry Products,100,g,166.0,32.1,3.24,0.0,,,47.0,high_protein,meal,,medium,ức gà
chicken breast,171477,"Chicken, broilers or fryers, breast, meat only, cooked, roasted",SR Legacy,Poultry Products,100,g,165.0,31.0,3.57,0.0,0.0,0.0,74.0,high_protein,meal,,medium,ức gà
chicken breast,171534,"Chicken, broiler or fryers, breast, skinless, boneless, meat only, cooked, grilled",SR Legacy,Poultry Products,100,g,151.0,30.5,3.17,0.0,0.0,0.0,52.0,high_protein,meal,,medium,ức gà
chicken breast,2705970,"Chicken breast, grilled with sauce, skin not eaten",Survey (FNDDS),"Chicken, whole pieces",100,g,178.0,24.33,4.93,7.34,0.2,5.98,473.0,high_protein,meal,,medium,ức gà
chicken breast,171075,"Chicken, broilers or fryers, breast, meat and skin, cooked, roasted",SR Legacy,Poultry Products,100,g,197.0,29.8,7.78,0.0,0.0,0.0,71.0,high_protein,meal,,medium,ức gà
chicken breast,171536,"Chicken, broiler or fryers, breast, skinless, boneless, meat only, with added solution, cooked, grilled",SR Legacy,Poultry Products,100,g,148.0,29.5,3.39,0.0,0.0,0.0,215.0,high_protein,meal,,medium,ức gà
chicken breast,171478,"Chicken, broilers or fryers, breast, meat only, cooked, stewed",SR Legacy,Poultry Products,100,g,151.0,29.0,3.03,0.0,0.0,0.0,63.0,high_protein,meal,,medium,ức gà
chicken breast,171535,"Chicken, broiler or fryers, breast, skinless, boneless, meat only, with added solution, cooked, braised",SR Legacy,Poultry Products,100,g,145.0,28.2,3.61,0.0,0.0,0.0,172.0,high_protein,meal,,medium,ức gà
chicken breast,171518,"Chicken, broilers or fryers, rotisserie, original seasoning, breast, meat only, cooked",SR Legacy,Poultry Products,100,g,137.0,28.0,2.79,0.0,0.0,0.0,313.0,high_protein,meal,,medium,ức gà
chicken breast,171445,"Chicken, broiler, rotisserie, BBQ, breast, meat only",SR Legacy,Poultry Products,100,g,144.0,28.0,3.57,0.0,0.0,0.0,328.0,high_protein,meal,,medium,ức gà
chicken breast,171076,"Chicken, broilers or fryers, breast, meat and skin, cooked, stewed",SR Legacy,Poultry Products,100,g,184.0,27.4,7.42,0.0,0.0,0.0,62.0,high_protein,meal,,medium,ức gà
chicken breast,171123,"Chicken, broilers or fryers, rotisserie, original seasoning, breast, meat and skin, cooked",SR Legacy,Poultry Products,100,g,184.0,27.5,8.18,0.02,0.0,0.02,347.0,high_protein,meal,,medium,ức gà
chicken breast,2705969,"Chicken breast, grilled with sauce, skin eaten",Survey (FNDDS),"Chicken, whole pieces",100,g,202.0,21.15,9.15,7.34,0.2,5.98,454.0,high_protein,meal,,medium,ức gà
chicken breast,2706087,"Chicken, chicken roll, roasted",Survey (FNDDS),"Chicken, whole pieces",100,g,164.0,26.68,6.33,0.0,0.0,0.0,499.0,high_protein,meal,,medium,ức gà
chicken breast,171125,"Chicken, broiler, rotisserie, BBQ, breast, meat and skin",SR Legacy,Poultry Products,100,g,175.0,26.4,7.67,0.09,0.0,0.09,329.0,high_protein,meal,,medium,ức gà
chicken breast,172831,"Ruffed Grouse, breast meat, skinless, raw",SR Legacy,Poultry Products,100,g,112.0,25.9,0.88,0.0,0.0,0.0,50.0,high_protein|low_calorie,meal,,medium,ức gà
chicken breast,174474,"Pheasant, breast, meat only, raw",SR Legacy,Poultry Products,100,g,133.0,24.4,3.25,0.0,0.0,,33.0,high_protein,meal,,medium,ức gà
chicken breast,171098,"Turkey, whole, breast, meat only, raw",SR Legacy,Poultry Products,100,g,114.0,23.7,1.48,0.14,0.0,0.05,113.0,high_protein|low_calorie,meal,,medium,ức gà
chicken breast,172829,"Quail, breast, meat only, raw",SR Legacy,Poultry Products,100,g,123.0,22.6,2.99,0.0,0.0,,55.0,high_protein,meal,,medium,ức gà
chicken breast,171077,"Chicken, broiler or fryers, breast, skinless, boneless, meat only, raw",SR Legacy,Poultry Products,100,g,120.0,22.5,2.62,0.0,0.0,0.0,45.0,high_protein|low_calorie,meal,,medium,ức gà
chicken breast,2646170,"Chicken, breast, boneless, skinless, raw",Foundation,Poultry Products,100,g,112.0,22.5,1.93,0.0,,,65.8,high_protein|low_calorie,meal,,medium,ức gà
chicken breast,171474,"Chicken, broilers or fryers, breast, meat and skin, raw",SR Legacy,Poultry Products,100,g,172.0,20.8,9.25,0.0,0.0,0.0,63.0,high_protein,meal,,medium,ức gà
chicken breast,171509,"Chicken, broilers or fryers, breast, skinless, boneless, meat only, with added solution, raw",SR Legacy,Poultry Products,100,g,108.0,20.3,3.0,0.0,0.0,0.0,173.0,high_protein|low_calorie,meal,,medium,ức gà
chicken breast,174469,"Duck, wild, breast, meat only, raw",SR Legacy,Poultry Products,100,g,123.0,19.8,4.25,0.0,0.0,,57.0,high_protein,meal,,medium,ức gà
chicken breast,2706084,Chicken skin,Survey (FNDDS),"Chicken, whole pieces",100,g,450.0,20.19,40.34,0.0,0.0,0.0,387.0,high_protein,meal,,medium,ức gà
chicken breast,2706085,Chicken feet,Survey (FNDDS),"Chicken, whole pieces",100,g,215.0,19.4,14.6,0.2,0.0,0.0,67.0,high_protein,meal,,medium,ức gà
corn,170289,"Corn bran, crude",SR Legacy,Cereal Grains and Pasta,100,g,224.0,8.36,0.92,85.6,79.0,0.0,7.0,high_fiber,breakfast,wheat,,
corn,168037,"Corn, white, steamed (Navajo)",SR Legacy,American Indian/Alaska Native Foods,100,g,386.0,9.72,5.18,75.2,16.6,6.47,4.0,high_fiber,meal,,,
corn,170288,"Corn grain, yellow",SR Legacy,Cereal Grains and Pasta,100,g,365.0,9.42,4.74,74.3,7.3,0.64,35.0,high_fiber,breakfast,wheat,,
corn,169694,"Corn flour, masa, enriched, white",SR Legacy,Cereal Grains and Pasta,100,g,363.0,8.46,3.69,76.6,6.4,1.61,5.0,high_fiber,breakfast,wheat,,
corn,167637,"Stew, steamed corn (Navajo)",SR Legacy,American Indian/Alaska Native Foods,100,g,112.0,8.82,3.75,10.8,2.3,0.51,104.0,low_calorie,meal,,,
corn,168920,"Corn grain, white",SR Legacy,Cereal Grains and Pasta,100,g,365.0,9.42,4.74,74.3,,,35.0,,breakfast,wheat,,
corn,2707826,"Taco shell, corn",Survey (FNDDS),Tortillas,100,g,476.0,6.41,21.79,63.49,6.7,1.5,324.0,high_fiber,meal,,,
corn,2706477,Corned beef hash,Survey (FNDDS),Meat mixed dishes,100,g,164.0,8.73,10.24,9.27,1.1,0.34,412.0,,meal,,,
corn,2706502,Corned beef patty,Survey (FNDDS),Meat mixed dishes,100,g,164.0,8.73,10.24,9.27,1.1,0.34,412.0,,meal,,,
corn,2707823,"Tortilla, corn",Survey (FNDDS),Tortillas,100,g,218.0,5.7,2.85,44.64,6.3,0.88,45.0,high_fiber,meal,,,
corn,167525,"Tostada shells, corn",SR Legacy,Baked Products,100,g,474.0,6.15,23.4,64.4,5.8,,657.0,high_fiber,meal,,,
corn,167631,"Corn, dried (Navajo)",SR Legacy,American Indian/Alaska Native Foods,100,g,386.0,9.88,5.22,74.9,,5.38,13.0,,meal,,,
corn,169300,"Succotash, (corn and limas), raw",SR Legacy,Vegetables and Vegetable Products,100,g,99.0,5.03,1.02,19.6,3.8,,4.0,low_calorie|plant_forward,meal,,,
corn,2710047,"Fritter, corn",Survey (FNDDS),"Biscuits, muffins, quick breads",100,g,404.0,7.37,27.14,33.55,1.6,3.03,339.0,,meal,wheat,,
corn,2708454,"Cereal, corn puffs",Survey (FNDDS),"Ready-to-eat cereal, lower sugar (=<21.2g/100g)",100,g,371.0,7.74,2.57,77.82,7.3,12.24,525.0,high_fiber,breakfast,,,
corn,175004,"Muffins, corn, toaster-type",SR Legacy,Baked Products,100,g,346.0,5.3,11.3,57.9,1.6,,430.0,,meal,,,
corn,2708452,"Cereal, corn squares",Survey (FNDDS),"Ready-to-eat cereal, lower sugar (=<21.2g/100g)",100,g,369.0,7.88,2.61,77.14,5.4,10.44,729.0,high_fiber,breakfast,,,
corn,173345,"Corn dogs, frozen, prepared",SR Legacy,"Meals, Entrees, and Side Dishes",100,g,250.0,8.57,12.0,27.0,1.0,7.54,668.0,,meal,,,
corn,168478,"Succotash, (corn and limas), canned, with cream style corn",SR Legacy,Vegetables and Vegetable Products,100,g,77.0,2.64,0.54,17.6,3.0,,245.0,low_calorie|plant_forward,meal,,,
corn,168479,"Succotash, (corn and limas), canned, with whole kernel corn, solids and liquids",SR Legacy,Vegetables and Vegetable Products,100,g,63.0,2.6,0.49,14.0,2.6,,221.0,low_calorie|plant_forward,meal,,,
corn,2707816,"Corn pone, baked",Survey (FNDDS),"Biscuits, muffins, quick breads",100,g,214.0,3.5,4.31,39.68,1.9,0.79,437.0,,meal,wheat,,
corn,2708453,"Cereal, corn flakes, plain",Survey (FNDDS),"Ready-to-eat cereal, lower sugar (=<21.2g/100g)",100,g,365.0,6.4,1.6,79.52,3.5,9.44,703.0,,breakfast,,,
corn,168538,"Corn, sweet, white, raw",SR Legacy,Vegetables and Vegetable Products,100,g,86.0,3.22,1.18,19.0,2.7,3.22,15.0,low_calorie|plant_forward,meal,,,
corn,2709911,"Corn, frozen, cooked, no added fat",Survey (FNDDS),Corn,100,g,81.0,2.54,0.67,19.24,2.4,3.06,117.0,low_calorie,meal,,,
corn,2709919,"Corn, frozen, cooked with oil",Survey (FNDDS),Corn,100,g,105.0,2.47,3.55,18.68,2.3,2.97,113.0,low_calorie,meal,,,
corn,2709920,"Corn, frozen, cooked with butter or margarine",Survey (FNDDS),Corn,100,g,98.0,2.48,2.84,18.69,2.3,2.98,131.0,low_calorie,meal,,,
corn,2709783,"Corn, raw",Survey (FNDDS),Corn,100,g,86.0,3.27,1.35,18.7,2.0,6.26,15.0,low_calorie,meal,,,
corn,169998,"Corn, sweet, yellow, raw",SR Legacy,Vegetables and Vegetable Products,100,g,86.0,3.27,1.35,18.7,2.0,6.26,15.0,low_calorie|plant_forward,meal,,,
corn,2709910,"Corn, fresh, cooked, no added fat",Survey (FNDDS),Corn,100,g,86.0,3.26,1.35,18.64,2.0,6.24,131.0,low_calorie,meal,,,
corn,2709917,"Corn, fresh, cooked with oil",Survey (FNDDS),Corn,100,g,109.0,3.17,4.21,18.1,1.9,6.06,127.0,low_calorie,meal,,,
corn,2709918,"Corn, fresh, cooked with butter or margarine",Survey (FNDDS),Corn,100,g,103.0,3.18,3.5,18.11,1.9,6.07,144.0,low_calorie,meal,,,
corn,2709912,"Corn, canned, cooked, no added fat",Survey (FNDDS),Corn,100,g,67.0,2.29,1.22,14.34,2.0,4.44,205.0,low_calorie,meal,,,
corn,2709921,"Corn, canned, cooked with oil",Survey (FNDDS),Corn,100,g,91.0,2.22,4.1,13.92,1.9,4.31,199.0,low_calorie,meal,,,
corn,2709913,"Corn, NS as to form, cooked",Survey (FNDDS),Corn,100,g,88.0,2.23,3.74,13.93,1.9,4.32,208.0,low_calorie,meal,,,
corn,2709922,"Corn, canned, cooked with butter or margarine",Survey (FNDDS),Corn,100,g,85.0,2.24,3.38,13.93,1.9,4.32,216.0,low_calorie,meal,,,
corn,2709923,"Corn, creamed",Survey (FNDDS),Corn,100,g,72.0,1.74,0.42,18.13,1.2,3.23,261.0,low_calorie,meal,,,
corn,2710183,Corn oil,Survey (FNDDS),Salad dressings and vegetable oils,100,g,900.0,0.0,100.0,0.0,0.0,0.0,0.0,plant_forward,meal,,,
corn,169867,"Oil, corn and canola",SR Legacy,Fats and Oils,100,g,884.0,0.0,100.0,0.0,0.0,0.0,0.0,,meal,,,
corn,167737,"Oil, corn, peanut, and olive",SR Legacy,Fats and Oils,100,g,884.0,0.0,100.0,0.0,0.0,0.0,0.0,plant_forward,snack,peanut,,
corn,175002,"Muffins, corn, commercially prepared",SR Legacy,Baked Products,100,g,305.0,5.9,8.4,51.0,3.4,17.8,385.0,,meal,,,
corn,169830,"Bread, blue corn, somiviki (Hopi)",SR Legacy,American Indian/Alaska Native Foods,100,g,186.0,3.1,1.53,39.8,3.6,12.9,9.0,,meal,wheat,,
corn,2710073,"Relish, corn",Survey (FNDDS),"Olives, pickles, pickled vegetables",100,g,111.0,1.7,0.91,25.7,1.5,18.43,336.0,low_calorie|plant_forward,meal,,,
corn,2710274,Corn syrup,Survey (FNDDS),"Jams, syrups, toppings",100,g,283.0,0.0,0.2,76.79,0.0,76.77,62.0,,meal,,,
egg,2707228,"Egg omelet or scrambled egg, with cheese and meat, no added fat",Survey (FNDDS),Eggs and omelets,100,g,177.0,14.0,12.78,1.5,0.0,0.57,404.0,,breakfast,egg,low,trứng
egg,2707220,"Egg omelet or scrambled egg, with meat, no added fat",Survey (FNDDS),Eggs and omelets,100,g,157.0,13.46,10.96,1.04,0.0,0.29,356.0,,breakfast,egg,low,trứng
egg,2707218,"Egg omelet or scrambled egg, with meat, made with cooking spray",Survey (FNDDS),Eggs and omelets,100,g,162.0,13.35,11.54,1.21,0.0,0.29,353.0,,breakfast,egg,low,trứng
egg,2707212,"Egg omelet or scrambled egg, with cheese, no added fat",Survey (FNDDS),Eggs and omelets,100,g,171.0,13.41,12.34,1.49,0.0,0.54,344.0,,breakfast,egg,low,trứng
egg,2707211,"Egg omelet or scrambled egg, with cheese, made with cooking spray",Survey (FNDDS),Eggs and omelets,100,g,176.0,13.29,12.91,1.65,0.0,0.53,341.0,,breakfast,egg,low,trứng
egg,2707223,"Egg omelet or scrambled egg, with cheese and meat, made with oil",Survey (FNDDS),Eggs and omelets,100,g,215.0,13.26,17.39,1.42,0.0,0.54,383.0,,breakfast,egg,low,trứng
egg,2707224,"Egg omelet or scrambled egg, with cheese and meat, made with butter",Survey (FNDDS),Eggs and omelets,100,g,207.0,13.3,16.45,1.42,0.0,0.57,411.0,,breakfast,egg,low,trứng
egg,2707221,"Egg omelet or scrambled egg, with cheese and meat, NS as to fat",Survey (FNDDS),Eggs and omelets,100,g,209.0,13.27,16.74,1.43,0.0,0.55,399.0,,breakfast,egg,low,trứng
egg,2707222,"Egg omelet or scrambled egg, with cheese and meat, made with margarine",Survey (FNDDS),Eggs and omelets,100,g,198.0,13.27,15.54,1.46,0.0,0.54,420.0,,breakfast,egg,low,trứng
egg,2707215,"Egg omelet or scrambled egg, with meat, made with oil",Survey (FNDDS),Eggs and omelets,100,g,199.0,12.69,16.06,0.98,0.0,0.27,336.0,,breakfast,egg,low,trứng
egg,2707216,"Egg omelet or scrambled egg, with meat, made with butter",Survey (FNDDS),Eggs and omelets,100,g,190.0,12.74,15.04,0.99,0.0,0.31,366.0,,breakfast,egg,low,trứng
egg,2707213,"Egg omelet or scrambled egg, with meat, NS as to fat",Survey (FNDDS),Eggs and omelets,100,g,193.0,12.71,15.35,0.99,0.0,0.28,353.0,,breakfast,egg,low,trứng
egg,2707219,"Egg omelet or scrambled egg, with meat, NS as to fat type",Survey (FNDDS),Eggs and omelets,100,g,193.0,12.71,15.35,0.99,0.0,0.28,353.0,,breakfast,egg,low,trứng
egg,2707214,"Egg omelet or scrambled egg, with meat, made with margarine",Survey (FNDDS),Eggs and omelets,100,g,181.0,12.7,14.06,1.03,0.0,0.27,375.0,,breakfast,egg,low,trứng
egg,2707208,"Egg omelet or scrambled egg, with cheese, made with oil",Survey (FNDDS),Eggs and omelets,100,g,212.0,12.64,17.36,1.4,0.0,0.51,324.0,,breakfast,egg,low,trứng
egg,2707209,"Egg omelet or scrambled egg, with cheese, made with butter",Survey (FNDDS),Eggs and omelets,100,g,203.0,12.69,16.34,1.41,0.0,0.54,354.0,,breakfast,egg,low,trứng
egg,2707207,"Egg omelet or scrambled egg, with cheese, made with margarine",Survey (FNDDS),Eggs and omelets,100,g,194.0,12.65,15.35,1.45,0.0,0.51,364.0,,breakfast,egg,low,trứng
egg,2707205,"Egg omelet or scrambled egg, no added fat",Survey (FNDDS),Eggs and omelets,100,g,143.0,12.36,9.93,0.96,0.0,0.2,244.0,,breakfast,egg,low,trứng
egg,2707203,"Egg omelet or scrambled egg, made with cooking spray",Survey (FNDDS),Eggs and omelets,100,g,149.0,12.24,10.61,1.15,0.0,0.2,243.0,,breakfast,egg,low,trứng
egg,2707242,"Egg omelet or scrambled egg, with cheese and tomatoes, no added fat",Survey (FNDDS),Eggs and omelets,100,g,154.0,11.99,10.94,1.95,0.2,0.87,305.0,,breakfast,egg,low,trứng
egg,2707200,"Egg omelet or scrambled egg, made with oil",Survey (FNDDS),Eggs and omelets,100,g,192.0,11.56,15.81,0.9,0.0,0.19,228.0,,breakfast,egg,low,trứng
egg,2707201,"Egg omelet or scrambled egg, made with butter",Survey (FNDDS),Eggs and omelets,100,g,182.0,11.61,14.64,0.9,0.0,0.22,263.0,,breakfast,egg,low,trứng
egg,2707198,"Egg omelet or scrambled egg, NS as to fat",Survey (FNDDS),Eggs and omelets,100,g,185.0,11.58,15.0,0.91,0.0,0.2,248.0,,breakfast,egg,low,trứng
egg,2707204,"Egg omelet or scrambled egg, NS as to fat type",Survey (FNDDS),Eggs and omelets,100,g,185.0,11.58,15.0,0.91,0.0,0.2,248.0,,breakfast,egg,low,trứng
egg,2707254,"Egg omelet or scrambled egg, with meat and tomatoes, no added fat",Survey (FNDDS),Eggs and omelets,100,g,137.0,11.69,9.4,1.55,0.2,0.64,284.0,,breakfast,egg,low,trứng
egg,2707199,"Egg omelet or scrambled egg, made with margarine",Survey (FNDDS),Eggs and omelets,100,g,171.0,11.57,13.52,0.95,0.0,0.19,274.0,,breakfast,egg,low,trứng
egg,2707243,"Egg omelet or scrambled egg, with cheese and tomatoes, NS as to fat",Survey (FNDDS),Eggs and omelets,100,g,186.0,11.39,14.86,1.86,0.2,0.83,305.0,,breakfast,egg,low,trứng
egg,2707241,"Egg omelet or scrambled egg, with cheese and tomatoes, fat added",Survey (FNDDS),Eggs and omelets,100,g,186.0,11.39,14.86,1.86,0.2,0.83,305.0,,breakfast,egg,low,trứng
egg,747997,"Eggs, Grade A, Large, egg white",Foundation,Dairy and Egg Products,100,g,55.0,10.7,0.0,2.36,,,,low_calorie,breakfast,egg,low,trứng
egg,2707278,"Egg omelet or scrambled egg, with potatoes and/or onions, no added fat",Survey (FNDDS),Eggs and omelets,100,g,134.0,11.03,8.65,3.14,0.3,0.49,214.0,,breakfast,egg,low,trứng
egg,2707255,"Egg omelet or scrambled egg, with meat and tomatoes, NS as to fat",Survey (FNDDS),Eggs and omelets,100,g,172.0,11.09,13.54,1.48,0.2,0.62,285.0,,breakfast,egg,low,trứng
egg,2707253,"Egg omelet or scrambled egg, with meat and tomatoes, fat added",Survey (FNDDS),Eggs and omelets,100,g,172.0,11.09,13.54,1.48,0.2,0.62,285.0,,breakfast,egg,low,trứng
egg,2707230,"Egg omelet or scrambled egg, with tomatoes, no added fat",Survey (FNDDS),Eggs and omelets,100,g,127.0,10.9,8.67,1.55,0.2,0.62,213.0,,breakfast,egg,low,trứng
egg,2707277,"Egg omelet or scrambled egg, with potatoes and/or onions, fat added",Survey (FNDDS),Eggs and omelets,100,g,172.0,10.41,13.18,2.97,0.3,0.47,218.0,,breakfast,egg,low,trứng
egg,2707231,"Egg omelet or scrambled egg, with tomatoes, NS as to fat",Survey (FNDDS),Eggs and omelets,100,g,165.0,10.29,13.19,1.47,0.2,0.59,218.0,,breakfast,egg,low,trứng
egg,2707229,"Egg omelet or scrambled egg, with tomatoes, fat added",Survey (FNDDS),Eggs and omelets,100,g,165.0,10.29,13.19,1.47,0.2,0.59,218.0,,breakfast,egg,low,trứng
egg,748236,"Eggs, Grade A, Large, egg yolk",Foundation,Dairy and Egg Products,100,g,334.0,16.2,28.8,1.02,,,,high_protein,breakfast,egg,low,trứng
egg,2707180,"Egg, Benedict",Survey (FNDDS),Eggs and omelets,100,g,288.0,13.81,22.1,8.48,0.6,1.17,468.0,,breakfast,egg,low,trứng
egg,2707152,"Egg, whole, raw",Survey (FNDDS),Eggs and omelets,100,g,143.0,12.4,9.96,0.96,0.0,0.2,129.0,,breakfast,egg,low,trứng
egg,748967,"Eggs, Grade A, Large, egg whole",Foundation,Dairy and Egg Products,100,g,148.0,12.4,9.96,0.2,0.0,0.2,129.0,,breakfast,egg,low,trứng
egg,2707167,"Egg, whole, pickled",Survey (FNDDS),Eggs and omelets,100,g,154.0,12.49,10.54,1.11,0.0,1.11,392.0,,breakfast,egg,low,trứng
egg,2707181,"Egg, deviled",Survey (FNDDS),Eggs and omelets,100,g,198.0,11.52,15.9,1.07,0.0,1.07,430.0,,breakfast,egg,low,trứng
egg,2707179,"Egg, creamed",Survey (FNDDS),Eggs and omelets,100,g,148.0,7.79,10.35,5.52,0.1,3.02,363.0,,breakfast,egg,low,trứng
grape,171647,"Cereals ready-to-eat, POST, GRAPE-NUTS Cereal",SR Legacy,Breakfast Cereals,100,g,361.0,11.2,1.81,80.5,13.0,8.86,465.0,high_fiber|plant_forward,breakfast,,,
grape,2708456,"Cereal, bran flakes, plain",Survey (FNDDS),"Ready-to-eat cereal, lower sugar (=<21.2g/100g)",100,g,361.0,9.65,2.42,75.03,20.5,15.27,585.0,high_fiber,breakfast,,,
grape,168575,"Grape leaves, raw",SR Legacy,Vegetables and Vegetable Products,100,g,93.0,5.6,2.12,17.3,11.0,6.3,9.0,low_calorie|high_fiber|plant_forward,meal,,,
grape,171648,"Cereals ready-to-eat, POST, GRAPE-NUTS Flakes",SR Legacy,Breakfast Cereals,100,g,376.0,9.4,3.7,82.0,10.2,15.2,470.0,high_fiber|plant_forward,breakfast,,,
grape,169393,"Grape leaves, canned",SR Legacy,Vegetables and Vegetable Products,100,g,69.0,4.27,1.97,11.7,9.9,,2850.0,low_calorie|high_fiber|plant_forward,meal,,,
grape,173040,"Grapes, muscadine, raw",SR Legacy,Fruits and Fruit Juices,100,g,57.0,0.81,0.47,13.9,3.9,,1.0,low_calorie|plant_forward,snack,,,
grape,321360,"Tomatoes, grape, raw",Foundation,Vegetables and Vegetable Products,100,g,27.0,0.83,0.63,5.51,2.1,,6.0,low_calorie|plant_forward,meal,,,
grape,174684,"Grapes, canned, thompson seedless, water pack, solids and liquids",SR Legacy,Fruits and Fruit Juices,100,g,40.0,0.5,0.11,10.3,0.6,9.7,6.0,low_calorie|plant_forward,snack,,,
grape,167805,"Ruby Red grapefruit juice blend (grapefruit, grape, apple), OCEAN SPRAY, bottled, with added vitamin C",SR Legacy,Fruits and Fruit Juices,100,g,44.0,0.5,0.1,10.5,0.2,10.3,8.0,low_calorie|plant_forward,snack,,,
grape,168198,"Juice, apple, grape and pear blend, with added ascorbic acid and calcium",SR Legacy,Fruits and Fruit Juices,100,g,52.0,0.17,0.12,13.0,0.2,9.95,5.0,low_calorie|plant_forward,snack,,,
grape,174683,"Grapes, red or green (European type, such as Thompson seedless), raw",SR Legacy,Fruits and Fruit Juices,100,g,69.0,0.72,0.16,18.1,0.9,15.5,2.0,low_calorie|plant_forward,snack,,,
grape,2709326,"Grape juice, 100%, with calcium added",Survey (FNDDS),Other fruit juice,100,g,62.0,0.37,0.13,14.77,0.2,14.2,5.0,low_calorie|plant_forward,snack,,,
grape,2003592,"Grape juice, purple, with added vitamin C, from concentrate, shelf stable",Foundation,Fruits and Fruit Juices,100,g,64.5,0.258,0.288,15.6,,14.0,4.02,low_calorie|plant_forward,snack,,,
grape,2709237,"Grapes, raw",Survey (FNDDS),Grapes,100,g,83.0,0.9,0.2,19.4,0.9,16.74,5.0,low_calorie,meal,,,
grape,174682,"Grapes, american type (slip skin), raw",SR Legacy,Fruits and Fruit Juices,100,g,67.0,0.63,0.35,17.2,0.9,16.2,2.0,low_calorie|plant_forward,snack,,,
grape,2709325,"Grape juice, 100%",Survey (FNDDS),Other fruit juice,100,g,66.0,0.18,0.28,15.73,0.2,14.24,6.0,low_calorie|plant_forward,snack,,,
grape,2346413,"Grapes, green, seedless, raw",Foundation,Fruits and Fruit Juices,100,g,71.9,0.899,0.232,18.6,,16.1,3.17,low_calorie|plant_forward,snack,,,
grape,2003593,"Grape juice, white, with added vitamin C, from concentrate, shelf stable",Foundation,Fruits and Fruit Juices,100,g,64.6,0.0938,0.265,15.8,,14.4,7.19,low_calorie|plant_forward,snack,,,
grape,2346412,"Grapes, red, seedless, raw",Foundation,Fruits and Fruit Juices,100,g,77.2,0.914,0.164,20.2,,17.3,7.0,low_calorie|plant_forward,snack,,,
grape,174685,"Grapes, canned, thompson seedless, heavy syrup pack, solids and liquids",SR Legacy,Fruits and Fruit Juices,100,g,76.0,0.48,0.1,19.6,0.6,19.0,5.0,low_calorie|plant_forward,snack,,,
greek yogurt,171312,"Yogurt, Greek, nonfat, plain, CHOBANI",SR Legacy,Dairy and Egg Products,100,g,54.0,9.53,0.24,3.43,0.2,,37.0,low_calorie,breakfast,milk,medium,sữa chua Hy Lạp
greek yogurt,2705424,"Yogurt, Greek, nonfat milk, plain",Survey (FNDDS),"Yogurt, Greek",100,g,59.0,10.3,0.37,3.64,0.0,3.27,36.0,low_calorie,breakfast,milk,medium,sữa chua Hy Lạp
greek yogurt,330137,"Yogurt, Greek, plain, nonfat",Foundation,Dairy and Egg Products,100,g,61.0,10.3,0.37,3.64,,3.27,36.0,low_calorie,breakfast,milk,medium,sữa chua Hy Lạp
greek yogurt,2705423,"Yogurt, Greek, low fat milk, plain",Survey (FNDDS),"Yogurt, Greek",100,g,67.0,10.2,1.36,3.6,0.0,3.24,36.0,low_calorie,breakfast,milk,medium,sữa chua Hy Lạp
greek yogurt,170894,"Yogurt, Greek, plain, nonfat (Includes foods for USDA's Food Distribution Program)",SR Legacy,Dairy and Egg Products,100,g,59.0,10.2,0.39,3.6,0.0,3.24,36.0,low_calorie,breakfast,milk,medium,sữa chua Hy Lạp
greek yogurt,170903,"Yogurt, Greek, plain, lowfat",SR Legacy,Dairy and Egg Products,100,g,73.0,9.95,1.92,3.94,0.0,3.56,34.0,low_calorie,breakfast,milk,medium,sữa chua Hy Lạp
greek yogurt,2259794,"Yogurt, Greek, plain, whole milk",Foundation,Dairy and Egg Products,100,g,94.5,8.78,4.39,4.75,,3.25,33.8,low_calorie,breakfast,milk,medium,sữa chua Hy Lạp
greek yogurt,171304,"Yogurt, Greek, plain, whole milk",SR Legacy,Dairy and Egg Products,100,g,97.0,9.0,5.0,3.98,0.0,4.0,35.0,low_calorie,breakfast,milk,medium,sữa chua Hy Lạp
greek yogurt,2705421,"Yogurt, Greek, NS as to type of milk, plain",Survey (FNDDS),"Yogurt, Greek",100,g,67.0,10.2,1.36,3.6,0.0,3.24,36.0,low_calorie,breakfast,milk,medium,sữa chua Hy Lạp
greek yogurt,171309,"Yogurt, Greek, whole, plain, CHOBANI",SR Legacy,Dairy and Egg Products,100,g,82.0,8.24,4.01,3.24,0.8,,35.0,low_calorie,breakfast,milk,medium,sữa chua Hy Lạp
greek yogurt,170891,"Yogurt, Greek, 2% fat,mixed berry blend, CHOBANI",SR Legacy,Dairy and Egg Products,100,g,93.0,8.26,1.83,10.9,0.6,,41.0,low_calorie,breakfast,milk,medium,sữa chua Hy Lạp
greek yogurt,173434,"Yogurt, Greek, 2% fat, key lime blend, CHOBANI",SR Legacy,Dairy and Egg Products,100,g,92.0,7.75,1.47,11.9,0.5,,40.0,low_calorie,breakfast,milk,medium,sữa chua Hy Lạp
greek yogurt,172199,"Yogurt, Greek, 2% fat, mango, CHOBANI",SR Legacy,Dairy and Egg Products,100,g,93.0,7.64,1.69,11.8,0.5,,30.0,low_calorie,breakfast,milk,medium,sữa chua Hy Lạp
greek yogurt,2705422,"Yogurt, Greek, whole milk, plain",Survey (FNDDS),"Yogurt, Greek",100,g,94.0,8.78,4.39,4.75,0.0,3.25,34.0,low_calorie,breakfast,milk,medium,sữa chua Hy Lạp
greek yogurt,170909,"Yogurt, Greek, 2% fat, pineapple, CHOBANI",SR Legacy,Dairy and Egg Products,100,g,94.0,7.05,1.82,12.3,0.7,,33.0,low_calorie,breakfast,milk,medium,sữa chua Hy Lạp
greek yogurt,2705415,"Yogurt, Greek, NS as to type of milk or flavor",Survey (FNDDS),"Yogurt, Greek",100,g,91.0,9.11,1.33,10.78,0.1,8.21,35.0,low_calorie,breakfast,milk,medium,sữa chua Hy Lạp
greek yogurt,2705441,"Yogurt, Greek, with oats",Survey (FNDDS),"Yogurt, Greek",100,g,149.0,9.22,3.67,20.02,1.5,10.74,58.0,,breakfast,milk,medium,sữa chua Hy Lạp
greek yogurt,2647437,"Yogurt, plain, nonfat",Foundation,Dairy and Egg Products,100,g,50.1,4.23,0.0875,8.08,,,51.5,low_calorie,breakfast,milk,medium,sữa chua Hy Lạp
greek yogurt,170887,"Yogurt, plain, skim milk",SR Legacy,Dairy and Egg Products,100,g,56.0,5.73,0.18,7.68,0.0,7.68,77.0,low_calorie,breakfast,milk,medium,sữa chua Hy Lạp
greek yogurt,170886,"Yogurt, plain, low fat",SR Legacy,Dairy and Egg Products,100,g,63.0,5.25,1.55,7.04,0.0,7.04,70.0,low_calorie,breakfast,milk,medium,sữa chua Hy Lạp
greek yogurt,2259793,"Yogurt, plain, whole milk",Foundation,Dairy and Egg Products,100,g,77.3,3.82,4.48,5.57,,4.09,41.8,low_calorie,breakfast,milk,medium,sữa chua Hy Lạp
greek yogurt,171284,"Yogurt, plain, whole milk",SR Legacy,Dairy and Egg Products,100,g,61.0,3.47,3.25,4.66,0.0,4.66,46.0,low_calorie,breakfast,milk,medium,sữa chua Hy Lạp
lentils,174284,"Lentils, pink or red, raw",SR Legacy,Legumes and Legume Products,100,g,358.0,23.9,2.17,63.1,10.8,,7.0,high_protein|high_fiber|plant_forward,meal,,,
lentils,172420,"Lentils, raw",SR Legacy,Legumes and Legume Products,100,g,352.0,24.6,1.06,63.4,10.7,2.03,6.0,high_protein|high_fiber|plant_forward,meal,,,
lentils,2644283,"Lentils, dry",Foundation,Legumes and Legume Products,100,g,351.0,23.6,1.92,62.2,,,0.0,high_protein|plant_forward,meal,,,
lentils,2709130,Vada,Survey (FNDDS),Turnovers and other grain-based items,100,g,266.0,12.75,9.73,33.25,5.8,1.31,315.0,high_fiber,meal,,,
lentils,172421,"Lentils, mature seeds, cooked, boiled, without salt",SR Legacy,Legumes and Legume Products,100,g,116.0,9.02,0.38,20.1,7.9,1.8,2.0,low_calorie|high_fiber|plant_forward,meal,,,
lentils,175254,"Lentils, mature seeds, cooked, boiled, with salt",SR Legacy,Legumes and Legume Products,100,g,114.0,9.02,0.38,19.5,7.9,1.8,238.0,low_calorie|high_fiber|plant_forward,meal,,,
lentils,2707425,"Lentils, from dried, no added fat",Survey (FNDDS),"Beans, peas, legumes",100,g,115.0,8.97,0.38,20.01,7.9,1.79,233.0,low_calorie|high_fiber|plant_forward,meal,,,
lentils,2707427,Dal,Survey (FNDDS),"Beans, peas, legumes",100,g,145.0,8.6,4.31,19.17,7.5,1.71,309.0,high_fiber|plant_forward,meal,,,
lentils,2707423,"Lentils, NFS",Survey (FNDDS),"Beans, peas, legumes",100,g,166.0,8.38,6.86,18.71,7.3,1.67,218.0,high_fiber|plant_forward,meal,,,
lentils,2707424,"Lentils, from dried, fat added",Survey (FNDDS),"Beans, peas, legumes",100,g,166.0,8.38,6.86,18.71,7.3,1.67,218.0,high_fiber|plant_forward,meal,,,
lentils,2707426,"Lentils, from canned",Survey (FNDDS),"Beans, peas, legumes",100,g,166.0,8.36,6.84,18.66,7.3,1.67,325.0,high_fiber|plant_forward,meal,,,
lentils,168427,"Lentils, sprouted, raw",SR Legacy,Vegetables and Vegetable Products,100,g,106.0,8.96,0.55,22.1,,,11.0,low_calorie|plant_forward,meal,,,
lentils,2707463,"Soup, lentil, with meat",Survey (FNDDS),"Soups, broth-based",100,g,78.0,5.94,2.3,8.76,3.2,1.43,249.0,low_calorie|plant_forward,meal,,,
lentils,2708927,Pasta with tomato-based sauce and beans or lentils,Survey (FNDDS),"Pasta mixed dishes, excludes macaroni and cheese",100,g,125.0,5.23,2.28,20.94,3.0,2.2,250.0,plant_forward,meal,milk|wheat,,
lentils,2707462,"Soup, lentil",Survey (FNDDS),"Soups, broth-based",100,g,60.0,3.82,0.69,10.2,3.7,1.72,244.0,low_calorie|plant_forward,meal,,,
lentils,2707431,Lentil curry,Survey (FNDDS),"Bean, pea, legume dishes",100,g,111.0,3.68,5.65,12.33,3.4,3.21,383.0,low_calorie|plant_forward,meal,,,
lentils,2707432,Lentil curry with rice,Survey (FNDDS),"Bean, pea, legume dishes",100,g,118.0,3.28,3.5,18.6,2.2,1.95,328.0,low_calorie|plant_forward,meal,,,
lentils,171577,"SMART SOUP, French Lentil",SR Legacy,"Soups, Sauces, and Gravies",100,g,53.0,2.9,1.06,9.5,2.9,2.6,131.0,low_calorie|plant_forward,meal,,,
lentils,171549,"Soup, lentil with ham, canned, ready-to-serve",SR Legacy,"Soups, Sauces, and Gravies",100,g,56.0,3.74,1.12,8.16,,,532.0,low_calorie|plant_forward,meal,,,
lentils,2707461,"Soup, lentil, canned, reduced sodium",Survey (FNDDS),"Soups, broth-based",100,g,43.0,2.49,0.64,7.23,2.5,1.46,188.0,low_calorie|plant_forward,meal,,,
lentils,2707460,"Soup, lentil, canned",Survey (FNDDS),"Soups, broth-based",100,g,43.0,2.48,0.64,7.22,2.5,1.46,264.0,low_calorie|plant_forward,meal,,,
lettuce,2706816,"Asian chicken or turkey garden salad, chicken and/or turkey, lettuce, fruit, nuts, no dressing",Survey (FNDDS),Poultry mixed dishes,100,g,130.0,11.44,5.46,9.5,1.9,2.99,176.0,plant_forward,snack,,,
lettuce,2706812,"Chicken or turkey garden salad with bacon and cheese, chicken and/or turkey, bacon, cheese, lettuce and/or greens, tomato and/or carrots, other vegetables, no dressing",Survey (FNDDS),Poultry mixed dishes,100,g,106.0,10.95,5.61,3.0,0.9,1.09,228.0,low_calorie|plant_forward,meal,milk,,
lettuce,2706814,"Chicken or turkey garden salad with cheese, chicken and/or turkey, cheese, lettuce and/or greens, tomato and/or carrots, other vegetables, no dressing",Survey (FNDDS),Poultry mixed dishes,100,g,93.0,10.26,4.52,3.02,0.9,1.12,176.0,low_calorie|plant_forward,meal,milk,,
lettuce,2706817,"Asian chicken or turkey garden salad with crispy noodles, chicken and/or turkey, lettuce, fruit, nuts, crispy noodles, no dressing",Survey (FNDDS),Poultry mixed dishes,100,g,116.0,10.24,5.26,8.11,1.8,3.0,167.0,low_calorie|plant_forward,snack,wheat,,
lettuce,2706842,"Shrimp garden salad, shrimp, lettuce, eggs, vegetables excluding tomato and carrots, no dressing",Survey (FNDDS),Seafood mixed dishes,100,g,67.0,8.8,2.14,2.39,0.7,1.01,303.0,low_calorie|plant_forward,breakfast,egg|shellfish,,
lettuce,2706818,"Chicken or turkey caesar garden salad, chicken and/or turkey, lettuce, tomato, cheese, no dressing",Survey (FNDDS),Poultry mixed dishes,100,g,63.0,8.52,1.94,2.99,1.0,0.99,265.0,low_calorie,meal,milk,,
lettuce,2706847,"Seafood garden salad with seafood, lettuce, eggs, vegetables excluding tomato and carrots, no dressing",Survey (FNDDS),Seafood mixed dishes,100,g,64.0,8.41,2.05,2.39,0.7,1.01,256.0,low_calorie|plant_forward,breakfast,egg,,
lettuce,2706841,"Shrimp garden salad, shrimp, lettuce, eggs, tomato and/or carrots, other vegetables, no dressing",Survey (FNDDS),Seafood mixed dishes,100,g,65.0,8.28,2.04,2.77,0.8,1.25,289.0,low_calorie|plant_forward,breakfast,egg|shellfish,,
lettuce,2706848,"Seafood garden salad with seafood, lettuce, eggs, tomato and/or carrots, other vegetables, no dressing",Survey (FNDDS),Seafood mixed dishes,100,g,62.0,7.91,1.95,2.77,0.8,1.25,245.0,low_calorie|plant_forward,breakfast,egg,,
lettuce,2706845,"Seafood garden salad with seafood, lettuce, vegetables excluding tomato and carrots, no dressing",Survey (FNDDS),Seafood mixed dishes,100,g,47.0,7.66,0.5,2.62,0.8,0.99,280.0,low_calorie|plant_forward,meal,,,
lettuce,2706846,"Seafood garden salad with seafood, lettuce, tomato and/or carrots, other vegetables, no dressing",Survey (FNDDS),Seafood mixed dishes,100,g,47.0,7.12,0.49,3.04,1.0,1.27,266.0,low_calorie|plant_forward,meal,,,
lettuce,2705818,"Mozzarella cheese, tomato, and basil, with oil and vinegar dressing",Survey (FNDDS),"Coleslaw, non-lettuce salads",100,g,139.0,7.17,10.87,3.86,0.8,2.32,209.0,,meal,milk,,
lettuce,2709825,"Lettuce, salad with cheese, tomato and/or carrots, with or without other vegetables, no dressing",Survey (FNDDS),Lettuce and lettuce salads,100,g,91.0,4.94,6.08,4.2,1.2,1.63,146.0,low_calorie|plant_forward,meal,milk,,
lettuce,2709591,"Caesar salad, with romaine, no dressing",Survey (FNDDS),Lettuce and lettuce salads,100,g,77.0,4.0,3.41,7.49,1.8,1.23,238.0,low_calorie,meal,,,
lettuce,2709827,"Lettuce, salad with egg, cheese, tomato, and/or carrots, with or without other vegetables, no dressing",Survey (FNDDS),Lettuce and lettuce salads,100,g,71.0,4.24,4.36,3.7,1.2,1.63,106.0,low_calorie|plant_forward,breakfast,milk|egg,,
lettuce,2709829,"Seven-layer salad, lettuce salad made with a combination of onion, celery, green pepper, peas, mayonnaise, cheese, eggs, and/or bacon",Survey (FNDDS),Vegetable dishes,100,g,229.0,4.7,20.71,5.79,1.2,3.19,265.0,plant_forward,breakfast,milk|egg,,
lettuce,2709826,"Lettuce, salad with egg, tomato, and/or carrots, with or without other vegetables, no dressing",Survey (FNDDS),Lettuce and lettuce salads,100,g,50.0,3.4,2.31,3.88,1.2,1.74,56.0,low_calorie|plant_forward,breakfast,egg,,
lettuce,2709828,"Lettuce, wilted, with bacon dressing",Survey (FNDDS),Vegetable dishes,100,g,84.0,2.77,6.31,3.44,1.0,0.66,118.0,low_calorie|plant_forward,meal,,,
lettuce,2709791,"Lettuce, arugula, raw",Survey (FNDDS),Lettuce and lettuce salads,100,g,25.0,2.58,0.66,3.65,1.6,2.05,27.0,low_calorie,meal,,,
lettuce,169247,"Lettuce, cos or romaine, raw",SR Legacy,Vegetables and Vegetable Products,100,g,17.0,1.23,0.3,3.29,2.1,1.19,8.0,low_calorie|plant_forward,meal,,,
lettuce,169249,"Lettuce, green leaf, raw",SR Legacy,Vegetables and Vegetable Products,100,g,15.0,1.36,0.15,2.87,1.3,0.78,28.0,low_calorie|plant_forward,meal,,,
lettuce,2709613,"Radicchio, raw",Survey (FNDDS),Lettuce and lettuce salads,100,g,23.0,1.43,0.25,4.48,0.9,0.6,22.0,low_calorie,meal,,,
lettuce,2709792,"Mixed salad greens, raw",Survey (FNDDS),Lettuce and lettuce salads,100,g,21.0,1.31,0.21,3.43,1.4,0.97,41.0,low_calorie,meal,,,
lettuce,168431,"Lettuce, red leaf, raw",SR Legacy,Vegetables and Vegetable Products,100,g,13.0,1.33,0.22,2.26,0.9,0.48,25.0,low_calorie|plant_forward,meal,,,
lettuce,168429,"Lettuce, butterhead (includes boston and bibb types), raw",SR Legacy,Vegetables and Vegetable Products,100,g,13.0,1.35,0.22,2.23,1.1,0.94,5.0,low_calorie|plant_forward,meal,,,
lettuce,2709590,"Romaine lettuce, raw",Survey (FNDDS),Lettuce and lettuce salads,100,g,21.0,0.98,0.07,4.06,1.8,1.19,23.0,low_calorie,meal,,,
lettuce,2709823,"Lettuce, salad with assorted vegetables excluding tomatoes and carrots, no dressing",Survey (FNDDS),Lettuce and lettuce salads,100,g,23.0,1.19,0.19,4.09,1.3,1.55,34.0,low_calorie|plant_forward,meal,,,
lettuce,2709790,"Lettuce, Boston, raw",Survey (FNDDS),Lettuce and lettuce salads,100,g,18.0,0.88,0.11,3.26,0.9,0.48,25.0,low_calorie,meal,,,
lettuce,2709789,"Lettuce, raw",Survey (FNDDS),Lettuce and lettuce salads,100,g,20.0,0.92,0.1,3.69,1.3,1.1,23.0,low_calorie,meal,,,
lettuce,2709949,"Lettuce, cooked",Survey (FNDDS),Lettuce and lettuce salads,100,g,49.0,1.06,3.11,4.21,1.5,1.26,169.0,low_calorie,meal,,,
lettuce,2346391,"Lettuce, leaf, green, raw",Foundation,Vegetables and Vegetable Products,100,g,18.5,1.09,0.156,4.07,,,28.9,low_calorie|plant_forward,meal,,,
lettuce,2709822,"Lettuce, salad with assorted vegetables including tomatoes and/or carrots, no dressing",Survey (FNDDS),Lettuce and lettuce salads,100,g,24.0,1.07,0.2,4.58,1.5,1.9,39.0,low_calorie|plant_forward,meal,,,
lettuce,2346389,"Lettuce, romaine, green, raw",Foundation,Vegetables and Vegetable Products,100,g,17.5,0.977,0.0712,4.06,,,23.0,low_calorie|plant_forward,meal,,,
lettuce,2346390,"Lettuce, leaf, red, raw",Foundation,Vegetables and Vegetable Products,100,g,14.7,0.883,0.106,3.26,,,24.9,low_calorie|plant_forward,meal,,,
lettuce,746769,"Lettuce, cos or romaine, raw",Foundation,Vegetables and Vegetable Products,100,g,17.0,1.24,0.26,3.0,0.1,1.19,,low_calorie|plant_forward,meal,,,
lettuce,2346388,"Lettuce, iceberg, raw",Foundation,Vegetables and Vegetable Products,100,g,14.5,0.742,0.0738,3.37,,,16.1,low_calorie|plant_forward,meal,,,
lettuce,169248,"Lettuce, iceberg (includes crisphead types), raw",SR Legacy,Vegetables and Vegetable Products,100,g,14.0,0.9,0.14,2.97,1.2,1.97,10.0,low_calorie|plant_forward,meal,,,
lettuce,2709819,"Cucumber salad, made with sour cream dressing",Survey (FNDDS),"Coleslaw, non-lettuce salads",100,g,66.0,1.3,5.18,3.7,0.4,2.16,219.0,low_calorie,meal,,,
lettuce,2709815,Coleslaw,Survey (FNDDS),"Coleslaw, non-lettuce salads",100,g,117.0,0.94,7.98,10.45,1.9,7.44,280.0,low_calorie,meal,,,
lettuce,2709820,"Cucumber salad, made with Italian dressing",Survey (FNDDS),"Coleslaw, non-lettuce salads",100,g,120.0,0.46,9.96,6.19,0.5,4.78,207.0,low_calorie,meal,,,
lettuce,2709821,Cucumber salad made with cucumber and vinegar,Survey (FNDDS),"Coleslaw, non-lettuce salads",100,g,34.0,0.5,0.13,6.79,0.5,5.33,236.0,low_calorie,meal,,,
lettuce,2709817,"Coleslaw, with fruit",Survey (FNDDS),"Coleslaw, non-lettuce salads",100,g,113.0,0.91,6.34,13.65,2.1,10.15,222.0,low_calorie|plant_forward,snack,,,
lettuce,2709818,Cucumber and vegetable namasu,Survey (FNDDS),"Coleslaw, non-lettuce salads",100,g,56.0,0.47,0.18,12.22,0.6,10.78,120.0,low_calorie|plant_forward,meal,,,
mango,2709739,"Salsa, red, homemade",Survey (FNDDS),Tomato-based condiments,100,g,34.0,1.44,0.19,6.74,1.8,3.81,656.0,low_calorie,meal,,,
mango,2709246,"Papaya, raw",Survey (FNDDS),Mango and papaya,100,g,43.0,0.47,0.26,10.82,1.7,7.82,8.0,low_calorie,meal,,,
mango,2710833,"Mango, Tommy Atkins, peeled, raw",Foundation,Fruits and Fruit Juices,100,g,61.6,0.562,0.572,15.3,1.75,10.7,0.0,low_calorie|plant_forward,snack,,,
mango,2710834,"Mango, Ataulfo, peeled, raw",Foundation,Fruits and Fruit Juices,100,g,70.6,0.688,0.681,17.4,1.29,11.1,0.0,low_calorie|plant_forward,snack,,,
mango,2709247,"Papaya, canned",Survey (FNDDS),Mango and papaya,100,g,52.0,0.35,0.21,13.1,1.3,10.86,7.0,low_calorie,meal,,,
mango,2709244,"Mango, frozen",Survey (FNDDS),Mango and papaya,100,g,60.0,0.82,0.38,14.98,1.6,13.66,1.0,low_calorie,meal,,,
mango,2709242,"Mango, raw",Survey (FNDDS),Mango and papaya,100,g,60.0,0.82,0.38,14.98,1.6,13.66,1.0,low_calorie,meal,,,
mango,169910,"Mangos, raw",SR Legacy,Fruits and Fruit Juices,100,g,60.0,0.82,0.38,15.0,1.6,13.7,1.0,low_calorie|plant_forward,snack,,,
mango,167795,"Fruit juice smoothie, NAKED JUICE, MIGHTY MANGO",SR Legacy,Fruits and Fruit Juices,100,g,63.0,0.42,0.0,15.0,0.0,12.5,4.0,low_calorie|plant_forward,snack,,,
mango,167785,"Mango nectar, canned",SR Legacy,Fruits and Fruit Juices,100,g,51.0,0.11,0.06,13.1,0.3,12.4,5.0,low_calorie|plant_forward,snack,,,
mango,2709243,"Mango, canned",Survey (FNDDS),Mango and papaya,100,g,65.0,0.62,0.3,16.22,1.2,15.24,1.0,low_calorie,meal,,,
mango,2709205,"Mango, dried",Survey (FNDDS),Dried fruits,100,g,319.0,2.45,1.18,78.58,2.4,66.27,162.0,plant_forward,snack,,,
melon,2709641,"Bitter melon, horseradish, jute, or radish leaves, cooked",Survey (FNDDS),Other dark green vegetables,100,g,56.0,3.49,2.74,6.47,1.8,1.01,134.0,low_calorie|plant_forward,meal,,,
melon,167791,Horned melon (Kiwano),SR Legacy,Fruits and Fruit Juices,100,g,44.0,1.78,1.26,7.56,,,2.0,low_calorie|plant_forward,snack,,,
melon,170069,"Waxgourd, (chinese preserving melon), raw",SR Legacy,Vegetables and Vegetable Products,100,g,13.0,0.4,0.2,3.0,2.9,,111.0,low_calorie|plant_forward,meal,,,
melon,169912,"Melon balls, frozen",SR Legacy,Fruits and Fruit Juices,100,g,33.0,0.84,0.25,7.94,0.7,,31.0,low_calorie|plant_forward,snack,,,
melon,2709878,"Bitter melon, cooked",Survey (FNDDS),Other vegetables and combinations,100,g,41.0,0.82,2.72,4.19,1.9,1.89,127.0,low_calorie|plant_forward,meal,,,
melon,170475,"Waxgourd, (chinese preserving melon), cooked, boiled, drained, without salt",SR Legacy,Vegetables and Vegetable Products,100,g,14.0,0.4,0.2,3.04,1.0,1.18,107.0,low_calorie|plant_forward,meal,,,
melon,2710004,"Winter melon, cooked",Survey (FNDDS),Other vegetables and combinations,100,g,36.0,0.4,2.74,2.95,1.0,1.15,225.0,low_calorie|plant_forward,meal,,,
melon,170549,"Waxgourd, (chinese preserving melon), cooked, boiled, drained, with salt",SR Legacy,Vegetables and Vegetable Products,100,g,11.0,0.4,0.2,2.45,1.0,1.18,343.0,low_calorie|plant_forward,meal,,,
melon,167629,"Melon, banana (Navajo)",SR Legacy,American Indian/Alaska Native Foods,100,g,21.0,0.84,0.2,4.06,0.3,3.36,11.0,low_calorie,meal,,,
melon,169093,"Melons, casaba, raw",SR Legacy,Fruits and Fruit Juices,100,g,28.0,1.11,0.1,6.58,0.9,5.69,9.0,low_calorie|plant_forward,snack,,,
melon,2709270,"Watermelon, raw",Survey (FNDDS),Melons,100,g,30.0,0.61,0.15,7.55,0.4,6.2,1.0,low_calorie,meal,,,
melon,169092,"Melons, cantaloupe, raw",SR Legacy,Fruits and Fruit Juices,100,g,34.0,0.84,0.19,8.16,0.9,7.86,16.0,low_calorie|plant_forward,snack,,,
melon,2709227,"Melon, frozen",Survey (FNDDS),Melons,100,g,35.0,0.66,0.16,8.27,0.7,7.4,16.0,low_calorie,meal,,,
melon,2709226,"Cantaloupe, raw",Survey (FNDDS),Melons,100,g,38.0,0.82,0.18,8.16,0.8,7.88,30.0,low_calorie,meal,,,
melon,746770,"Melons, cantaloupe, raw",Foundation,Fruits and Fruit Juices,100,g,34.0,0.82,0.18,8.69,0.5,7.88,30.0,low_calorie|plant_forward,snack,,,
melon,2710816,"Melons, honeydew, raw",Foundation,Fruits and Fruit Juices,100,g,32.9,0.531,0.216,8.15,,7.03,21.2,low_calorie|plant_forward,snack,,,
melon,2709241,"Honeydew melon, raw",Survey (FNDDS),Melons,100,g,36.0,0.54,0.14,9.09,0.8,8.12,18.0,low_calorie,meal,,,
melon,169911,"Melons, honeydew, raw",SR Legacy,Fruits and Fruit Juices,100,g,36.0,0.54,0.14,9.09,0.8,8.12,18.0,low_calorie|plant_forward,snack,,,
milk,172193,"Milk, reduced fat, fluid, 2% milkfat, with added nonfat milk solids, without added vitamin A",SR Legacy,Dairy and Egg Products,100,g,56.0,3.95,1.98,5.49,0.0,,59.0,low_calorie,breakfast,milk,low,sữa
milk,170873,"Milk, lowfat, fluid, 1% milkfat, with added nonfat milk solids, vitamin A and vitamin D",SR Legacy,Dairy and Egg Products,100,g,43.0,3.48,0.97,4.97,0.0,,52.0,low_calorie,breakfast,milk,low,sữa
milk,170870,"Milk, reduced fat, fluid, 2% milkfat, with added nonfat milk solids and vitamin A and vitamin D",SR Legacy,Dairy and Egg Products,100,g,51.0,3.48,1.92,4.97,0.0,,52.0,low_calorie,breakfast,milk,low,sữa
milk,167697,"Milk, buttermilk, fluid, cultured, reduced fat",SR Legacy,Dairy and Egg Products,100,g,56.0,4.1,2.0,5.3,0.0,5.3,105.0,low_calorie,breakfast,milk,low,sữa
milk,171270,"Milk, nonfat, fluid, with added nonfat milk solids, vitamin A and vitamin D (fat free or skim)",SR Legacy,Dairy and Egg Products,100,g,37.0,3.57,0.25,5.02,0.0,5.02,53.0,low_calorie,breakfast,milk,low,sữa
milk,169868,"Milk, fluid, nonfat, calcium fortified (fat free or skim)",SR Legacy,Dairy and Egg Products,100,g,35.0,3.4,0.18,4.85,0.0,4.85,52.0,low_calorie,breakfast,milk,low,sữa
milk,2705386,"Milk, reduced fat (2%)",Survey (FNDDS),"Milk, reduced fat",100,g,50.0,3.36,1.9,4.9,0.0,4.89,39.0,low_calorie,meal,milk,low,sữa
milk,2705385,"Milk, whole",Survey (FNDDS),"Milk, whole",100,g,61.0,3.27,3.2,4.63,0.0,4.81,38.0,low_calorie,meal,milk,low,sữa
milk,746782,"Milk, whole, 3.25% milkfat, with added vitamin D",Foundation,Dairy and Egg Products,100,g,60.0,3.27,3.2,4.63,,4.81,38.0,low_calorie,breakfast,milk,low,sữa
milk,172225,"Milk, buttermilk, fluid, whole",SR Legacy,Dairy and Egg Products,100,g,62.0,3.21,3.31,4.88,0.0,4.88,105.0,low_calorie,breakfast,milk,low,sữa
milk,171265,"Milk, whole, 3.25% milkfat, with added vitamin D",SR Legacy,Dairy and Egg Products,100,g,61.0,3.15,3.25,4.8,0.0,5.05,43.0,low_calorie,breakfast,milk,low,sữa
milk,170874,"Milk, buttermilk, fluid, cultured, lowfat",SR Legacy,Dairy and Egg Products,100,g,40.0,3.31,1.07,4.79,0.0,5.36,148.0,low_calorie,breakfast,milk,low,sữa
milk,170040,"Potatoes, mashed, dehydrated, prepared from granules without milk, whole milk and butter added",SR Legacy,Vegetables and Vegetable Products,100,g,108.0,2.05,4.96,14.4,2.2,,257.0,low_calorie|plant_forward,meal,milk,low,sữa
milk,168554,"Potatoes, mashed, prepared from granules, without milk, whole milk and margarine",SR Legacy,Vegetables and Vegetable Products,100,g,108.0,2.05,4.93,14.4,2.2,,263.0,low_calorie|plant_forward,meal,milk,low,sữa
milk,169372,"Potatoes, mashed, dehydrated, prepared from flakes without milk, whole milk and margarine added",SR Legacy,Vegetables and Vegetable Products,100,g,113.0,1.9,5.6,15.0,2.3,,332.0,low_calorie|plant_forward,meal,milk,low,sữa
milk,172194,"Milk, canned, evaporated, with added vitamin A",SR Legacy,Dairy and Egg Products,100,g,134.0,6.81,7.56,10.0,0.0,,106.0,,breakfast,milk,low,sữa
milk,170446,"Potatoes, mashed, dehydrated, prepared from flakes without milk, whole milk and butter added",SR Legacy,Vegetables and Vegetable Products,100,g,97.0,1.77,5.13,10.9,0.8,1.61,164.0,low_calorie|plant_forward,meal,milk,low,sữa
milk,170882,"Milk, sheep, fluid",SR Legacy,Dairy and Egg Products,100,g,108.0,5.98,7.0,5.36,0.0,,44.0,low_calorie,breakfast,milk,low,sữa
milk,171302,"Milk, evaporated, 2% fat, with added vitamin A and vitamin D",SR Legacy,Dairy and Egg Products,100,g,107.0,6.67,2.0,15.7,0.0,6.67,100.0,low_calorie,breakfast,milk,low,sữa
milk,171280,"Milk, indian buffalo, fluid",SR Legacy,Dairy and Egg Products,100,g,97.0,3.75,6.89,5.18,0.0,,52.0,low_calorie,breakfast,milk,low,sữa
milk,170861,"Milk, filled, fluid, with blend of hydrogenated vegetable oils",SR Legacy,Dairy and Egg Products,100,g,63.0,3.33,3.46,4.74,0.0,,57.0,low_calorie|plant_forward,breakfast,milk,low,sữa
milk,171266,"Milk, producer, fluid, 3.7% milkfat",SR Legacy,Dairy and Egg Products,100,g,64.0,3.28,3.66,4.65,0.0,,49.0,low_calorie,breakfast,milk,low,sữa
milk,170878,"Milk, canned, evaporated, nonfat, with added vitamin A and vitamin D",SR Legacy,Dairy and Egg Products,100,g,78.0,7.55,0.2,11.4,0.0,11.4,115.0,low_calorie,breakfast,milk,low,sữa
milk,2705400,"Milk, evaporated, reduced fat (2%)",Survey (FNDDS),"Milk, reduced fat",100,g,92.0,7.42,1.96,11.15,0.0,11.15,113.0,low_calorie,meal,milk,low,sữa
milk,171276,"Milk, canned, evaporated, with added vitamin D and without added vitamin A",SR Legacy,Dairy and Egg Products,100,g,134.0,6.81,7.56,10.0,0.0,10.0,106.0,,breakfast,milk,low,sữa
milk,2705398,"Milk, evaporated, NS as to fat content",Survey (FNDDS),"Milk, whole",100,g,134.0,6.81,7.56,10.04,0.0,10.04,106.0,,meal,milk,low,sữa
milk,2705399,"Milk, evaporated, whole",Survey (FNDDS),"Milk, whole",100,g,134.0,6.81,7.56,10.04,0.0,10.04,106.0,,meal,milk,low,sữa
milk,170905,"Yogurt, Greek, fruit, whole milk",SR Legacy,Dairy and Egg Products,100,g,106.0,7.33,3.0,12.3,0.0,12.0,37.0,low_calorie|plant_forward,breakfast,milk,low,sữa
milk,2705395,Goat milk,Survey (FNDDS),"Milk, whole",100,g,69.0,3.56,4.14,4.45,0.0,4.45,50.0,low_calorie,breakfast,milk,low,sữa
milk,171278,"Milk, goat, fluid, with added vitamin D",SR Legacy,Dairy and Egg Products,100,g,69.0,3.56,4.14,4.45,0.0,4.45,50.0,low_calorie,breakfast,milk,low,sữa
milk,171264,"Milk substitutes, fluid, with lauric acid oil",SR Legacy,Dairy and Egg Products,100,g,61.0,1.75,3.41,6.16,0.0,,78.0,low_calorie,breakfast,milk,low,sữa
milk,170862,"Milk, filled, fluid, with lauric acid oil",SR Legacy,Dairy and Egg Products,100,g,63.0,3.33,3.4,4.74,0.0,4.74,57.0,low_calorie,breakfast,milk,low,sữa
milk,2705391,"Milk, lactose free, reduced fat (2%)",Survey (FNDDS),"Milk, reduced fat",100,g,50.0,3.36,1.9,4.9,0.0,4.89,39.0,low_calorie,meal,milk,low,sữa
milk,2705389,"Milk, lactose free, low fat (1%)",Survey (FNDDS),"Milk, lowfat",100,g,43.0,3.38,0.95,5.18,0.0,4.96,39.0,low_calorie,meal,milk,low,sữa
milk,2705387,"Milk, low fat (1%)",Survey (FNDDS),"Milk, lowfat",100,g,43.0,3.38,0.95,5.18,0.0,4.96,39.0,low_calorie,meal,milk,low,sữa
milk,2705384,"Milk, NFS",Survey (FNDDS),"Milk, reduced fat",100,g,52.0,3.33,2.14,4.83,0.0,4.88,39.0,low_calorie,meal,milk,low,sữa
milk,170875,"Milk, low sodium, fluid",SR Legacy,Dairy and Egg Products,100,g,61.0,3.1,3.46,4.46,0.0,4.46,3.0,low_calorie,breakfast,milk,low,sữa
milk,2705392,"Milk, lactose free, whole",Survey (FNDDS),"Milk, whole",100,g,61.0,3.27,3.2,4.63,0.0,4.81,38.0,low_calorie,meal,milk,low,sữa
milk,2705401,"Milk, evaporated, fat free (skim)",Survey (FNDDS),"Milk, nonfat",100,g,78.0,7.55,0.2,11.35,0.0,11.35,115.0,low_calorie,meal,milk,low,sữa
milk,167730,"Milk, imitation, non-soy",SR Legacy,Dairy and Egg Products,100,g,46.0,1.6,2.0,5.3,0.0,5.3,55.0,low_calorie,breakfast,milk,low,sữa
milk,171279,"Milk, human, mature, fluid (For Reference Only)",SR Legacy,Dairy and Egg Products,100,g,70.0,1.03,4.38,6.89,0.0,6.89,17.0,low_calorie,breakfast,milk,low,sữa
milk,2705388,"Milk, fat free (skim)",Survey (FNDDS),"Milk, nonfat",100,g,34.0,3.43,0.08,4.92,0.0,5.05,41.0,low_calorie,meal,milk,low,sữa
milk,2705390,"Milk, lactose free, fat free (skim)",Survey (FNDDS),"Milk, nonfat",100,g,34.0,3.43,0.08,4.92,0.0,5.05,41.0,low_calorie,meal,milk,low,sữa
noodles,2708809,"Adobo, with noodles",Survey (FNDDS),Poultry mixed dishes,100,g,172.0,16.89,7.66,8.14,0.4,0.03,510.0,high_protein,meal,wheat,,
noodles,169731,"Noodles, egg, dry, enriched",SR Legacy,Cereal Grains and Pasta,100,g,384.0,14.2,4.44,71.3,3.3,1.88,21.0,,breakfast,egg|wheat,,
noodles,169755,"Noodles, egg, dry, unenriched",SR Legacy,Cereal Grains and Pasta,100,g,384.0,14.2,4.44,71.3,3.3,1.88,21.0,,breakfast,egg|wheat,,
noodles,168906,"Noodles, japanese, soba, dry",SR Legacy,Cereal Grains and Pasta,100,g,336.0,14.4,0.71,74.6,,,792.0,,breakfast,wheat,,
noodles,168905,"Noodles, chinese, chow mein",SR Legacy,Cereal Grains and Pasta,100,g,471.0,10.9,21.2,63.6,6.7,0.0,866.0,high_fiber,breakfast,wheat,,
noodles,2706488,Beef and noodles with soy-based sauce,Survey (FNDDS),Stir-fry and soy-based sauce mixtures,100,g,173.0,13.19,10.05,7.54,0.6,0.86,273.0,,meal,wheat|soy,,
noodles,2708823,Macaroni or noodles with cheese and chicken or turkey,Survey (FNDDS),Macaroni and cheese,100,g,178.0,12.53,7.61,14.82,0.7,2.31,229.0,,meal,milk|wheat,,
noodles,168908,"Noodles, japanese, somen, dry",SR Legacy,Cereal Grains and Pasta,100,g,356.0,11.4,0.81,74.1,4.3,,1840.0,,breakfast,wheat,,
noodles,2708818,Macaroni or noodles with cheese and meat,Survey (FNDDS),Macaroni and cheese,100,g,210.0,11.79,11.16,15.14,0.7,2.36,238.0,,meal,milk|wheat,,
noodles,2708354,"Noodles, chow mein",Survey (FNDDS),"Crackers, excludes saltines",100,g,521.0,10.33,31.72,51.9,1.9,0.25,378.0,,meal,wheat,,
noodles,2706533,Chicken or turkey and noodles with cheese sauce,Survey (FNDDS),Poultry mixed dishes,100,g,146.0,8.95,6.16,13.56,0.6,0.24,341.0,,meal,milk|wheat,,
noodles,2706558,Shrimp and noodles with cheese sauce,Survey (FNDDS),Seafood mixed dishes,100,g,136.0,8.18,5.37,13.45,0.6,0.24,192.0,,meal,milk|shellfish|wheat,,
noodles,2708811,Macaroni or noodles with cheese,Survey (FNDDS),Macaroni and cheese,100,g,223.0,8.68,10.5,23.08,1.2,2.44,358.0,,meal,milk|wheat,,
noodles,2706482,Beef and noodles with tomato-based sauce,Survey (FNDDS),Meat mixed dishes,100,g,115.0,8.74,3.93,10.67,0.4,2.02,274.0,low_calorie,meal,wheat,,
noodles,2706484,Beef and noodles with gravy,Survey (FNDDS),Meat mixed dishes,100,g,139.0,7.7,5.07,15.39,0.7,0.32,304.0,,meal,wheat,,
noodles,2706529,"Chicken or turkey and noodles, no sauce",Survey (FNDDS),Poultry mixed dishes,100,g,148.0,7.73,6.14,15.47,0.7,0.25,353.0,,meal,wheat,,
noodles,2706553,"Shrimp and noodles, no sauce",Survey (FNDDS),Seafood mixed dishes,100,g,146.0,7.3,5.5,16.43,0.8,0.26,144.0,,meal,shellfish|wheat,,
noodles,2708353,"Noodles, whole grain, cooked",Survey (FNDDS),"Pasta, noodles, cooked grains",100,g,148.0,5.96,1.7,29.91,3.9,0.75,210.0,,meal,wheat,,
noodles,2706487,Beef and noodles with mushroom sauce,Survey (FNDDS),Meat mixed dishes,100,g,136.0,7.54,5.14,14.96,0.8,0.8,310.0,,meal,wheat,,
noodles,2706485,Beef and noodles with cream or white sauce,Survey (FNDDS),Meat mixed dishes,100,g,140.0,7.86,5.33,15.02,0.6,1.56,293.0,,meal,wheat,,
noodles,2706514,"Ham and noodles, no sauce",Survey (FNDDS),Meat mixed dishes,100,g,144.0,7.15,5.54,15.88,0.8,0.25,483.0,,meal,wheat,,
noodles,2706530,Chicken or turkey and noodles with gravy,Survey (FNDDS),Poultry mixed dishes,100,g,140.0,6.99,5.67,15.23,0.7,0.31,350.0,,meal,wheat,,
noodles,2706524,Lamb or mutton and noodles with gravy,Survey (FNDDS),Meat mixed dishes,100,g,141.0,6.8,5.48,15.63,0.7,0.32,314.0,,meal,wheat,,
noodles,2706531,Chicken or turkey and noodles with mushroom sauce,Survey (FNDDS),Poultry mixed dishes,100,g,136.0,6.92,5.46,14.86,0.8,0.8,337.0,,meal,wheat,,
noodles,2706559,Shrimp and noodles with tomato sauce,Survey (FNDDS),Seafood mixed dishes,100,g,134.0,6.46,5.22,15.39,1.1,1.36,172.0,,meal,shellfish|wheat,,
noodles,2706555,Shrimp and noodles with mushroom sauce,Survey (FNDDS),Seafood mixed dishes,100,g,133.0,6.31,5.24,15.05,0.8,0.79,226.0,,meal,shellfish|wheat,,
noodles,2706576,Fish and noodles with mushroom sauce,Survey (FNDDS),Seafood mixed dishes,100,g,131.0,6.3,5.11,14.79,0.8,0.79,312.0,,meal,fish|wheat,,
noodles,2706554,Shrimp and noodles with gravy,Survey (FNDDS),Seafood mixed dishes,100,g,131.0,6.02,5.18,14.7,0.6,0.3,178.0,,meal,shellfish|wheat,,
noodles,2706505,Ham and noodles with cream or white sauce,Survey (FNDDS),Meat mixed dishes,100,g,139.0,6.81,5.44,15.32,0.6,1.59,479.0,,meal,wheat,,
noodles,2709145,"Soup, noodle, NFS",Survey (FNDDS),"Soups, broth-based",100,g,90.0,5.48,2.99,10.08,0.8,0.62,290.0,low_calorie,meal,wheat,,
noodles,168907,"Noodles, japanese, soba, cooked",SR Legacy,Cereal Grains and Pasta,100,g,99.0,5.06,0.1,21.4,,,60.0,low_calorie,breakfast,wheat,,
noodles,169732,"Noodles, egg, enriched, cooked",SR Legacy,Cereal Grains and Pasta,100,g,138.0,4.54,2.07,25.2,1.2,0.4,5.0,,breakfast,egg|wheat,,
noodles,2708822,Macaroni or noodles with cheese and egg,Survey (FNDDS),Macaroni and cheese,100,g,185.0,5.91,9.52,19.0,0.8,2.96,176.0,,breakfast,milk|egg|wheat,,
noodles,2708928,"Macaroni or noodles, creamed, with cheese",Survey (FNDDS),Macaroni and cheese,100,g,158.0,4.72,5.49,22.03,1.3,0.68,260.0,,meal,milk|wheat,,
noodles,2708352,"Noodles, cooked",Survey (FNDDS),"Pasta, noodles, cooked grains",100,g,137.0,4.51,2.06,25.01,1.2,0.4,236.0,,meal,wheat,,
noodles,168909,"Noodles, japanese, somen, cooked",SR Legacy,Cereal Grains and Pasta,100,g,131.0,4.0,0.18,27.5,,,161.0,,breakfast,wheat,,
noodles,2709149,"Soup, chicken noodle",Survey (FNDDS),"Soups, broth-based",100,g,53.0,3.84,1.4,6.21,0.7,0.81,248.0,low_calorie,meal,wheat,,
noodles,2708814,"Macaroni or noodles with cheese, canned",Survey (FNDDS),Macaroni and cheese,100,g,82.0,3.38,2.46,11.52,0.5,0.5,302.0,low_calorie,meal,milk|wheat,,
noodles,2708820,Macaroni or noodles with cheese and tomato,Survey (FNDDS),Macaroni and cheese,100,g,148.0,3.94,6.53,18.72,1.1,3.35,131.0,,meal,milk|wheat,,
noodles,2709148,"Soup, chicken noodle, canned",Survey (FNDDS),"Soups, broth-based",100,g,42.0,2.38,0.98,6.02,0.8,1.2,267.0,low_calorie,meal,wheat,,
noodles,2708356,"Rice noodles, cooked",Survey (FNDDS),"Pasta, noodles, cooked grains",100,g,107.0,1.78,0.2,23.87,1.0,0.03,250.0,low_calorie,meal,wheat,,
noodles,171556,"CAMPBELL'S, Chicken Noodle Soup, condensed",SR Legacy,"Soups, Sauces, and Gravies",100,g,47.0,2.37,1.53,5.97,,0.0,683.0,low_calorie,meal,wheat,,
noodles,2709152,"Soup, ramen noodles, water added",Survey (FNDDS),Ramen and Asian broth-based soups,100,g,66.0,1.53,2.64,9.04,0.4,0.3,282.0,low_calorie,meal,wheat,,
oats,168872,"Oat bran, raw",SR Legacy,Cereal Grains and Pasta,100,g,246.0,17.3,7.03,66.2,15.4,1.45,4.0,high_protein|high_fiber,breakfast,wheat,low,yến mạch
oats,169705,Oats (Includes foods for USDA's Food Distribution Program),SR Legacy,Cereal Grains and Pasta,100,g,389.0,16.9,6.9,66.3,10.6,,2.0,high_protein|high_fiber,breakfast,wheat,low,yến mạch
oats,174626,"Cereals, QUAKER, Oat Bran, QUAKER/MOTHER'S Oat Bran, dry",SR Legacy,Breakfast Cereals,100,g,364.0,17.0,7.97,62.9,14.3,1.43,5.0,high_protein|high_fiber,breakfast,,low,yến mạch
oats,2346396,"Oats, whole grain, rolled, old fashioned",Foundation,Cereal Grains and Pasta,100,g,379.0,13.5,5.89,68.7,9.7,,0.668,high_fiber,breakfast,wheat,low,yến mạch
oats,2346397,"Oats, whole grain, steel cut",Foundation,Cereal Grains and Pasta,100,g,379.0,12.5,5.8,69.8,11.2,,0.311,high_fiber,breakfast,wheat,low,yến mạch
oats,173904,"Cereals, oats, regular and quick, not fortified, dry",SR Legacy,Breakfast Cereals,100,g,379.0,13.2,6.52,67.7,10.1,0.99,6.0,high_fiber,breakfast,,low,yến mạch
oats,174640,"Cereals, QUAKER, Quick Oats with Iron, Dry",SR Legacy,Breakfast Cereals,100,g,371.0,13.7,6.87,68.2,9.4,1.42,3.0,high_fiber,breakfast,,low,yến mạch
oats,172989,"Cereals, QUAKER, Quick Oats, Dry",SR Legacy,Breakfast Cereals,100,g,371.0,13.7,6.87,68.2,9.4,1.42,3.0,high_fiber,breakfast,,low,yến mạch
oats,2708489,"Oats, raw",Survey (FNDDS),Not included in a food category,100,g,379.0,13.15,6.52,67.7,10.1,0.99,6.0,high_fiber,breakfast,,low,yến mạch
oats,171661,"Cereals, oats, instant, fortified, plain, dry",SR Legacy,Breakfast Cereals,100,g,362.0,11.9,6.9,69.5,10.0,1.5,220.0,high_fiber,breakfast,,low,yến mạch
oats,172683,"Bread, reduced-calorie, oat bran, toasted",SR Legacy,Baked Products,100,g,239.0,9.5,3.8,49.2,14.3,4.2,547.0,high_fiber,breakfast,wheat,low,yến mạch
oats,2261421,"Flour, oat, whole grain",Foundation,Cereal Grains and Pasta,100,g,386.0,13.2,6.31,69.9,10.5,,3.62,high_fiber,breakfast,wheat,low,yến mạch
oats,169741,"Oat flour, partially debranned",SR Legacy,Cereal Grains and Pasta,100,g,404.0,14.7,9.12,65.7,6.5,0.8,19.0,high_fiber,breakfast,wheat,low,yến mạch
oats,172682,"Bread, reduced-calorie, oat bran",SR Legacy,Baked Products,100,g,201.0,8.0,3.2,41.3,12.0,3.52,459.0,high_fiber,breakfast,wheat,low,yến mạch
oats,172666,"Bagels, oat bran",SR Legacy,Baked Products,100,g,255.0,10.7,1.2,53.3,3.6,1.63,590.0,,breakfast,,low,yến mạch
oats,2708490,"Cereal, oat bran, ready-to-eat",Survey (FNDDS),Not included in a food category,100,g,403.0,10.4,10.15,68.34,12.9,15.59,235.0,high_fiber,breakfast,,low,yến mạch
oats,172677,"Bread, oat bran, toasted",SR Legacy,Baked Products,100,g,259.0,11.4,4.8,43.7,4.9,8.46,387.0,,breakfast,wheat,low,yến mạch
oats,2707772,"Bagel, oat bran",Survey (FNDDS),Bagels and English muffins,100,g,250.0,10.2,1.53,48.89,4.1,6.12,439.0,,breakfast,,low,yến mạch
oats,172676,"Bread, oat bran",SR Legacy,Baked Products,100,g,236.0,10.4,4.4,39.8,4.5,7.7,353.0,,breakfast,wheat,low,yến mạch
oats,172986,"Cereals ready-to-eat, QUAKER, MOTHER'S Toasted Oat Bran cereal",SR Legacy,Breakfast Cereals,100,g,372.0,11.4,5.04,75.4,8.6,15.6,653.0,high_fiber,breakfast,,low,yến mạch
oats,175028,"Rolls, dinner, oat bran",SR Legacy,Baked Products,100,g,236.0,9.5,4.6,40.2,4.1,6.67,413.0,,breakfast,,low,yến mạch
oats,168873,"Oat bran, cooked",SR Legacy,Cereal Grains and Pasta,100,g,40.0,3.21,0.86,11.4,2.6,,1.0,low_calorie,breakfast,wheat,low,yến mạch
oats,173892,"Cereals ready-to-eat, QUAKER, 100% Natural Granola, Oats, Wheat and Honey",SR Legacy,Breakfast Cereals,100,g,421.0,10.6,11.6,73.6,10.2,20.3,50.0,high_fiber,breakfast,wheat,low,yến mạch
oats,2707770,"Bread, oat bran",Survey (FNDDS),Yeast breads,100,g,299.0,9.33,4.89,53.89,4.4,9.04,497.0,,breakfast,wheat,low,yến mạch
oats,2707771,"Bread, oat bran, toasted",Survey (FNDDS),Yeast breads,100,g,296.0,9.23,4.84,53.3,4.4,8.94,491.0,,breakfast,wheat,low,yến mạch
oats,2707774,"Muffin, English, oat bran",Survey (FNDDS),Bagels and English muffins,100,g,269.0,8.4,4.4,48.5,4.0,8.14,447.0,,breakfast,,low,yến mạch
oats,2707840,"Muffin, oat bran",Survey (FNDDS),"Biscuits, muffins, quick breads",100,g,270.0,7.0,7.4,48.3,4.6,8.22,393.0,,breakfast,wheat,low,yến mạch
oats,172769,"Muffins, oat bran",SR Legacy,Baked Products,100,g,270.0,7.0,7.4,48.3,4.6,8.22,393.0,,breakfast,,low,yến mạch
oats,167725,"Cereals ready-to-eat, OAT BRAN FLAKES, HEALTH VALLEY",SR Legacy,Breakfast Cereals,100,g,380.0,10.0,3.0,78.0,8.0,22.0,380.0,high_fiber,breakfast,,low,yến mạch
oats,2708444,"Oat bran cereal, cooked",Survey (FNDDS),Grits and other cooked cereals,100,g,46.0,3.21,1.3,12.28,2.9,0.27,69.0,low_calorie,breakfast,,low,yến mạch
oats,2707775,"Muffin, English, oat bran, with raisins",Survey (FNDDS),Bagels and English muffins,100,g,272.0,7.89,3.98,51.58,4.0,13.84,405.0,,breakfast,,low,yến mạch
oats,173015,"Cereals ready-to-eat, POST, HONEY BUNCHES OF OATS with vanilla bunches",SR Legacy,Breakfast Cereals,100,g,394.0,7.9,5.1,81.8,7.8,20.7,267.0,high_fiber,breakfast,,low,yến mạch
oats,174627,"Cereals, QUAKER, Oat Bran, QUAKER/MOTHER'S Oat Bran, prepared with water, no salt",SR Legacy,Breakfast Cereals,100,g,43.0,2.03,0.95,7.49,1.7,,3.0,low_calorie,breakfast,,low,yến mạch
oats,171664,"Cereals, oats, instant, fortified, with cinnamon and spice, dry",SR Legacy,Breakfast Cereals,100,g,369.0,9.53,4.84,76.1,8.0,25.3,434.0,high_fiber,breakfast,,low,yến mạch
oats,172978,"Cereals, Oat Bran, QUAKER, QUAKER/MOTHER'S Oat Bran, prepared with water, salt",SR Legacy,Breakfast Cereals,100,g,43.0,2.03,0.95,7.49,1.7,,46.0,low_calorie,breakfast,,low,yến mạch
oats,173020,"Cereals ready-to-eat, POST HONEY BUNCHES OF OATS with cinnamon bunches",SR Legacy,Breakfast Cereals,100,g,400.0,7.1,5.0,82.8,5.8,20.4,464.0,high_fiber,breakfast,,low,yến mạch
oats,2708106,"Cereal or granola bar, peanuts , oats, sugar, wheat germ",Survey (FNDDS),Cereal bars,100,g,471.0,10.1,19.8,64.4,5.3,28.57,294.0,high_fiber|plant_forward,breakfast,peanut|wheat,low,yến mạch
oats,173906,"Cereals, oats, instant, fortified, with cinnamon and spice, prepared with water",SR Legacy,Breakfast Cereals,100,g,96.0,2.37,1.21,19.0,2.0,6.31,111.0,low_calorie,breakfast,,low,yến mạch
oats,168138,"Cereals ready-to-eat, POST, HONEY BUNCHES OF OATS, honey roasted",SR Legacy,Breakfast Cereals,100,g,401.0,7.12,5.46,81.2,4.2,19.8,454.0,,breakfast,,low,yến mạch
oats,174663,"Cereals ready-to-eat, POST, HONEY BUNCHES OF OATS, pecan bunches",SR Legacy,Breakfast Cereals,100,g,399.0,7.0,5.4,82.0,5.2,21.9,483.0,high_fiber,breakfast,tree_nut,low,yến mạch
oats,173920,"Cereals, oats, instant, fortified, maple and brown sugar, dry",SR Legacy,Breakfast Cereals,100,g,386.0,9.25,4.73,76.7,7.2,30.3,505.0,high_fiber,breakfast,,low,yến mạch
oats,173019,"Cereals ready-to-eat, POST, HONEY BUNCHES OF OATS, with real strawberries",SR Legacy,Breakfast Cereals,100,g,399.0,6.7,4.9,83.3,5.4,24.0,410.0,high_fiber,breakfast,,low,yến mạch
oats,173908,"Cereals, oats, instant, fortified, with raisins and spice, prepared with water",SR Legacy,Breakfast Cereals,100,g,88.0,1.98,0.95,17.9,1.3,8.71,111.0,low_calorie,breakfast,,low,yến mạch
onion,2706748,"Beef, ground, with egg and onion",Survey (FNDDS),Meat mixed dishes,100,g,228.0,21.86,14.54,1.05,0.1,0.54,732.0,high_protein,breakfast,egg,,
onion,2706754,"Beef steak with onions, Puerto Rican style",Survey (FNDDS),Meat mixed dishes,100,g,321.0,20.92,24.12,3.89,0.7,1.55,999.0,high_protein,meal,,,
onion,2706876,"Liver, beef or calves, and onions",Survey (FNDDS),Meat mixed dishes,100,g,129.0,16.68,3.6,6.97,0.5,1.78,276.0,high_protein,meal,,,
onion,171327,"Spices, onion powder",SR Legacy,Spices and Herbs,100,g,341.0,10.4,1.04,79.1,15.2,6.63,73.0,high_fiber,meal,,,
onion,172812,"Crackers, matzo, egg and onion",SR Legacy,Baked Products,100,g,391.0,10.0,3.9,77.1,5.0,,285.0,high_fiber,breakfast,egg,,
onion,2706875,"Livers, chicken, chopped, with eggs and onion",Survey (FNDDS),Poultry mixed dishes,100,g,226.0,12.89,17.69,2.87,0.4,1.23,1047.0,,breakfast,egg,,
onion,2706765,Pork and onions with soy-based sauce,Survey (FNDDS),Stir-fry and soy-based sauce mixtures,100,g,149.0,11.06,9.14,5.43,0.8,2.17,245.0,,meal,soy,,
onion,2707634,"Bread, onion, toasted",Survey (FNDDS),Yeast breads,100,g,262.0,9.68,3.24,48.7,1.9,3.66,530.0,,meal,wheat,,
onion,171172,"Gravy, onion, dry, mix",SR Legacy,"Soups, Sauces, and Gravies",100,g,322.0,9.0,3.0,67.6,6.0,,4190.0,high_fiber,meal,,,
onion,170020,"Peas and onions, frozen, unprepared",SR Legacy,Vegetables and Vegetable Products,100,g,70.0,3.98,0.32,13.5,3.5,,61.0,low_calorie|plant_forward,meal,,,
onion,2705445,"Onion dip, yogurt based",Survey (FNDDS),"Dips, gravies, other sauces",100,g,160.0,6.82,12.91,4.06,0.2,3.38,507.0,,breakfast,milk,,
onion,2710108,"Soup, French onion",Survey (FNDDS),"Soups, cream-based",100,g,108.0,5.45,4.47,11.84,1.1,2.49,378.0,low_calorie,meal,,,
onion,170019,"Peas and onions, canned, solids and liquids",SR Legacy,Vegetables and Vegetable Products,100,g,51.0,3.28,0.38,8.57,2.3,,442.0,low_calorie|plant_forward,meal,,,
onion,2709953,"Onions, green, cooked",Survey (FNDDS),Onions,100,g,63.0,2.09,3.21,8.37,3.0,2.66,161.0,low_calorie,meal,,,
onion,170007,"Onions, welsh, raw",SR Legacy,Vegetables and Vegetable Products,100,g,34.0,1.9,0.4,6.5,2.4,2.18,17.0,low_calorie|plant_forward,meal,,,
onion,2709794,"Onions, green, raw",Survey (FNDDS),Onions,100,g,32.0,1.83,0.19,7.34,2.6,2.33,16.0,low_calorie,meal,,,
onion,170004,"Onions, yellow, sauteed",SR Legacy,Vegetables and Vegetable Products,100,g,123.0,0.95,10.8,7.86,1.7,,12.0,plant_forward,meal,,,
onion,170056,"Tomato products, canned, sauce, with onions",SR Legacy,Vegetables and Vegetable Products,100,g,42.0,1.56,0.19,9.94,1.8,,551.0,low_calorie|plant_forward,meal,,,
onion,170410,"Onions, frozen, chopped, unprepared",SR Legacy,Vegetables and Vegetable Products,100,g,29.0,0.79,0.1,6.82,1.8,,12.0,low_calorie|plant_forward,meal,,,
onion,171551,"Soup, onion, canned, condensed",SR Legacy,"Soups, Sauces, and Gravies",100,g,46.0,3.06,1.42,6.68,0.7,2.72,516.0,low_calorie,meal,,,
onion,790577,"Onions, red, raw",Foundation,Vegetables and Vegetable Products,100,g,44.0,0.94,0.1,9.93,3.97,5.76,1.0,low_calorie|plant_forward,meal,,,
onion,2705621,"Onion dip, regular",Survey (FNDDS),"Dips, gravies, other sauces",100,g,346.0,2.15,35.77,3.92,0.2,2.64,563.0,,meal,,,
onion,2710796,"Onions, cooked, as ingredient",Survey (FNDDS),Not included in a food category,100,g,47.0,1.29,0.12,10.99,2.0,4.99,5.0,low_calorie,meal,,,
onion,170006,"Onions, young green, tops only",SR Legacy,Vegetables and Vegetable Products,100,g,27.0,0.97,0.47,5.74,1.8,3.91,15.0,low_calorie|plant_forward,meal,,,
onion,170000,"Onions, raw",SR Legacy,Vegetables and Vegetable Products,100,g,40.0,1.1,0.1,9.34,1.7,4.24,4.0,low_calorie|plant_forward,meal,,,
onion,170412,"Onions, frozen, whole, unprepared",SR Legacy,Vegetables and Vegetable Products,100,g,35.0,0.89,0.06,8.45,1.7,3.81,10.0,low_calorie|plant_forward,meal,,,
onion,170001,"Onions, cooked, boiled, drained, without salt",SR Legacy,Vegetables and Vegetable Products,100,g,44.0,1.36,0.19,10.2,1.4,4.73,3.0,low_calorie|plant_forward,meal,,,
onion,2709950,"Onions, cooked, no added fat",Survey (FNDDS),Onions,100,g,47.0,1.29,0.12,10.96,2.0,4.97,141.0,low_calorie,meal,,,
onion,2709952,"Onions, pearl, cooked",Survey (FNDDS),Onions,100,g,50.0,0.7,2.59,6.49,1.4,2.81,129.0,low_calorie,meal,,,
onion,171552,"Soup, cream of onion, canned, condensed",SR Legacy,"Soups, Sauces, and Gravies",100,g,88.0,2.2,4.2,10.4,0.4,3.64,637.0,low_calorie,meal,,,
onion,2709951,"Onions, cooked, fat added",Survey (FNDDS),Onions,100,g,73.0,1.26,3.11,10.64,1.9,4.84,147.0,low_calorie,meal,,,
onion,170003,"Onions, canned, solids and liquids",SR Legacy,Vegetables and Vegetable Products,100,g,19.0,0.85,0.09,4.02,1.2,2.2,371.0,low_calorie|plant_forward,meal,,,
onion,2710011,"Peppers and onions, cooked, fat added",Survey (FNDDS),Other vegetables and combinations,100,g,59.0,1.04,2.66,8.14,1.5,3.99,123.0,low_calorie|plant_forward,meal,,,
onion,2710010,"Peppers and onions, cooked, no added fat",Survey (FNDDS),Other vegetables and combinations,100,g,37.0,1.06,0.12,8.38,1.5,4.1,118.0,low_calorie|plant_forward,meal,,,
onion,174568,"Soup, onion, dry, mix, prepared with water",SR Legacy,"Soups, Sauces, and Gravies",100,g,12.0,0.32,0.01,2.77,0.3,0.2,346.0,low_calorie,meal,,,
onion,790646,"Onions, yellow, raw",Foundation,Vegetables and Vegetable Products,100,g,38.0,0.83,0.05,8.61,2.71,5.82,1.0,low_calorie|plant_forward,meal,,,
onion,170100,"Onions, cooked, boiled, drained, with salt",SR Legacy,Vegetables and Vegetable Products,100,g,42.0,1.36,0.19,9.56,1.4,4.73,239.0,low_calorie|plant_forward,meal,,,
onion,2709795,"Onions, raw",Survey (FNDDS),Onions,100,g,38.0,0.86,0.08,8.46,1.7,5.8,1.0,low_calorie,meal,,,
onion,1104962,"Onions, white, raw",Foundation,Vegetables and Vegetable Products,100,g,35.0,0.89,0.13,7.68,1.2,5.76,2.0,low_calorie|plant_forward,meal,,,
onion,2705622,"Onion dip, light",Survey (FNDDS),"Dips, gravies, other sauces",100,g,166.0,2.0,12.36,11.87,0.1,6.85,481.0,,meal,,,
onion,170002,"Onions, dehydrated flakes",SR Legacy,Vegetables and Vegetable Products,100,g,349.0,8.95,0.46,83.3,9.2,37.4,21.0,high_fiber|plant_forward,meal,,,
onion,171165,"Soup, onion, dry, mix",SR Legacy,"Soups, Sauces, and Gravies",100,g,293.0,7.48,0.34,65.1,6.6,4.65,8030.0,high_fiber,meal,,,
onion,169397,"Pickles, chowchow, with cauliflower onion mustard, sweet",SR Legacy,Vegetables and Vegetable Products,100,g,121.0,1.5,0.9,26.6,1.5,23.9,527.0,plant_forward,meal,,,
orange,2706275,"Fish, perch, steamed",Survey (FNDDS),Fish,100,g,115.0,24.5,1.16,0.0,0.0,0.0,176.0,high_protein|low_calorie,meal,fish,,
orange,174251,"Fish, roughy, orange, cooked, dry heat",SR Legacy,Finfish and Shellfish Products,100,g,105.0,22.6,0.9,0.0,0.0,0.0,69.0,high_protein|low_calorie,meal,fish,,
orange,2706272,"Fish, perch, grilled",Survey (FNDDS),Fish,100,g,121.0,19.42,4.22,0.0,0.0,0.0,303.0,high_protein,meal,fish,,
orange,2706271,"Fish, perch, baked or broiled",Survey (FNDDS),Fish,100,g,139.0,19.03,6.45,0.01,0.0,0.01,309.0,high_protein,meal,fish,,
orange,175133,"Fish, roughy, orange, raw",SR Legacy,Finfish and Shellfish Products,100,g,76.0,16.4,0.7,0.0,0.0,0.0,72.0,high_protein|low_calorie,meal,fish,,
orange,2706270,"Fish, perch, NFS",Survey (FNDDS),Fish,100,g,224.0,13.56,13.34,11.72,0.5,0.2,400.0,,meal,fish,,
orange,169103,"Orange peel, raw",SR Legacy,Fruits and Fruit Juices,100,g,97.0,1.5,0.2,25.0,10.6,,3.0,low_calorie|high_fiber|plant_forward,snack,,,
orange,169919,"Oranges, raw, with peel",SR Legacy,Fruits and Fruit Juices,100,g,63.0,1.3,0.3,15.5,4.5,,2.0,low_calorie|plant_forward,snack,,,
orange,169916,"Oranges, raw, California, valencias",SR Legacy,Fruits and Fruit Juices,100,g,49.0,1.04,0.3,11.9,2.5,,0.0,low_calorie|plant_forward,snack,,,
orange,170502,"Tomatoes, orange, raw",SR Legacy,Vegetables and Vegetable Products,100,g,16.0,1.16,0.19,3.18,0.9,,42.0,low_calorie|plant_forward,meal,,,
orange,2258591,"Peppers, bell, orange, raw",Foundation,Vegetables and Vegetable Products,100,g,27.4,0.882,0.156,6.7,0.967,,0.0,low_calorie|plant_forward,meal,,,
orange,173962,"Cranberry-orange relish, canned",SR Legacy,Fruits and Fruit Juices,100,g,178.0,0.3,0.1,46.2,0.0,,32.0,plant_forward,snack,,,
orange,2710266,"Sugar substitute, monk fruit, powder",Survey (FNDDS),Sugar substitutes,100,g,0.0,0.0,0.0,100.0,0.0,0.0,0.0,low_calorie|plant_forward,snack,,,
orange,2709977,"Peppers, red, cooked",Survey (FNDDS),Other red and orange vegetables,100,g,55.0,0.92,2.78,6.71,1.2,4.24,126.0,low_calorie|plant_forward,meal,,,
orange,2710642,Mimosa,Survey (FNDDS),Wine,100,g,64.0,0.43,0.18,6.49,0.2,4.67,4.0,low_calorie,meal,,,
orange,169917,"Oranges, raw, navels (Includes foods for USDA's Food Distribution Program)",SR Legacy,Fruits and Fruit Juices,100,g,49.0,0.91,0.15,12.5,2.2,8.5,1.0,low_calorie|plant_forward,snack,,,
orange,2709171,"Orange, raw",Survey (FNDDS),Citrus fruits,100,g,50.0,0.92,0.14,11.78,2.2,8.96,4.0,low_calorie|plant_forward,snack,,,
orange,169097,"Oranges, raw, all commercial varieties",SR Legacy,Fruits and Fruit Juices,100,g,47.0,0.94,0.12,11.8,2.4,9.35,0.0,low_calorie|plant_forward,snack,,,
orange,169918,"Oranges, raw, Florida",SR Legacy,Fruits and Fruit Juices,100,g,46.0,0.7,0.21,11.5,2.4,9.14,0.0,low_calorie|plant_forward,snack,,,
orange,168184,"Tangerines, (mandarin oranges), canned, juice pack, drained",SR Legacy,Fruits and Fruit Juices,100,g,38.0,0.75,0.04,9.41,1.2,8.25,5.0,low_calorie|plant_forward,snack,,,
orange,2709187,"Orange juice, 100%,  freshly squeezed",Survey (FNDDS),Citrus juice,100,g,47.0,0.81,0.36,10.01,0.3,8.08,0.0,low_calorie,meal,,,
orange,2709186,"Orange juice, 100%, NFS",Survey (FNDDS),Citrus juice,100,g,47.0,0.77,0.34,10.17,0.3,8.18,2.0,low_calorie,meal,,,
orange,2709188,"Orange juice, 100%, canned, bottled or in a carton",Survey (FNDDS),Citrus juice,100,g,47.0,0.77,0.34,10.18,0.3,8.18,2.0,low_calorie,meal,,,
orange,2709189,"Orange juice, 100%, with calcium added, canned, bottled or in a carton",Survey (FNDDS),Citrus juice,100,g,47.0,0.77,0.34,10.17,0.3,8.18,2.0,low_calorie,meal,,,
orange,2003597,"Orange juice, no pulp, not fortified, not from concentrate, refrigerated",Foundation,Fruits and Fruit Juices,100,g,45.0,0.812,0.356,10.0,,8.08,0.075,low_calorie|plant_forward,snack,,,
orange,746771,"Oranges, raw, navels",Foundation,Fruits and Fruit Juices,100,g,47.0,0.91,0.15,10.6,0.2,8.57,9.0,low_calorie|plant_forward,snack,,,
orange,169100,"Orange juice, chilled, includes from concentrate",SR Legacy,Fruits and Fruit Juices,100,g,49.0,0.68,0.12,11.5,0.3,8.31,2.0,low_calorie|plant_forward,snack,,,
orange,169920,"Orange juice, chilled, includes from concentrate, with added calcium",SR Legacy,Fruits and Fruit Juices,100,g,47.0,0.68,0.12,11.3,0.3,8.31,2.0,low_calorie|plant_forward,snack,,,
orange,169101,"Orange juice, chilled, includes from concentrate, with added calcium and vitamin D",SR Legacy,Fruits and Fruit Juices,100,g,47.0,0.68,0.12,11.3,0.3,8.31,2.0,low_calorie|plant_forward,snack,,,
orange,167794,"Orange juice, chilled, includes from concentrate, with added calcium and vitamins A, D, E",SR Legacy,Fruits and Fruit Juices,100,g,49.0,0.68,0.12,11.5,0.3,8.31,2.0,low_calorie|plant_forward,snack,,,
orange,2709164,"Clementine, raw",Survey (FNDDS),Citrus fruits,100,g,53.0,0.81,0.31,13.34,1.8,10.58,2.0,low_calorie|plant_forward,snack,,,
orange,169105,"Tangerines, (mandarin oranges), raw",SR Legacy,Fruits and Fruit Juices,100,g,53.0,0.81,0.31,13.3,1.8,10.6,2.0,low_calorie|plant_forward,snack,,,
orange,169098,"Orange juice, raw (Includes foods for USDA's Food Distribution Program)",SR Legacy,Fruits and Fruit Juices,100,g,45.0,0.7,0.2,10.4,0.2,8.4,1.0,low_calorie|plant_forward,snack,,,
orange,2709190,"Orange juice, 100%, frozen, reconstituted",Survey (FNDDS),Citrus juice,100,g,42.0,0.68,0.07,10.04,0.3,8.47,5.0,low_calorie,meal,,,
orange,2709192,"Orange juice, 100%, with calcium added, frozen, reconstituted",Survey (FNDDS),Citrus juice,100,g,42.0,0.68,0.07,9.67,0.3,8.48,5.0,low_calorie,meal,,,
orange,2709173,"Orange, canned, juice pack",Survey (FNDDS),Citrus fruits,100,g,37.0,0.62,0.03,9.57,0.7,8.87,5.0,low_calorie|plant_forward,snack,,,
orange,169106,"Tangerines, (mandarin oranges), canned, juice pack",SR Legacy,Fruits and Fruit Juices,100,g,37.0,0.62,0.03,9.57,0.7,8.87,5.0,low_calorie|plant_forward,snack,,,
orange,2003591,"Orange juice, no pulp, not fortified, from concentrate, refrigerated",Foundation,Fruits and Fruit Juices,100,g,45.7,0.734,0.325,10.3,,8.28,5.23,low_calorie|plant_forward,snack,,,
orange,2709172,"Orange, canned, NFS",Survey (FNDDS),Citrus fruits,100,g,46.0,0.6,0.04,11.82,0.7,11.14,5.0,low_calorie|plant_forward,snack,,,
orange,167792,Orange Pineapple Juice Blend,SR Legacy,Fruits and Fruit Juices,100,g,51.0,0.41,0.08,12.2,0.2,10.6,4.0,low_calorie|plant_forward,snack,,,
orange,2709174,"Orange, canned, in syrup",Survey (FNDDS),Citrus fruits,100,g,55.0,0.59,0.04,14.07,0.7,13.42,5.0,low_calorie|plant_forward,snack,,,
orange,169924,"Tangerines, (mandarin oranges), canned, light syrup pack",SR Legacy,Fruits and Fruit Juices,100,g,61.0,0.45,0.1,16.2,0.7,15.5,6.0,low_calorie|plant_forward,snack,,,
orange,2709191,"Orange juice, 100%, frozen, not reconstituted",Survey (FNDDS),Citrus juice,100,g,148.0,2.4,0.25,35.19,1.0,29.68,7.0,,meal,,,
pasta,169736,"Pasta, dry, enriched",SR Legacy,Cereal Grains and Pasta,100,g,371.0,13.0,1.51,74.7,3.2,2.67,6.0,,breakfast,wheat,,
pasta,168927,"Pasta, dry, unenriched",SR Legacy,Cereal Grains and Pasta,100,g,371.0,13.0,1.51,74.7,3.2,2.67,6.0,,breakfast,wheat,,
pasta,168899,"Pasta, gluten-free, corn, dry",SR Legacy,Cereal Grains and Pasta,100,g,357.0,7.46,2.08,79.3,11.0,,3.0,high_fiber,breakfast,wheat,,
pasta,169727,"Pasta, fresh-refrigerated, plain, as purchased",SR Legacy,Cereal Grains and Pasta,100,g,288.0,11.3,2.3,54.7,,,26.0,,breakfast,wheat,,
pasta,2706677,"Stew, chicken, with pasta",Survey (FNDDS),Poultry mixed dishes,100,g,108.0,10.24,2.49,10.81,1.1,0.92,301.0,low_calorie,meal,wheat,,
pasta,2706593,"Stew, beef, with pasta",Survey (FNDDS),Meat mixed dishes,100,g,132.0,9.76,5.23,10.81,1.1,0.92,299.0,,meal,wheat,,
pasta,168954,"Pasta mix, classic beef, unprepared",SR Legacy,"Meals, Entrees, and Side Dishes",100,g,354.0,12.3,1.78,72.2,2.0,4.95,1540.0,,meal,wheat,,
pasta,2708946,Macaroni or pasta salad with chicken,Survey (FNDDS),"Pasta mixed dishes, excludes macaroni and cheese",100,g,213.0,7.82,10.75,20.94,1.2,1.57,225.0,,meal,milk|wheat,,
pasta,2708358,"Pasta, whole grain, cooked",Survey (FNDDS),"Pasta, noodles, cooked grains",100,g,148.0,5.95,1.7,29.89,3.9,0.75,235.0,,meal,wheat,,
pasta,2708948,Macaroni or pasta salad with meat,Survey (FNDDS),"Pasta mixed dishes, excludes macaroni and cheese",100,g,211.0,7.65,10.59,20.82,1.2,1.56,378.0,,meal,milk|wheat,,
pasta,2708825,"Pasta with tomato-based sauce, cheese and meat",Survey (FNDDS),"Pasta mixed dishes, excludes macaroni and cheese",100,g,147.0,7.61,7.1,13.34,0.8,1.29,325.0,,meal,milk|wheat,,
pasta,2708947,Macaroni or pasta salad with cheese,Survey (FNDDS),"Pasta mixed dishes, excludes macaroni and cheese",100,g,246.0,6.89,14.43,21.78,1.3,1.66,262.0,,meal,milk|wheat,,
pasta,2708944,Macaroni or pasta salad with shrimp,Survey (FNDDS),"Pasta mixed dishes, excludes macaroni and cheese",100,g,203.0,6.86,9.99,20.94,1.2,1.57,304.0,,meal,milk|shellfish|wheat,,
pasta,169751,"Pasta, cooked, enriched, with added salt",SR Legacy,Cereal Grains and Pasta,100,g,157.0,5.8,0.93,30.6,1.8,0.56,131.0,,breakfast,wheat,,
pasta,172014,"Pasta, cooked, unenriched, with added salt",SR Legacy,Cereal Grains and Pasta,100,g,157.0,5.8,0.93,30.6,1.8,0.56,131.0,,breakfast,wheat,,
pasta,2708868,"Pasta with cream sauce and poultry, home recipe",Survey (FNDDS),"Pasta mixed dishes, excludes macaroni and cheese",100,g,157.0,6.32,7.03,16.69,0.9,0.64,250.0,,meal,milk|wheat,,
pasta,2708943,Macaroni or pasta salad with crab meat,Survey (FNDDS),"Pasta mixed dishes, excludes macaroni and cheese",100,g,201.0,6.48,9.9,20.94,1.2,1.57,233.0,,meal,milk|shellfish|wheat,,
pasta,2708357,"Pasta, cooked",Survey (FNDDS),"Pasta, noodles, cooked grains",100,g,157.0,5.76,0.92,30.68,1.8,0.56,232.0,,meal,wheat,,
pasta,2708351,"Pasta, vegetable, cooked",Survey (FNDDS),"Pasta, noodles, cooked grains",100,g,128.0,4.52,0.11,26.55,4.3,1.15,99.0,plant_forward,meal,wheat,,
pasta,2708836,"Pasta with sauce and meat, from school lunch",Survey (FNDDS),"Pasta mixed dishes, excludes macaroni and cheese",100,g,117.0,5.95,3.12,17.5,2.6,2.73,117.0,low_calorie,meal,milk|wheat,,
pasta,2708862,"Pasta with cream sauce and meat, home recipe",Survey (FNDDS),"Pasta mixed dishes, excludes macaroni and cheese",100,g,164.0,6.14,7.87,16.69,0.9,0.64,251.0,,meal,milk|wheat,,
pasta,2708869,"Pasta with cream sauce and poultry, ready-to-heat",Survey (FNDDS),"Pasta mixed dishes, excludes macaroni and cheese",100,g,170.0,6.18,8.69,16.33,0.9,0.63,385.0,,meal,milk|wheat,,
pasta,2708874,"Pasta with cream sauce and seafood, home recipe",Survey (FNDDS),"Pasta mixed dishes, excludes macaroni and cheese",100,g,152.0,5.86,6.48,16.96,0.9,0.64,261.0,,meal,milk|wheat,,
pasta,2708863,"Pasta with cream sauce and meat, ready-to-heat",Survey (FNDDS),"Pasta mixed dishes, excludes macaroni and cheese",100,g,177.0,6.01,9.51,16.33,0.9,0.63,386.0,,meal,milk|wheat,,
pasta,2708828,"Pasta with sauce, NFS",Survey (FNDDS),"Pasta mixed dishes, excludes macaroni and cheese",100,g,125.0,5.86,2.58,19.15,1.6,2.44,199.0,,meal,milk|wheat,,
pasta,2708875,"Pasta with cream sauce and seafood, ready-to-heat",Survey (FNDDS),"Pasta mixed dishes, excludes macaroni and cheese",100,g,165.0,5.73,8.15,16.59,0.9,0.63,395.0,,meal,milk|wheat,,
pasta,168901,"Pasta, homemade, made with egg, cooked",SR Legacy,Cereal Grains and Pasta,100,g,130.0,5.28,1.74,23.5,,,83.0,,breakfast,egg|wheat,,
pasta,169728,"Pasta, fresh-refrigerated, plain, cooked",SR Legacy,Cereal Grains and Pasta,100,g,131.0,5.15,1.05,24.9,,,6.0,,breakfast,wheat,,
pasta,168900,"Pasta, gluten-free, corn, cooked",SR Legacy,Cereal Grains and Pasta,100,g,126.0,2.63,0.73,27.9,4.8,,0.0,,breakfast,wheat,,
pasta,2708827,"Pasta with vegetables, no sauce or dressing",Survey (FNDDS),"Pasta mixed dishes, excludes macaroni and cheese",100,g,144.0,4.46,3.54,23.1,2.3,1.24,148.0,plant_forward,meal,milk|wheat,,
pasta,2708941,Macaroni or pasta salad with egg,Survey (FNDDS),"Pasta mixed dishes, excludes macaroni and cheese",100,g,215.0,5.18,11.44,22.54,1.3,1.79,197.0,,breakfast,milk|egg|wheat,,
pasta,2708932,"Macaroni or pasta salad, made with mayonnaise",Survey (FNDDS),"Pasta mixed dishes, excludes macaroni and cheese",100,g,221.0,4.46,11.52,24.65,1.4,1.85,204.0,,meal,milk|wheat,,
pasta,2708829,"Pasta with sauce, meatless, school lunch",Survey (FNDDS),"Pasta mixed dishes, excludes macaroni and cheese",100,g,102.0,3.78,1.6,19.44,2.9,3.03,88.0,low_calorie,meal,milk|wheat,,
pasta,2708359,"Pasta, gluten free",Survey (FNDDS),"Pasta, noodles, cooked grains",100,g,179.0,3.2,1.0,38.05,1.4,0.0,4.0,,meal,wheat,,
pasta,2708856,"Pasta with cream sauce, home recipe",Survey (FNDDS),"Pasta mixed dishes, excludes macaroni and cheese",100,g,154.0,4.03,7.7,16.85,0.9,0.72,266.0,,meal,milk|wheat,,
pasta,2708933,"Macaroni or pasta salad, made with light mayonnaise",Survey (FNDDS),"Pasta mixed dishes, excludes macaroni and cheese",100,g,159.0,4.32,4.16,25.68,1.4,2.3,239.0,,meal,milk|wheat,,
pasta,2708938,"Macaroni or pasta salad, made with creamy dressing",Survey (FNDDS),"Pasta mixed dishes, excludes macaroni and cheese",100,g,156.0,3.8,6.62,20.11,1.6,1.65,206.0,,meal,milk|wheat,,
pasta,2708857,"Pasta with cream sauce, ready-to-heat",Survey (FNDDS),"Pasta mixed dishes, excludes macaroni and cheese",100,g,167.0,3.94,9.35,16.49,0.9,0.71,401.0,,meal,milk|wheat,,
pasta,2708936,"Macaroni or pasta salad, made with Italian dressing",Survey (FNDDS),"Pasta mixed dishes, excludes macaroni and cheese",100,g,133.0,3.7,3.72,20.9,1.6,2.37,226.0,,meal,milk|wheat,,
pasta,2708831,"Pasta with tomato-based sauce, home recipe",Survey (FNDDS),"Pasta mixed dishes, excludes macaroni and cheese",100,g,106.0,3.69,1.2,19.88,1.8,2.94,202.0,low_calorie,meal,milk|wheat,,
pasta,2708832,"Pasta with tomato-based sauce, ready-to-heat",Survey (FNDDS),"Pasta mixed dishes, excludes macaroni and cheese",100,g,120.0,3.61,2.98,19.44,1.8,2.88,338.0,low_calorie,meal,milk|wheat,,
pasta,2708826,Pasta with tomato-based sauce and cheese,Survey (FNDDS),"Pasta mixed dishes, excludes macaroni and cheese",100,g,119.0,3.74,4.83,14.98,1.7,3.54,403.0,low_calorie,meal,milk|wheat,,
pasta,172100,"Pasta with tomato sauce, no meat, canned",SR Legacy,"Meals, Entrees, and Side Dishes",100,g,71.0,2.22,0.71,13.9,0.9,4.0,381.0,low_calorie,meal,wheat,,
peanut butter,2707514,"Peanuts, unroasted",Survey (FNDDS),Nuts and seeds,100,g,567.0,25.8,49.24,16.13,8.5,4.72,18.0,high_protein|high_fiber|plant_forward,snack,peanut,medium,bơ đậu phộng
peanut butter,2515376,"Peanuts, raw",Foundation,Legumes and Legume Products,100,g,551.0,23.2,43.3,26.5,8.01,,1.49,high_protein|high_fiber|plant_forward,snack,peanut,medium,bơ đậu phộng
peanut butter,2262072,"Peanut butter, creamy",Foundation,Legumes and Legume Products,100,g,589.0,24.0,49.4,22.7,6.32,,221.0,high_protein|high_fiber|plant_forward,snack,peanut,medium,bơ đậu phộng
peanut butter,2707512,"Peanuts, NFS",Survey (FNDDS),Nuts and seeds,100,g,587.0,24.35,49.66,21.26,8.4,4.9,410.0,high_protein|high_fiber|plant_forward,snack,peanut,medium,bơ đậu phộng
peanut butter,172471,"Peanut butter with omega-3, creamy",SR Legacy,Legumes and Legume Products,100,g,608.0,24.5,54.2,17.0,6.1,3.11,356.0,high_protein|high_fiber|plant_forward,snack,peanut,medium,bơ đậu phộng
peanut butter,2707540,"Peanut butter, lower sugar",Survey (FNDDS),Nuts and seeds,100,g,650.0,24.8,54.89,14.23,7.8,6.35,292.0,high_protein|high_fiber|plant_forward,snack,peanut,medium,bơ đậu phộng
peanut butter,172469,"Peanut butter, chunk style, without salt",SR Legacy,Legumes and Legume Products,100,g,589.0,24.1,49.9,21.6,8.0,8.41,17.0,high_protein|high_fiber|plant_forward,snack,peanut,medium,bơ đậu phộng
peanut butter,172460,"Peanut butter, chunky, vitamin and mineral fortified",SR Legacy,Legumes and Legume Products,100,g,593.0,26.1,51.5,17.7,5.7,10.9,366.0,high_protein|high_fiber|plant_forward,snack,peanut,medium,bơ đậu phộng
peanut butter,174265,"Peanut butter, chunk style, with salt",SR Legacy,Legumes and Legume Products,100,g,589.0,24.1,49.9,21.6,8.0,8.41,486.0,high_protein|high_fiber|plant_forward,snack,peanut,medium,bơ đậu phộng
peanut butter,2707541,"Peanut butter, reduced fat",Survey (FNDDS),Nuts and seeds,100,g,520.0,25.9,34.0,35.65,5.2,9.28,540.0,high_protein|high_fiber|plant_forward,snack,peanut,medium,bơ đậu phộng
peanut butter,172458,"Peanut butter, smooth, reduced fat",SR Legacy,Legumes and Legume Products,100,g,520.0,25.9,34.0,35.6,5.2,9.28,540.0,high_protein|high_fiber|plant_forward,snack,peanut,medium,bơ đậu phộng
peanut butter,2707542,"Peanut butter, vitamin and mineral fortified",Survey (FNDDS),Nuts and seeds,100,g,591.0,25.72,50.81,18.75,5.6,10.47,420.0,high_protein|high_fiber|plant_forward,snack,peanut,medium,bơ đậu phộng
peanut butter,172459,"Peanut butter, smooth, vitamin and mineral fortified",SR Legacy,Legumes and Legume Products,100,g,591.0,25.7,50.8,18.8,5.6,10.5,420.0,high_protein|high_fiber|plant_forward,snack,peanut,medium,bơ đậu phộng
peanut butter,169869,"Peanut butter, reduced sodium",SR Legacy,Legumes and Legume Products,100,g,590.0,24.0,49.9,21.8,6.6,9.29,203.0,high_protein|high_fiber|plant_forward,snack,peanut,medium,bơ đậu phộng
peanut butter,2707539,"Peanut butter, lower sodium and lower sugar",Survey (FNDDS),Nuts and seeds,100,g,624.0,23.5,53.12,18.27,6.4,8.42,154.0,high_protein|high_fiber|plant_forward,snack,peanut,medium,bơ đậu phộng
peanut butter,174294,"Peanut Butter, smooth (Includes foods for USDA's Food Distribution Program)",SR Legacy,Legumes and Legume Products,100,g,588.0,21.9,49.5,24.0,5.7,6.5,476.0,high_protein|high_fiber|plant_forward,snack,peanut,medium,bơ đậu phộng
peanut butter,2707538,"Peanut butter, lower sodium",Survey (FNDDS),Nuts and seeds,100,g,598.0,22.21,51.36,22.31,5.0,10.49,17.0,high_protein|high_fiber|plant_forward,snack,peanut,medium,bơ đậu phộng
peanut butter,172470,"Peanut butter, smooth style, without salt",SR Legacy,Legumes and Legume Products,100,g,598.0,22.2,51.4,22.3,5.0,10.5,17.0,high_protein|high_fiber|plant_forward,snack,peanut,medium,bơ đậu phộng
peanut butter,2707537,Peanut butter,Survey (FNDDS),Nuts and seeds,100,g,598.0,22.21,51.36,22.31,5.0,10.49,426.0,high_protein|high_fiber|plant_forward,snack,peanut,medium,bơ đậu phộng
peanut butter,174266,"Peanut butter, smooth style, with salt (Includes foods for USDA's Food Distribution Program)",SR Legacy,Legumes and Legume Products,100,g,598.0,22.2,51.4,22.3,5.0,10.5,426.0,high_protein|high_fiber|plant_forward,snack,peanut,medium,bơ đậu phộng
peanut butter,2707513,"Peanuts, boiled",Survey (FNDDS),Nuts and seeds,100,g,318.0,13.5,22.01,21.26,8.8,2.47,751.0,high_fiber|plant_forward,snack,peanut,medium,bơ đậu phộng
peanut butter,2707990,"Cookie, peanut butter, sugar free",Survey (FNDDS),Cookies and brownies,100,g,523.0,10.34,31.03,50.52,3.4,0.0,448.0,plant_forward,snack,peanut,medium,bơ đậu phộng
peanut butter,171843,"Cookies, peanut butter, commercially prepared, sugar free",SR Legacy,Baked Products,100,g,523.0,10.3,31.0,50.5,3.4,0.0,448.0,plant_forward,snack,peanut,medium,bơ đậu phộng
peanut butter,172730,"Cookies, peanut butter, refrigerated dough, baked",SR Legacy,Baked Products,100,g,503.0,9.1,27.5,57.3,1.2,,436.0,plant_forward,snack,peanut,medium,bơ đậu phộng
peanut butter,174964,"Cookies, peanut butter, prepared from recipe",SR Legacy,Baked Products,100,g,475.0,9.0,23.8,58.9,,,518.0,plant_forward,snack,peanut,medium,bơ đậu phộng
peanut butter,172729,"Cookies, peanut butter, refrigerated dough",SR Legacy,Baked Products,100,g,458.0,8.2,25.0,52.1,1.1,,397.0,plant_forward,snack,peanut,medium,bơ đậu phộng
peanut butter,172728,"Cookies, peanut butter, commercially prepared, soft-type",SR Legacy,Baked Products,100,g,457.0,5.3,24.4,57.7,1.7,,336.0,plant_forward,snack,peanut,medium,bơ đậu phộng
peanut butter,2707547,"Soup, peanut",Survey (FNDDS),"Soups, cream-based",100,g,88.0,3.24,5.29,8.36,1.7,2.61,246.0,low_calorie|plant_forward,snack,peanut,medium,bơ đậu phộng
peanut butter,2707543,Peanut butter and jelly,Survey (FNDDS),Nuts and seeds,100,g,432.0,11.18,25.69,46.13,3.0,30.86,228.0,plant_forward,snack,peanut,medium,bơ đậu phộng
peanut butter,171314,"Butter, Clarified butter (ghee)",SR Legacy,Dairy and Egg Products,100,g,900.0,0.0,100.0,0.0,0.0,0.0,0.0,,snack,peanut,medium,bơ đậu phộng
peanut butter,2710187,Peanut oil,Survey (FNDDS),Salad dressings and vegetable oils,100,g,900.0,0.0,100.0,0.0,0.0,0.0,0.0,plant_forward,snack,peanut,medium,bơ đậu phộng
peanut butter,2707546,Peanut sauce,Survey (FNDDS),"Dips, gravies, other sauces",100,g,257.0,6.31,16.02,22.02,1.8,17.07,1338.0,plant_forward,snack,peanut,medium,bơ đậu phộng
peanut butter,174070,"Sauce, peanut, made from peanut butter, water, soy sauce",SR Legacy,"Soups, Sauces, and Gravies",100,g,257.0,6.31,16.0,22.0,1.8,17.1,1340.0,plant_forward,snack,peanut,medium,bơ đậu phộng
peanut butter,2707952,"Cookie, peanut butter",Survey (FNDDS),Cookies and brownies,100,g,473.0,8.92,23.82,58.15,2.1,28.58,463.0,plant_forward,snack,peanut,medium,bơ đậu phộng
peanut butter,172727,"Cookies, peanut butter, commercially prepared, regular",SR Legacy,Baked Products,100,g,473.0,8.92,23.8,58.2,2.1,28.6,463.0,plant_forward,snack,peanut,medium,bơ đậu phộng
peanut butter,2708009,"Pie, peanut butter cream",Survey (FNDDS),Cakes and pies,100,g,421.0,5.92,30.13,33.09,1.1,21.71,236.0,plant_forward,snack,peanut,medium,bơ đậu phộng
peanut butter,173252,"Archway Home Style Cookies, Peanut Butter",SR Legacy,Baked Products,100,g,480.0,9.0,24.3,58.5,2.8,32.6,404.0,plant_forward,snack,peanut,medium,bơ đậu phộng
peanut butter,2708485,"Cereal, other, peanut butter",Survey (FNDDS),"Ready-to-eat cereal, higher sugar (>21.2g/100g)",100,g,422.0,7.34,11.1,73.05,5.0,31.09,525.0,high_fiber|plant_forward,snack,peanut,medium,bơ đậu phộng
peanut butter,172985,"Cereals ready-to-eat, QUAKER, MOTHER'S PEANUT BUTTER BUMPERS Cereal",SR Legacy,Breakfast Cereals,100,g,407.0,7.62,7.33,79.7,2.5,29.3,774.0,plant_forward,snack,peanut,medium,bơ đậu phộng
peanut butter,2707954,"Cookie, peanut butter with rice cereal, no bake",Survey (FNDDS),Cookies and brownies,100,g,417.0,3.4,9.0,80.5,0.0,19.36,351.0,plant_forward,snack,peanut,medium,bơ đậu phộng
peanut butter,171644,"Cereals ready-to-eat, QUAKER, CAP'N CRUNCH'S PEANUT BUTTER CRUNCH",SR Legacy,Breakfast Cereals,100,g,417.0,7.1,9.23,78.6,2.7,33.4,742.0,plant_forward,snack,peanut,medium,bơ đậu phộng
peanut butter,2707881,"Cake or cupcake, peanut butter",Survey (FNDDS),Cakes and pies,100,g,382.0,6.12,19.85,47.52,2.0,32.34,332.0,plant_forward,snack,peanut,medium,bơ đậu phộng
peanut butter,2710302,Fruit butter,Survey (FNDDS),"Jams, syrups, toppings",100,g,173.0,0.39,0.3,42.47,1.5,35.3,15.0,plant_forward,snack,peanut,medium,bơ đậu phộng
peas,172428,"Peas, green, split, mature seeds, raw",SR Legacy,Legumes and Legume Products,100,g,364.0,23.1,3.89,61.6,22.2,3.14,5.0,high_protein|high_fiber|plant_forward,meal,,,
peas,2644284,"Blackeye pea, dry",Foundation,Legumes and Legume Products,100,g,346.0,21.2,2.42,61.8,,,3.46,high_protein,meal,,,
peas,2707420,"Split peas, from dried, no added fat",Survey (FNDDS),"Beans, peas, legumes",100,g,117.0,8.29,0.39,20.97,8.2,2.88,233.0,low_calorie|high_fiber|plant_forward,meal,,,
peas,2707421,"Split peas, from dried, fat added",Survey (FNDDS),"Beans, peas, legumes",100,g,168.0,7.75,6.87,19.61,7.7,2.7,218.0,high_fiber|plant_forward,meal,,,
peas,2707422,Wasabi peas,Survey (FNDDS),"Beans, peas, legumes",100,g,432.0,14.11,14.11,62.2,3.8,14.11,300.0,plant_forward,meal,,,
peas,2709956,"Blackeyed peas, from frozen",Survey (FNDDS),Other starchy vegetables,100,g,151.0,8.23,3.18,23.01,6.2,4.32,126.0,high_fiber|plant_forward,meal,,,
peas,2709957,"Blackeyed peas, from canned",Survey (FNDDS),Other starchy vegetables,100,g,150.0,8.19,3.17,22.9,6.2,4.3,312.0,high_fiber|plant_forward,meal,,,
peas,170422,"Peas, mature seeds, sprouted, raw",SR Legacy,Vegetables and Vegetable Products,100,g,124.0,8.8,0.68,27.1,,,20.0,plant_forward,meal,,,
peas,2707412,"Blackeyed peas, NFS",Survey (FNDDS),"Beans, peas, legumes",100,g,166.0,7.18,7.0,19.29,6.0,3.07,220.0,high_fiber|plant_forward,meal,,,
peas,2707413,"Blackeyed peas, from dried",Survey (FNDDS),"Beans, peas, legumes",100,g,166.0,7.18,7.0,19.29,6.0,3.07,220.0,high_fiber|plant_forward,meal,,,
peas,2707458,"Soup, split pea, with meat",Survey (FNDDS),"Soups, broth-based",100,g,80.0,5.57,2.42,9.1,3.3,1.81,248.0,low_calorie,meal,,,
peas,2709959,"Green peas, fresh, cooked, no added fat",Survey (FNDDS),Other starchy vegetables,100,g,84.0,5.63,0.42,15.01,5.9,5.89,126.0,low_calorie|high_fiber|plant_forward,meal,,,
peas,2709797,"Green peas, raw",Survey (FNDDS),Other starchy vegetables,100,g,81.0,5.42,0.4,14.45,5.7,5.67,5.0,low_calorie|high_fiber|plant_forward,meal,,,
peas,170419,"Peas, green, raw",SR Legacy,Vegetables and Vegetable Products,100,g,81.0,5.42,0.4,14.4,5.7,5.67,5.0,low_calorie|high_fiber|plant_forward,meal,,,
peas,2709966,"Green peas, fresh, cooked with oil",Survey (FNDDS),Other starchy vegetables,100,g,109.0,5.46,3.43,14.57,5.7,5.72,122.0,low_calorie|high_fiber|plant_forward,meal,,,
peas,2709967,"Green peas, fresh, cooked with butter or margarine",Survey (FNDDS),Other starchy vegetables,100,g,102.0,5.48,2.68,14.58,5.7,5.73,140.0,low_calorie|high_fiber|plant_forward,meal,,,
peas,170102,"Peas, green, cooked, boiled, drained, with salt",SR Legacy,Vegetables and Vegetable Products,100,g,84.0,5.36,0.22,15.6,5.5,5.93,239.0,low_calorie|high_fiber|plant_forward,meal,,,
peas,2709960,"Green peas, frozen, cooked, no added fat",Survey (FNDDS),Other starchy vegetables,100,g,78.0,5.14,0.27,14.22,4.5,4.39,188.0,low_calorie|plant_forward,meal,,,
peas,2709961,"Green peas, canned, cooked, no added fat",Survey (FNDDS),Other starchy vegetables,100,g,68.0,4.47,0.8,11.36,4.9,2.99,273.0,low_calorie|plant_forward,meal,,,
peas,2709968,"Green peas, frozen, cooked with oil",Survey (FNDDS),Other starchy vegetables,100,g,102.0,4.99,3.17,13.8,4.4,4.26,182.0,low_calorie|plant_forward,meal,,,
peas,2709962,"Green peas, NS as to form, cooked",Survey (FNDDS),Other starchy vegetables,100,g,98.0,4.99,2.81,13.81,4.4,4.26,191.0,low_calorie|plant_forward,meal,,,
peas,2709970,"Green peas, canned, cooked with oil",Survey (FNDDS),Other starchy vegetables,100,g,92.0,4.34,3.69,11.03,4.8,2.9,265.0,low_calorie|plant_forward,meal,,,
peas,2709969,"Green peas, frozen, cooked with butter or margarine",Survey (FNDDS),Other starchy vegetables,100,g,95.0,5.0,2.45,13.82,4.4,4.27,199.0,low_calorie|plant_forward,meal,,,
peas,2709971,"Green peas, canned, cooked with butter or margarine",Survey (FNDDS),Other starchy vegetables,100,g,86.0,4.36,2.97,11.04,4.8,2.91,282.0,low_calorie|plant_forward,meal,,,
peas,171554,"Soup, pea, green, canned, condensed",SR Legacy,"Soups, Sauces, and Gravies",100,g,125.0,6.54,2.23,20.2,3.9,6.52,680.0,,meal,,,
peas,170012,"Peas, edible-podded, frozen, unprepared",SR Legacy,Vegetables and Vegetable Products,100,g,42.0,2.8,0.3,7.2,3.1,,4.0,low_calorie|plant_forward,meal,,,
peas,2707459,"Soup, split pea",Survey (FNDDS),"Soups, broth-based",100,g,61.0,3.55,0.7,10.59,3.8,2.16,244.0,low_calorie,meal,,,
peas,2710057,Pea salad with cheese,Survey (FNDDS),"Coleslaw, non-lettuce salads",100,g,203.0,5.0,16.01,9.82,2.4,4.44,293.0,,meal,milk,,
peas,2710026,"Peas and corn, cooked, no added fat",Survey (FNDDS),Other starchy vegetables,100,g,79.0,3.84,0.47,16.73,3.4,3.72,152.0,low_calorie|plant_forward,meal,,,
peas,170014,"Peas, green, canned, seasoned, solids and liquids",SR Legacy,Vegetables and Vegetable Products,100,g,50.0,3.09,0.27,9.25,2.0,,254.0,low_calorie|plant_forward,meal,,,
peas,2710027,"Peas and corn, cooked, fat added",Survey (FNDDS),Other starchy vegetables,100,g,100.0,3.74,3.0,16.25,3.3,3.62,156.0,low_calorie|plant_forward,meal,,,
peas,2709041,"Rice, brown, with peas, no added fat",Survey (FNDDS),Rice mixed dishes,100,g,113.0,3.24,0.82,23.07,2.2,1.12,174.0,low_calorie,meal,,,
peas,2709040,"Rice, brown, with peas, NS as to fat",Survey (FNDDS),Rice mixed dishes,100,g,127.0,3.18,2.64,22.64,2.2,1.1,171.0,,meal,,,
peas,2709042,"Rice, brown, with peas, fat added",Survey (FNDDS),Rice mixed dishes,100,g,127.0,3.18,2.64,22.64,2.2,1.1,171.0,,meal,,,
peas,2709684,"Peas and carrots, fresh, cooked, no added fat",Survey (FNDDS),Other vegetables and combinations,100,g,67.0,3.3,0.39,12.84,4.6,5.41,168.0,low_calorie|plant_forward,meal,,,
peas,2709047,"Rice, brown, with peas and carrots, no added fat",Survey (FNDDS),Rice mixed dishes,100,g,109.0,2.78,0.84,22.39,2.1,1.1,198.0,low_calorie,meal,,,
peas,2709688,"Peas and carrots, fresh, cooked, fat added",Survey (FNDDS),Other vegetables and combinations,100,g,89.0,3.22,3.03,12.47,4.4,5.25,172.0,low_calorie|plant_forward,meal,,,
peas,2709048,"Rice, brown, with peas and carrots, fat added",Survey (FNDDS),Rice mixed dishes,100,g,123.0,2.73,2.66,21.97,2.0,1.08,195.0,,meal,,,
peas,2709685,"Peas and carrots, frozen, cooked, no added fat",Survey (FNDDS),Other vegetables and combinations,100,g,58.0,2.97,0.37,11.06,3.8,4.29,185.0,low_calorie|plant_forward,meal,,,
peas,2709689,"Peas and carrots, frozen, cooked, fat added",Survey (FNDDS),Other vegetables and combinations,100,g,80.0,2.89,2.9,10.74,3.7,4.17,188.0,low_calorie|plant_forward,meal,,,
peas,170010,"Peas, edible-podded, raw",SR Legacy,Vegetables and Vegetable Products,100,g,42.0,2.8,0.2,7.55,2.6,4.0,4.0,low_calorie|plant_forward,meal,,,
peas,2710056,Pea salad,Survey (FNDDS),"Coleslaw, non-lettuce salads",100,g,180.0,2.98,14.02,10.64,2.7,4.9,253.0,,meal,,,
peas,171182,"SMART SOUP, Moroccan Chick Pea",SR Legacy,"Soups, Sauces, and Gravies",100,g,51.0,2.0,1.06,9.7,3.1,4.2,148.0,low_calorie,meal,,,
pepper,168579,"Peppers, pasilla, dried",SR Legacy,Vegetables and Vegetable Products,100,g,345.0,12.4,15.8,51.1,26.8,,89.0,high_fiber|plant_forward,meal,,,
pepper,170933,"Spices, pepper, white",SR Legacy,Spices and Herbs,100,g,296.0,10.4,2.12,68.6,26.2,,5.0,high_fiber,meal,,,
pepper,170931,"Spices, pepper, black",SR Legacy,Spices and Herbs,100,g,251.0,10.4,3.26,64.0,25.3,0.64,20.0,high_fiber,meal,,,
pepper,169396,"Peppers, ancho, dried",SR Legacy,Vegetables and Vegetable Products,100,g,281.0,11.9,8.2,51.4,21.6,,43.0,high_fiber|plant_forward,meal,,,
pepper,170932,"Spices, pepper, red or cayenne",SR Legacy,Spices and Herbs,100,g,318.0,12.0,17.3,56.6,27.2,10.3,30.0,high_fiber,meal,,,
pepper,169373,"Peppers, sweet, red, freeze-dried",SR Legacy,Vegetables and Vegetable Products,100,g,314.0,17.9,3.0,68.7,21.3,40.8,193.0,high_protein|high_fiber|plant_forward,meal,,,
pepper,2706747,Pepper steak,Survey (FNDDS),Meat mixed dishes,100,g,145.0,11.88,9.12,4.34,0.7,1.67,244.0,,meal,,,
pepper,168570,"Peppers, hot chile, sun-dried",SR Legacy,Vegetables and Vegetable Products,100,g,324.0,10.6,5.81,69.9,28.7,41.1,91.0,high_fiber|plant_forward,meal,,,
pepper,169394,"Pepper, banana, raw",SR Legacy,Vegetables and Vegetable Products,100,g,27.0,1.66,0.45,5.35,3.4,1.95,13.0,low_calorie|plant_forward,meal,,,
pepper,2709802,"Peppers, banana, raw",Survey (FNDDS),Other vegetables and combinations,100,g,27.0,1.66,0.45,5.35,3.4,1.95,13.0,low_calorie|plant_forward,meal,,,
pepper,169395,"Peppers, serrano, raw",SR Legacy,Vegetables and Vegetable Products,100,g,32.0,1.74,0.44,6.7,3.7,3.83,10.0,low_calorie|plant_forward,meal,,,
pepper,2705785,Cheese dip with chili pepper,Survey (FNDDS),"Dips, gravies, other sauces",100,g,143.0,3.14,9.51,11.14,0.7,1.95,796.0,,meal,milk,,
pepper,2258590,"Peppers, bell, red, raw",Foundation,Vegetables and Vegetable Products,100,g,27.0,0.896,0.126,6.65,1.16,,0.0,low_calorie|plant_forward,meal,,,
pepper,169383,"Peppers, sweet, yellow, raw",SR Legacy,Vegetables and Vegetable Products,100,g,27.0,1.0,0.21,6.32,0.9,,2.0,low_calorie|plant_forward,meal,,,
pepper,2747662,"Peppers, poblano, seeded, raw",Foundation,Vegetables and Vegetable Products,100,g,28.0,1.43,0.191,5.14,2.07,2.68,0.0,low_calorie|plant_forward,meal,,,
pepper,2258589,"Peppers, bell, yellow, raw",Foundation,Vegetables and Vegetable Products,100,g,26.6,0.819,0.121,6.6,1.07,,0.0,low_calorie|plant_forward,meal,,,
pepper,2258588,"Peppers, bell, green, raw",Foundation,Vegetables and Vegetable Products,100,g,19.7,0.715,0.106,4.78,0.942,,0.0,low_calorie|plant_forward,meal,,,
pepper,2747663,"Peppers, serrano, seeded, raw",Foundation,Vegetables and Vegetable Products,100,g,29.2,0.856,0.141,6.14,2.52,2.52,0.0,low_calorie|plant_forward,meal,,,
pepper,168577,"Peppers, chili, green, canned",SR Legacy,Vegetables and Vegetable Products,100,g,21.0,0.72,0.27,4.6,1.7,,397.0,low_calorie|plant_forward,meal,,,
pepper,170024,"Peppers, sweet, green, sauteed",SR Legacy,Vegetables and Vegetable Products,100,g,116.0,0.78,11.8,4.22,1.8,2.17,17.0,low_calorie|plant_forward,meal,,,
pepper,170427,"Peppers, sweet, green, raw",SR Legacy,Vegetables and Vegetable Products,100,g,20.0,0.86,0.17,4.64,1.7,2.4,3.0,low_calorie|plant_forward,meal,,,
pepper,170497,"Peppers, hot chili, green, raw",SR Legacy,Vegetables and Vegetable Products,100,g,40.0,2.0,0.2,9.46,1.5,5.1,7.0,low_calorie|plant_forward,meal,,,
pepper,2710093,Hot pepper sauce,Survey (FNDDS),Mustard and other condiments,100,g,12.0,1.29,0.76,0.8,0.6,0.13,633.0,low_calorie,meal,,,
pepper,174528,"Sauce, ready-to-serve, pepper, TABASCO",SR Legacy,"Soups, Sauces, and Gravies",100,g,12.0,1.29,0.76,0.8,0.6,0.13,633.0,low_calorie,meal,,,
pepper,168576,"Peppers, jalapeno, raw",SR Legacy,Vegetables and Vegetable Products,100,g,29.0,0.91,0.37,6.5,2.8,4.12,3.0,low_calorie|plant_forward,meal,,,
pepper,2709798,"Peppers, hot, raw",Survey (FNDDS),Mustard and other condiments,100,g,34.0,1.39,0.4,7.66,2.2,4.71,6.0,low_calorie,meal,,,
pepper,170106,"Peppers, hot chili, red, raw",SR Legacy,Vegetables and Vegetable Products,100,g,40.0,1.87,0.44,8.81,1.5,5.3,9.0,low_calorie|plant_forward,meal,,,
pepper,2709978,"Peppers, hot, cooked",Survey (FNDDS),Mustard and other condiments,100,g,59.0,1.41,3.06,7.72,2.2,4.76,132.0,low_calorie,meal,,,
pepper,2747661,"Peppers, jalapeno, seeded, raw",Foundation,Vegetables and Vegetable Products,100,g,24.1,0.621,0.149,5.08,1.72,2.7,0.0,low_calorie|plant_forward,meal,,,
pepper,170108,"Peppers, sweet, red, raw",SR Legacy,Vegetables and Vegetable Products,100,g,26.0,0.99,0.3,6.03,2.1,4.2,4.0,low_calorie|plant_forward,meal,,,
pepper,2710798,"Green pepper, cooked, as ingredient",Survey (FNDDS),Not included in a food category,100,g,25.0,0.77,0.12,5.14,1.0,2.58,0.0,low_calorie,meal,,,
pepper,2709800,"Peppers, sweet, green, raw",Survey (FNDDS),Other vegetables and combinations,100,g,23.0,0.72,0.11,4.78,0.9,2.4,0.0,low_calorie|plant_forward,meal,,,
pepper,168550,"Peppers, sweet, red, sauteed",SR Legacy,Vegetables and Vegetable Products,100,g,133.0,1.04,12.8,6.57,1.8,4.28,21.0,plant_forward,meal,,,
pepper,2710096,"Peppers, jalapenos",Survey (FNDDS),Other vegetables and combinations,100,g,26.0,0.86,0.38,5.53,2.7,2.86,716.0,low_calorie|plant_forward,meal,,,
pepper,2709976,"Peppers, green, cooked",Survey (FNDDS),Other vegetables and combinations,100,g,47.0,0.74,2.76,4.83,0.9,2.42,126.0,low_calorie|plant_forward,meal,,,
pepper,2709799,"Peppers, raw, NFS",Survey (FNDDS),Other vegetables and combinations,100,g,27.0,0.81,0.12,5.72,1.0,3.3,0.0,low_calorie|plant_forward,meal,,,
pepper,168578,"Peppers, hungarian, raw",SR Legacy,Vegetables and Vegetable Products,100,g,29.0,0.8,0.41,6.7,1.0,3.53,1.0,low_calorie|plant_forward,meal,,,
pepper,2709801,"Peppers, sweet, red, raw",Survey (FNDDS),Other red and orange vegetables,100,g,31.0,0.9,0.13,6.65,1.2,4.2,0.0,low_calorie|plant_forward,meal,,,
pepper,2710799,"Red pepper, cooked, as ingredient",Survey (FNDDS),Not included in a food category,100,g,33.0,0.97,0.14,7.15,1.3,4.52,0.0,low_calorie,meal,,,
pepper,169766,"Peppers, hot pickled, canned",SR Legacy,Vegetables and Vegetable Products,100,g,22.0,0.8,0.4,4.56,2.6,1.6,1430.0,low_calorie|plant_forward,meal,,,
pepper,2710095,"Peppers, hot, pickled",Survey (FNDDS),"Olives, pickles, pickled vegetables",100,g,22.0,0.8,0.4,4.56,2.6,1.6,1430.0,low_calorie|plant_forward,meal,,,
pepper,170080,"Peppers, jalapeno, canned, solids and liquids",SR Legacy,Vegetables and Vegetable Products,100,g,27.0,0.92,0.94,4.74,2.6,2.14,1670.0,low_calorie|plant_forward,meal,,,
pepper,174527,"Sauce, ready-to-serve, pepper or hot",SR Legacy,"Soups, Sauces, and Gravies",100,g,11.0,0.51,0.37,1.75,0.3,1.26,2640.0,low_calorie,meal,,,
pineapple,172703,"Cake, pineapple upside-down, prepared from recipe",SR Legacy,Baked Products,100,g,319.0,3.5,12.1,50.5,0.8,,319.0,,meal,,,
pineapple,167764,"Fruit salad, (pineapple and papaya and banana and guava), tropical, canned, heavy syrup, solids and liquids",SR Legacy,Fruits and Fruit Juices,100,g,86.0,0.41,0.1,22.4,1.3,,2.0,low_calorie|plant_forward,snack,,,
pineapple,174670,"Fruit salad, (peach and pear and apricot and pineapple and cherry), canned, juice pack, solids and liquids",SR Legacy,Fruits and Fruit Juices,100,g,50.0,0.51,0.03,13.0,1.0,,5.0,low_calorie|plant_forward,snack,,,
pineapple,174669,"Fruit salad, (peach and pear and apricot and pineapple and cherry), canned, water pack, solids and liquids",SR Legacy,Fruits and Fruit Juices,100,g,30.0,0.35,0.07,7.87,1.0,,3.0,low_calorie|plant_forward,snack,,,
pineapple,174671,"Fruit salad, (peach and pear and apricot and pineapple and cherry), canned, light syrup, solids and liquids",SR Legacy,Fruits and Fruit Juices,100,g,58.0,0.34,0.07,15.1,1.0,,6.0,low_calorie|plant_forward,snack,,,
pineapple,174672,"Fruit salad, (peach and pear and apricot and pineapple and cherry), canned, extra heavy syrup, solids and liquids",SR Legacy,Fruits and Fruit Juices,100,g,88.0,0.33,0.06,22.8,1.0,,5.0,low_calorie|plant_forward,snack,,,
pineapple,169945,"Pineapple, canned, extra heavy syrup pack, solids and liquids",SR Legacy,Fruits and Fruit Juices,100,g,83.0,0.34,0.11,21.5,0.8,,1.0,low_calorie|plant_forward,snack,,,
pineapple,169125,"Pineapple, canned, water pack, solids and liquids",SR Legacy,Fruits and Fruit Juices,100,g,32.0,0.43,0.09,8.3,0.8,7.5,1.0,low_calorie|plant_forward,snack,,,
pineapple,169124,"Pineapple, raw, all varieties",SR Legacy,Fruits and Fruit Juices,100,g,50.0,0.54,0.12,13.1,1.4,9.85,1.0,low_calorie|plant_forward,snack,,,
pineapple,168193,"Pineapple, raw, traditional varieties",SR Legacy,Fruits and Fruit Juices,100,g,45.0,0.55,0.13,11.8,,8.29,1.0,low_calorie|plant_forward,snack,,,
pineapple,168194,"Pineapple, raw, extra sweet variety",SR Legacy,Fruits and Fruit Juices,100,g,51.0,0.53,0.11,13.5,1.4,10.3,1.0,low_calorie|plant_forward,snack,,,
pineapple,2709310,Pineapple salad with dressing,Survey (FNDDS),Other fruits and fruit salads,100,g,105.0,0.5,5.79,12.79,0.8,10.35,48.0,low_calorie|plant_forward,snack,,,
pineapple,2709329,"Pineapple juice, 100%",Survey (FNDDS),Other fruit juice,100,g,53.0,0.36,0.12,12.87,0.2,9.98,2.0,low_calorie|plant_forward,snack,,,
pineapple,2346398,"Pineapple, raw",Foundation,Fruits and Fruit Juices,100,g,54.0,0.461,0.211,14.1,0.935,11.4,0.0,low_calorie|plant_forward,snack,,,
pineapple,2709264,"Pineapple, frozen",Survey (FNDDS),Pineapple,100,g,60.0,0.46,0.21,14.09,0.9,11.42,0.0,low_calorie,meal,,,
pineapple,2709260,"Pineapple, raw",Survey (FNDDS),Pineapple,100,g,60.0,0.46,0.21,14.09,0.9,11.42,0.0,low_calorie,meal,,,
pineapple,2709263,"Pineapple, canned, juice pack",Survey (FNDDS),Pineapple,100,g,48.0,0.44,0.12,12.22,0.8,11.26,4.0,low_calorie,meal,,,
pineapple,169127,"Pineapple, canned, light syrup pack, solids and liquids",SR Legacy,Fruits and Fruit Juices,100,g,52.0,0.36,0.12,13.4,0.8,12.6,1.0,low_calorie|plant_forward,snack,,,
pineapple,2709261,"Pineapple, canned, NFS",Survey (FNDDS),Pineapple,100,g,55.0,0.42,0.12,13.91,0.7,13.07,2.0,low_calorie,meal,,,
pineapple,167767,"Pineapple, canned, juice pack, drained",SR Legacy,Fruits and Fruit Juices,100,g,60.0,0.51,0.11,15.6,1.3,14.3,1.0,low_calorie|plant_forward,snack,,,
pineapple,169126,"Pineapple, canned, juice pack, solids and liquids",SR Legacy,Fruits and Fruit Juices,100,g,60.0,0.42,0.08,15.7,0.8,14.4,1.0,low_calorie|plant_forward,snack,,,
pineapple,2708010,"Pie, pineapple cream",Survey (FNDDS),Cakes and pies,100,g,274.0,2.36,15.57,31.18,0.7,18.64,168.0,,meal,,,
pineapple,2709262,"Pineapple, canned, in syrup",Survey (FNDDS),Pineapple,100,g,62.0,0.4,0.11,15.6,0.7,14.88,1.0,low_calorie,meal,,,
pineapple,169944,"Pineapple, canned, heavy syrup pack, solids and liquids",SR Legacy,Fruits and Fruit Juices,100,g,78.0,0.35,0.11,20.2,0.8,16.9,1.0,low_calorie|plant_forward,snack,,,
pineapple,2707890,"Cake, pineapple, upside down",Survey (FNDDS),Cakes and pies,100,g,273.0,2.38,12.18,39.11,0.7,28.16,214.0,,meal,,,
pineapple,2709210,"Pineapple, dried",Survey (FNDDS),Dried fruits,100,g,347.0,1.22,0.71,84.11,2.4,77.12,0.0,plant_forward,snack,,,
pork,2705902,Pork skin rinds,Survey (FNDDS),Pork,100,g,544.0,61.3,31.3,0.0,0.0,0.0,1818.0,high_protein,meal,,medium,thịt heo
pork,2705895,"Pork, cracklings",Survey (FNDDS),Pork,100,g,569.0,45.03,41.74,0.0,0.0,0.0,1289.0,high_protein,meal,,medium,thịt heo
pork,2705865,Pork jerky,Survey (FNDDS),Cold cuts and cured meats,100,g,412.0,35.0,24.73,9.73,0.0,9.75,1810.0,high_protein,meal,,medium,thịt heo
pork,2705862,"Pork, NFS",Survey (FNDDS),Pork,100,g,192.0,27.14,8.67,0.0,0.0,0.0,348.0,high_protein,meal,,medium,thịt heo
pork,2705863,"Pork, ground",Survey (FNDDS),Pork,100,g,299.0,26.92,21.22,0.0,0.0,0.0,395.0,high_protein,meal,,medium,thịt heo
pork,2705882,"Pork, roast",Survey (FNDDS),Pork,100,g,181.0,26.63,7.49,0.0,0.0,0.0,353.0,high_protein,meal,,medium,thịt heo
pork,2705901,"Pork, belly",Survey (FNDDS),Pork,100,g,404.0,26.58,32.24,0.0,0.0,0.0,448.0,high_protein,meal,,medium,thịt heo
pork,2705897,"Pork, bones",Survey (FNDDS),Pork,100,g,236.0,26.15,13.78,0.0,0.0,0.0,364.0,high_protein,meal,,medium,thịt heo
pork,2705896,"Pork, ears",Survey (FNDDS),Pork,100,g,236.0,26.15,13.78,0.0,0.0,0.0,364.0,high_protein,meal,,medium,thịt heo
pork,2705877,"Pork, tenderloin",Survey (FNDDS),Pork,100,g,134.0,24.65,3.38,0.09,0.0,0.0,339.0,high_protein,meal,,medium,thịt heo
pork,2706400,"Barbecue pork, no sauce",Survey (FNDDS),Pork,100,g,249.0,24.75,15.87,0.0,0.0,0.0,422.0,high_protein,meal,,medium,thịt heo
pork,2705864,"Pork, carnitas",Survey (FNDDS),Pork,100,g,271.0,24.57,18.33,0.0,0.0,0.0,440.0,high_protein,meal,,medium,thịt heo
pork,2705898,"Pork, pig's feet",Survey (FNDDS),Pork,100,g,236.0,21.77,15.92,0.0,0.0,0.0,380.0,high_protein,meal,,medium,thịt heo
pork,2706398,Ham or pork with gravy,Survey (FNDDS),Meat mixed dishes,100,g,160.0,20.15,7.49,1.58,0.0,0.09,349.0,high_protein,meal,,medium,thịt heo
pork,168320,"HORMEL ALWAYS TENDER, Boneless Pork Loin, Fresh Pork",SR Legacy,Pork Products,100,g,145.0,19.0,7.18,0.76,,0.08,358.0,high_protein,meal,,medium,thịt heo
pork,2514745,"Pork, ground, raw",Foundation,Pork Products,100,g,233.0,17.8,17.5,0.0,,,53.6,high_protein,meal,,medium,thịt heo
pork,169157,"Pork, pickled pork hocks",SR Legacy,Pork Products,100,g,171.0,19.1,10.5,0.0,0.0,0.0,1050.0,high_protein,meal,,medium,thịt heo
pork,2706763,Kung Pao pork,Survey (FNDDS),Stir-fry and soy-based sauce mixtures,100,g,219.0,16.89,14.76,4.55,1.0,1.43,183.0,high_protein,meal,soy,medium,thịt heo
pork,2708592,"Quesadilla, beef or pork",Survey (FNDDS),Other Mexican mixed dishes,100,g,305.0,14.07,15.13,27.32,1.9,2.15,600.0,,meal,,medium,thịt heo
pork,2706399,"Barbecue pork, with sauce",Survey (FNDDS),Meat mixed dishes,100,g,226.0,17.57,11.3,12.23,0.3,9.97,603.0,high_protein,meal,,medium,thịt heo
pork,2705900,"Pork, ham hocks",Survey (FNDDS),Pork,100,g,268.0,14.64,22.79,1.09,0.0,1.09,1040.0,,meal,,medium,thịt heo
pork,168277,"Pork, cured, bacon, unprepared",SR Legacy,Pork Products,100,g,393.0,13.7,37.1,0.0,0.0,0.35,751.0,,meal,,medium,thịt heo
pork,2706766,Pork hash,Survey (FNDDS),Meat mixed dishes,100,g,186.0,12.94,13.66,1.96,0.5,0.56,486.0,,meal,,medium,thịt heo
pork,2705894,"Pork, ribs",Survey (FNDDS),Pork,100,g,254.0,16.22,15.12,12.13,0.3,9.89,678.0,high_protein,meal,,medium,thịt heo
pork,2706756,Ham or pork salad,Survey (FNDDS),Meat mixed dishes,100,g,230.0,13.26,18.09,2.83,0.4,2.06,989.0,,meal,,medium,thịt heo
pork,2706411,Pork with chili and tomatoes,Survey (FNDDS),Meat mixed dishes,100,g,95.0,11.64,3.99,2.68,0.9,1.63,118.0,low_calorie,meal,,medium,thịt heo
pork,2705883,"Pork, roll",Survey (FNDDS),Cold cuts and cured meats,100,g,329.0,13.07,28.39,4.49,0.0,0.0,1377.0,,meal,,medium,thịt heo
pork,2708605,"Fajita, beef or pork",Survey (FNDDS),Other Mexican mixed dishes,100,g,231.0,12.07,12.24,17.99,1.5,2.44,459.0,,meal,,medium,thịt heo
pork,2708578,"Nachos, beef or pork",Survey (FNDDS),Nachos,100,g,265.0,10.73,15.96,19.87,1.4,0.32,429.0,,meal,,medium,thịt heo
pork,2705899,"Pork, pig's feet, pickled",Survey (FNDDS),Pork,100,g,140.0,11.63,10.02,0.01,0.0,0.0,946.0,,meal,,medium,thịt heo
pork,167870,"Pork, cured, feet, pickled",SR Legacy,Pork Products,100,g,140.0,11.6,10.0,0.01,0.0,0.0,946.0,,meal,,medium,thịt heo
pork,2706407,"Guisada, pork",Survey (FNDDS),Meat mixed dishes,100,g,118.0,10.31,7.09,2.52,0.5,0.63,300.0,low_calorie,meal,,medium,thịt heo
pork,2708567,"Enchilada, pork",Survey (FNDDS),Other Mexican mixed dishes,100,g,192.0,9.54,10.74,14.64,2.3,0.79,456.0,,meal,,medium,thịt heo
pork,2706520,"Stew, pork, with pasta",Survey (FNDDS),Meat mixed dishes,100,g,133.0,9.35,5.58,10.81,1.1,0.92,296.0,,meal,wheat,medium,thịt heo
pork,2706519,"Stew, pork",Survey (FNDDS),Meat mixed dishes,100,g,109.0,8.35,5.42,6.29,1.3,1.57,304.0,low_calorie,meal,,medium,thịt heo
pork,2708572,"Tamale, pork",Survey (FNDDS),Other Mexican mixed dishes,100,g,174.0,7.38,9.04,15.8,2.4,0.46,473.0,,meal,,medium,thịt heo
pork,2706759,Greens with ham or pork,Survey (FNDDS),Other dark green vegetables,100,g,47.0,4.91,1.41,4.68,3.6,0.84,370.0,low_calorie|plant_forward,meal,,medium,thịt heo
pork,2706507,Ham or pork with stuffing,Survey (FNDDS),Meat mixed dishes,100,g,143.0,6.26,8.27,10.43,0.4,1.13,319.0,,meal,,medium,thịt heo
pork,2706401,Sweet and sour pork,Survey (FNDDS),Stir-fry and soy-based sauce mixtures,100,g,260.0,8.88,13.6,25.5,1.0,10.3,304.0,,meal,soy,medium,thịt heo
pork,2707406,Pork and beans,Survey (FNDDS),"Beans, peas, legumes",100,g,105.0,4.52,0.89,21.57,4.4,8.23,391.0,low_calorie|plant_forward,meal,,medium,thịt heo
pork,167811,"Pork, fresh, backfat, raw",SR Legacy,Pork Products,100,g,812.0,2.92,88.7,0.0,0.0,0.0,11.0,,meal,,medium,thịt heo
pork,2707131,"Soup, pork or ham",Survey (FNDDS),"Soups, broth-based",100,g,48.0,3.14,2.17,4.04,0.8,1.1,247.0,low_calorie,meal,,medium,thịt heo
pork,168287,"Pork, cured, salt pork, raw",SR Legacy,Pork Products,100,g,748.0,5.05,80.5,0.0,0.0,0.0,2680.0,,meal,,medium,thịt heo
potato,2707643,"Bread, potato, toasted",Survey (FNDDS),Yeast breads,100,g,292.0,13.74,3.44,51.72,6.9,10.31,412.0,high_fiber,meal,wheat,,khoai tây
potato,167943,"Bread, potato",SR Legacy,Baked Products,100,g,266.0,12.5,3.13,47.1,6.3,9.38,375.0,high_fiber,meal,wheat,,khoai tây
potato,2707642,"Bread, potato",Survey (FNDDS),Yeast breads,100,g,266.0,12.5,3.13,47.07,6.3,9.38,375.0,high_fiber,meal,wheat,,khoai tây
potato,2261422,"Flour, potato",Foundation,Vegetables and Vegetable Products,100,g,353.0,8.11,0.951,79.9,5.4,,47.7,high_fiber|plant_forward,meal,,,khoai tây
potato,168446,Potato flour,SR Legacy,Vegetables and Vegetable Products,100,g,357.0,6.9,0.34,83.1,5.9,3.52,55.0,high_fiber|plant_forward,meal,,,khoai tây
potato,2707649,"Bread, sweet potato, toasted",Survey (FNDDS),Yeast breads,100,g,265.0,9.5,3.15,49.87,1.9,3.88,521.0,,meal,wheat,,khoai tây
potato,2706478,Beef and potatoes with cheese sauce,Survey (FNDDS),Meat mixed dishes,100,g,126.0,8.15,5.6,11.1,0.9,0.48,316.0,,meal,milk,,khoai tây
potato,2706474,"Beef and potatoes, no sauce",Survey (FNDDS),Meat mixed dishes,100,g,133.0,7.92,4.93,14.52,1.3,0.65,305.0,,meal,,,khoai tây
potato,2707648,"Bread, sweet potato",Survey (FNDDS),Yeast breads,100,g,241.0,8.64,2.87,45.38,1.7,3.53,474.0,,meal,wheat,,khoai tây
potato,2706528,Chicken or turkey and potatoes with gravy,Survey (FNDDS),Poultry mixed dishes,100,g,122.0,7.47,6.35,9.04,0.9,0.57,428.0,,meal,,,khoai tây
potato,2709448,"Potato, scalloped, NFS",Survey (FNDDS),Mashed potatoes and white potato mixtures,100,g,168.0,7.13,9.63,13.51,0.8,2.13,322.0,,meal,,,khoai tây
potato,2709450,"Potato, scalloped, from fresh",Survey (FNDDS),Mashed potatoes and white potato mixtures,100,g,168.0,7.13,9.63,13.51,0.8,2.13,322.0,,meal,,,khoai tây
potato,170092,Potato pancakes,SR Legacy,Vegetables and Vegetable Products,100,g,268.0,6.08,14.8,27.8,3.3,1.79,764.0,plant_forward,meal,,,khoai tây
potato,2709454,"Potato, scalloped, ready-to-heat",Survey (FNDDS),Mashed potatoes and white potato mixtures,100,g,178.0,6.8,10.98,13.31,0.7,2.18,400.0,,meal,,,khoai tây
potato,2709552,Potato pancake,Survey (FNDDS),Mashed potatoes and white potato mixtures,100,g,196.0,4.47,10.8,20.64,2.2,1.11,402.0,,meal,,,khoai tây
potato,170032,"Potatoes, raw, skin",SR Legacy,Vegetables and Vegetable Products,100,g,58.0,2.57,0.1,12.4,2.5,,10.0,low_calorie|plant_forward,meal,,,khoai tây
potato,2709557,"Soup, potato with meat",Survey (FNDDS),"Soups, cream-based",100,g,109.0,3.78,6.43,8.81,1.0,0.95,246.0,low_calorie,meal,,,khoai tây
potato,170036,"Potatoes, hash brown, home-prepared",SR Legacy,Vegetables and Vegetable Products,100,g,265.0,3.0,12.5,35.1,3.2,1.49,342.0,plant_forward,meal,,,khoai tây
potato,2709541,"Potato salad, German style",Survey (FNDDS),Mashed potatoes and white potato mixtures,100,g,108.0,2.92,3.22,17.17,1.9,1.46,181.0,low_calorie,meal,,,khoai tây
potato,2710790,"Potato, cooked, as ingredient",Survey (FNDDS),Not included in a food category,100,g,81.0,2.13,0.3,17.36,2.2,0.64,3.0,low_calorie,meal,,,khoai tây
potato,2709524,"Potato, baked, peel eaten",Survey (FNDDS),"White potatoes, baked or boiled",100,g,93.0,2.49,0.13,21.05,2.2,1.18,186.0,low_calorie,meal,,,khoai tây
potato,2709554,Stewed potatoes,Survey (FNDDS),Mashed potatoes and white potato mixtures,100,g,103.0,1.99,3.39,16.26,2.1,0.96,147.0,low_calorie,meal,,,khoai tây
potato,2708722,"Gnocchi, potato",Survey (FNDDS),"Pasta mixed dishes, excludes macaroni and cheese",100,g,135.0,2.44,6.33,17.2,1.0,0.99,279.0,,meal,milk|wheat,,khoai tây
potato,2709401,"Potato, canned, no added fat",Survey (FNDDS),"White potatoes, baked or boiled",100,g,60.0,1.39,0.2,13.55,2.4,0.59,159.0,low_calorie,meal,,,khoai tây
potato,2709399,"Potato, canned, NS as to fat",Survey (FNDDS),"White potatoes, baked or boiled",100,g,94.0,1.34,4.35,12.91,2.3,0.57,166.0,low_calorie,meal,,,khoai tây
potato,2709495,"Potato, mashed, ready-to-heat",Survey (FNDDS),Mashed potatoes and white potato mixtures,100,g,106.0,1.97,5.01,13.29,1.9,1.76,298.0,low_calorie,meal,,,khoai tây
potato,2709555,Stewed potatoes with tomatoes,Survey (FNDDS),Mashed potatoes and white potato mixtures,100,g,87.0,1.71,3.29,12.89,1.9,1.68,146.0,low_calorie,meal,,,khoai tây
potato,2709383,"Potato, baked, NFS",Survey (FNDDS),"White potatoes, baked or boiled",100,g,93.0,1.95,0.1,21.45,1.5,1.69,181.0,low_calorie,meal,,,khoai tây
potato,2709384,"Potato, baked, peel not eaten",Survey (FNDDS),"White potatoes, baked or boiled",100,g,93.0,1.95,0.1,21.45,1.5,1.69,181.0,low_calorie,meal,,,khoai tây
potato,2709382,"Potato, NFS",Survey (FNDDS),"White potatoes, baked or boiled",100,g,126.0,1.87,4.25,20.45,1.4,1.62,166.0,,meal,,,khoai tây
potato,2709385,"Potato, boiled, NFS",Survey (FNDDS),"White potatoes, baked or boiled",100,g,126.0,1.87,4.25,20.45,1.4,1.62,166.0,,meal,,,khoai tây
potato,2709386,"Potato, boiled, ready-to-heat",Survey (FNDDS),"White potatoes, baked or boiled",100,g,126.0,1.87,4.25,20.45,1.4,1.62,166.0,,meal,,,khoai tây
potato,2709402,"Potato, roasted, NFS",Survey (FNDDS),"White potatoes, baked or boiled",100,g,126.0,1.87,4.25,20.45,1.4,1.62,166.0,,meal,,,khoai tây
potato,2709415,"Potato, roasted, ready-to-heat",Survey (FNDDS),"White potatoes, baked or boiled",100,g,126.0,1.87,4.25,20.45,1.4,1.62,166.0,,meal,,,khoai tây
potato,2709492,"Potato, mashed, NFS",Survey (FNDDS),Mashed potatoes and white potato mixtures,100,g,114.0,2.15,4.07,17.6,1.2,2.13,210.0,low_calorie,meal,,,khoai tây
potato,2709543,"Potato salad, made with mayonnaise",Survey (FNDDS),Mashed potatoes and white potato mixtures,100,g,168.0,1.51,11.14,15.81,1.5,1.29,179.0,,meal,,,khoai tây
potato,2709556,"Soup, potato",Survey (FNDDS),"Soups, cream-based",100,g,90.0,1.51,4.71,10.53,1.2,1.01,240.0,low_calorie,meal,,,khoai tây
potato,2709697,"Sweet potato, NFS",Survey (FNDDS),Other red and orange vegetables,100,g,115.0,1.58,4.53,17.14,3.0,6.0,161.0,low_calorie|plant_forward,meal,,,khoai tây
potato,173343,Potato salad with egg,SR Legacy,"Meals, Entrees, and Side Dishes",100,g,157.0,1.96,9.4,16.2,1.3,4.95,329.0,,breakfast,egg,,khoai tây
potato,2709708,"Sweet potato, casserole or mashed",Survey (FNDDS),Other red and orange vegetables,100,g,99.0,1.89,2.56,17.22,2.4,8.05,132.0,low_calorie|plant_forward,meal,,,khoai tây
potato,2708012,"Pie, sweet potato",Survey (FNDDS),Cakes and pies,100,g,269.0,4.96,9.75,41.08,1.3,25.16,269.0,,meal,,,khoai tây
potato,2709704,"Sweet potato, candied",Survey (FNDDS),Other red and orange vegetables,100,g,187.0,1.18,3.48,37.69,2.2,29.38,121.0,plant_forward,meal,,,khoai tây
potato,2710308,Sweet potato paste,Survey (FNDDS),"Jams, syrups, toppings",100,g,305.0,0.49,0.34,75.14,0.9,71.75,1.0,,meal,,,khoai tây
salmon,2706286,"Fish, salmon, baked or broiled",Survey (FNDDS),Fish,100,g,274.0,25.4,18.4,0.01,0.0,0.01,294.0,high_protein,meal,fish,high,cá hồi
salmon,2706291,"Fish, salmon, canned",Survey (FNDDS),Fish,100,g,136.0,24.62,4.21,0.0,0.0,0.0,378.0,high_protein,meal,fish,high,cá hồi
salmon,2706284,"Fish, salmon, raw",Survey (FNDDS),Fish,100,g,188.0,20.44,11.16,0.0,0.0,0.0,63.0,high_protein,meal,fish,high,cá hồi
salmon,175137,"Fish, salmon, coho, wild, cooked, moist heat",SR Legacy,Finfish and Shellfish Products,100,g,184.0,27.4,7.5,0.0,0.0,,53.0,high_protein,meal,fish,high,cá hồi
salmon,173692,"Fish, salmon, sockeye, cooked, dry heat",SR Legacy,Finfish and Shellfish Products,100,g,156.0,26.5,5.57,0.0,0.0,0.0,92.0,high_protein,meal,fish,high,cá hồi
salmon,173723,"Salmon, sockeye, canned, drained solids, without skin and bones",SR Legacy,Finfish and Shellfish Products,100,g,158.0,26.3,5.87,0.0,0.0,0.0,386.0,high_protein,meal,fish,high,cá hồi
salmon,172000,"Fish, salmon, chum, cooked, dry heat",SR Legacy,Finfish and Shellfish Products,100,g,154.0,25.8,4.83,0.0,0.0,,64.0,high_protein,meal,fish,high,cá hồi
salmon,171999,"Fish, salmon, chinook, cooked, dry heat",SR Legacy,Finfish and Shellfish Products,100,g,231.0,25.7,13.4,0.0,0.0,,60.0,high_protein,meal,fish,high,cá hồi
salmon,2706290,"Fish, salmon, steamed",Survey (FNDDS),Fish,100,g,237.0,25.82,14.1,0.0,0.0,0.0,177.0,high_protein,meal,fish,high,cá hồi
salmon,2706287,"Fish, salmon, grilled",Survey (FNDDS),Fish,100,g,259.0,25.92,16.48,0.0,0.0,0.0,288.0,high_protein,meal,fish,high,cá hồi
salmon,171998,"Fish, salmon, Atlantic, wild, cooked, dry heat",SR Legacy,Finfish and Shellfish Products,100,g,182.0,25.4,8.13,0.0,0.0,,56.0,high_protein,meal,fish,high,cá hồi
salmon,2706285,"Fish, salmon, NFS",Survey (FNDDS),Fish,100,g,274.0,25.4,18.4,0.01,0.0,0.01,294.0,high_protein,meal,fish,high,cá hồi
salmon,172001,"Fish, salmon, pink, cooked, dry heat",SR Legacy,Finfish and Shellfish Products,100,g,153.0,24.6,5.28,0.0,0.0,0.0,90.0,high_protein,meal,fish,high,cá hồi
salmon,173716,"Fish, salmon, coho, farmed, cooked, dry heat",SR Legacy,Finfish and Shellfish Products,100,g,178.0,24.3,8.23,0.0,0.0,,52.0,high_protein,meal,fish,high,cá hồi
salmon,2706230,"Fish, smoked",Survey (FNDDS),Fish,100,g,116.0,25.23,0.96,0.0,0.0,0.0,763.0,high_protein|low_calorie,meal,fish,high,cá hồi
salmon,173724,"Fish, Salmon, pink, canned, drained solids, without skin and bones",SR Legacy,Finfish and Shellfish Products,100,g,136.0,24.6,4.21,0.0,0.0,0.0,378.0,high_protein,meal,fish,high,cá hồi
salmon,173719,"Fish, salmon, coho, wild, cooked, dry heat",SR Legacy,Finfish and Shellfish Products,100,g,139.0,23.4,4.3,0.0,0.0,0.0,58.0,high_protein,meal,fish,high,cá hồi
salmon,173693,"Fish, salmon, sockeye, canned, drained solids",SR Legacy,Finfish and Shellfish Products,100,g,167.0,23.6,7.39,0.0,0.0,0.0,408.0,high_protein,meal,fish,high,cá hồi
salmon,2706229,"Fish, canned",Survey (FNDDS),Fish,100,g,156.0,23.19,6.3,0.0,0.0,0.0,379.0,high_protein,meal,fish,high,cá hồi
salmon,175175,"Fish, salmon, pink, canned, drained solids",SR Legacy,Finfish and Shellfish Products,100,g,138.0,23.1,5.02,0.0,0.0,0.0,381.0,high_protein,meal,fish,high,cá hồi
salmon,2684440,"Fish, salmon, sockeye, wild caught, raw",Foundation,Finfish and Shellfish Products,100,g,136.0,22.3,4.94,0.0,,,53.3,high_protein,meal,fish,high,cá hồi
salmon,173691,"Fish, salmon, sockeye, raw",SR Legacy,Finfish and Shellfish Products,100,g,131.0,22.2,4.69,0.0,0.0,0.0,78.0,high_protein,meal,fish,high,cá hồi
salmon,175168,"Fish, salmon, Atlantic, farmed, cooked, dry heat",SR Legacy,Finfish and Shellfish Products,100,g,206.0,22.1,12.4,0.0,0.0,0.0,61.0,high_protein,meal,fish,high,cá hồi
salmon,175136,"Fish, salmon, coho, wild, raw",SR Legacy,Finfish and Shellfish Products,100,g,146.0,21.6,5.93,0.0,0.0,0.0,46.0,high_protein,meal,fish,high,cá hồi
salmon,174224,"Fish, salmon, chum, canned, without salt, drained solids with bone",SR Legacy,Finfish and Shellfish Products,100,g,141.0,21.4,5.5,0.0,0.0,,75.0,high_protein,meal,fish,high,cá hồi
salmon,173715,"Fish, salmon, coho, farmed, raw",SR Legacy,Finfish and Shellfish Products,100,g,160.0,21.3,7.67,0.0,0.0,,47.0,high_protein,meal,fish,high,cá hồi
salmon,175135,"Fish, salmon, chum, canned, drained solids with bone",SR Legacy,Finfish and Shellfish Products,100,g,141.0,21.4,5.5,0.0,0.0,0.0,391.0,high_protein,meal,fish,high,cá hồi
salmon,175138,"Fish, salmon, pink, raw",SR Legacy,Finfish and Shellfish Products,100,g,127.0,20.5,4.4,0.0,0.0,0.0,75.0,high_protein,meal,fish,high,cá hồi
salmon,174226,"Fish, salmon, sockeye, canned, without salt, drained solids with bone",SR Legacy,Finfish and Shellfish Products,100,g,153.0,20.5,7.31,0.0,0.0,,75.0,high_protein,meal,fish,high,cá hồi
salmon,175167,"Fish, salmon, Atlantic, farmed, raw",SR Legacy,Finfish and Shellfish Products,100,g,208.0,20.4,13.4,0.0,0.0,0.0,59.0,high_protein,meal,fish,high,cá hồi
salmon,2684441,"Fish, salmon, Atlantic, farm raised, raw",Foundation,Finfish and Shellfish Products,100,g,203.0,20.3,13.1,0.0,,,49.5,high_protein,meal,fish,high,cá hồi
salmon,173689,"Fish, salmon, chum, raw",SR Legacy,Finfish and Shellfish Products,100,g,120.0,20.1,3.77,0.0,0.0,,50.0,high_protein|low_calorie,meal,fish,high,cá hồi
salmon,175174,"Salmon, sockeye, canned, total can contents",SR Legacy,Finfish and Shellfish Products,100,g,153.0,20.6,7.17,0.0,0.0,0.0,433.0,high_protein,meal,fish,high,cá hồi
salmon,173688,"Fish, salmon, chinook, raw",SR Legacy,Finfish and Shellfish Products,100,g,179.0,19.9,10.4,0.0,0.0,0.0,47.0,high_protein,meal,fish,high,cá hồi
salmon,173686,"Fish, salmon, Atlantic, wild, raw",SR Legacy,Finfish and Shellfish Products,100,g,142.0,19.8,6.34,0.0,0.0,,44.0,high_protein,meal,fish,high,cá hồi
salmon,174225,"Fish, salmon, pink, canned, without salt, solids with bone and liquid",SR Legacy,Finfish and Shellfish Products,100,g,139.0,19.8,6.05,0.0,0.0,,75.0,high_protein,meal,fish,high,cá hồi
salmon,173690,"Fish, salmon, pink, canned, total can contents",SR Legacy,Finfish and Shellfish Products,100,g,129.0,19.7,4.97,0.0,0.0,0.0,403.0,high_protein,meal,fish,high,cá hồi
salmon,173687,"Fish, salmon, chinook, smoked",SR Legacy,Finfish and Shellfish Products,100,g,117.0,18.3,4.32,0.0,0.0,0.0,672.0,high_protein|low_calorie,meal,fish,high,cá hồi
salmon,2706292,"Fish, salmon, smoked",Survey (FNDDS),Fish,100,g,117.0,18.28,4.32,0.0,0.0,0.0,672.0,high_protein|low_calorie,meal,fish,high,cá hồi
salmon,2706223,"Fish, raw",Survey (FNDDS),Fish,100,g,94.0,17.22,2.34,0.0,0.0,0.0,83.0,high_protein|low_calorie,meal,fish,high,cá hồi
salmon,171985,"Fish, salmon, chinook, smoked, (lox), regular",SR Legacy,Finfish and Shellfish Products,100,g,117.0,18.3,4.32,0.0,0.0,,2000.0,high_protein|low_calorie,meal,fish,high,cá hồi
salmon,173722,"Salmon nuggets, cooked as purchased, unheated",SR Legacy,Finfish and Shellfish Products,100,g,189.0,12.0,10.4,11.8,0.0,,167.0,,meal,fish,high,cá hồi
seed,170156,"Seeds, sunflower seed flour, partially defatted",SR Legacy,Nut and Seed Products,100,g,326.0,48.1,1.61,35.8,5.2,,3.0,high_protein|high_fiber|plant_forward,snack,,,
seed,170918,"Spices, caraway seed",SR Legacy,Spices and Herbs,100,g,333.0,19.8,14.6,49.9,38.0,0.64,17.0,high_protein|high_fiber|plant_forward,meal,,,
seed,170559,"Seeds, safflower seed meal, partially defatted",SR Legacy,Nut and Seed Products,100,g,342.0,35.6,2.39,48.7,,,3.0,high_protein|plant_forward,snack,,,
seed,171323,"Spices, fennel seed",SR Legacy,Spices and Herbs,100,g,345.0,15.8,14.9,52.3,39.8,,88.0,high_protein|high_fiber|plant_forward,meal,,,
seed,171324,"Spices, fenugreek seed",SR Legacy,Spices and Herbs,100,g,323.0,23.0,6.41,58.4,24.6,,67.0,high_protein|high_fiber|plant_forward,meal,,,
seed,170554,"Seeds, chia seeds, dried",SR Legacy,Nut and Seed Products,100,g,486.0,16.5,30.7,42.1,34.4,,16.0,high_protein|high_fiber|plant_forward,snack,,,
seed,170922,"Spices, coriander seed",SR Legacy,Spices and Herbs,100,g,298.0,12.4,17.8,55.0,41.9,,35.0,high_fiber|plant_forward,meal,,,
seed,2707590,Chia seeds,Survey (FNDDS),Nuts and seeds,100,g,486.0,16.54,30.74,42.12,34.4,1.55,16.0,high_protein|high_fiber|plant_forward,snack,,,
seed,170148,"Seeds, hemp seed, hulled",SR Legacy,Nut and Seed Products,100,g,553.0,31.6,48.8,8.67,4.0,1.5,5.0,high_protein|plant_forward,snack,,,
seed,170556,"Seeds, pumpkin and squash seed kernels, dried",SR Legacy,Nut and Seed Products,100,g,559.0,30.2,49.0,10.7,6.0,1.4,7.0,high_protein|high_fiber|plant_forward,snack,,,
seed,2707579,"Pumpkin seeds, NFS",Survey (FNDDS),Nuts and seeds,100,g,574.0,29.84,49.05,14.71,6.5,1.29,18.0,high_protein|high_fiber|plant_forward,snack,,,
seed,2707581,"Pumpkin seeds, unsalted",Survey (FNDDS),Nuts and seeds,100,g,574.0,29.84,49.05,14.71,6.5,1.29,18.0,high_protein|high_fiber|plant_forward,snack,,,
seed,2515380,"Seeds, pumpkin seeds (pepitas), raw",Foundation,Nut and Seed Products,100,g,515.0,29.9,40.0,18.7,5.08,,0.0,high_protein|high_fiber|plant_forward,snack,,,
seed,2707580,"Pumpkin seeds, salted",Survey (FNDDS),Nuts and seeds,100,g,567.0,29.49,48.47,14.54,6.4,1.27,477.0,high_protein|high_fiber|plant_forward,snack,,,
seed,169414,"Seeds, flaxseed",SR Legacy,Nut and Seed Products,100,g,534.0,18.3,42.2,28.9,27.3,1.55,30.0,high_protein|high_fiber|plant_forward,snack,,,
seed,2707588,Flax seeds,Survey (FNDDS),Nuts and seeds,100,g,545.0,18.04,37.28,34.36,23.1,1.55,37.0,high_protein|high_fiber|plant_forward,snack,,,
seed,169407,"Seeds, watermelon seed kernels, dried",SR Legacy,Nut and Seed Products,100,g,557.0,28.3,47.4,15.3,,,99.0,high_protein|plant_forward,snack,,,
seed,170925,"Spices, dill seed",SR Legacy,Spices and Herbs,100,g,305.0,16.0,14.5,55.2,21.1,,20.0,high_protein|high_fiber|plant_forward,meal,,,
seed,2707589,Mixed seeds,Survey (FNDDS),Nuts and seeds,100,g,580.0,21.96,49.61,21.73,10.0,2.37,7.0,high_protein|high_fiber|plant_forward,snack,,,
seed,2707586,Sesame seeds,Survey (FNDDS),Nuts and seeds,100,g,631.0,20.45,61.21,11.73,11.6,0.48,47.0,high_protein|high_fiber|plant_forward,snack,,,
seed,169412,"Seeds, sesame seed kernels, dried (decorticated)",SR Legacy,Nut and Seed Products,100,g,631.0,20.4,61.2,11.7,11.6,0.48,47.0,high_protein|high_fiber|plant_forward,snack,,,
seed,171316,"Spices, anise seed",SR Legacy,Spices and Herbs,100,g,337.0,17.6,15.9,50.0,14.6,,16.0,high_protein|high_fiber|plant_forward,meal,,,
seed,170562,"Seeds, sunflower seed kernels, dried",SR Legacy,Nut and Seed Products,100,g,584.0,20.8,51.5,20.0,8.6,2.62,9.0,high_protein|high_fiber|plant_forward,snack,,,
seed,170151,"Seeds, sesame seeds, whole, roasted and toasted",SR Legacy,Nut and Seed Products,100,g,565.0,17.0,48.0,25.7,14.0,,11.0,high_protein|high_fiber|plant_forward,snack,,,
seed,170920,"Spices, celery seed",SR Legacy,Spices and Herbs,100,g,392.0,18.1,25.3,41.4,11.8,0.67,160.0,high_protein|high_fiber|plant_forward,meal,,,
seed,170150,"Seeds, sesame seeds, whole, dried",SR Legacy,Nut and Seed Products,100,g,573.0,17.7,49.7,23.4,11.8,0.3,11.0,high_protein|high_fiber|plant_forward,snack,,,
seed,170154,"Seeds, sunflower seed kernels, toasted, without salt",SR Legacy,Nut and Seed Products,100,g,619.0,17.2,56.8,20.6,11.5,,3.0,high_protein|high_fiber|plant_forward,snack,,,
seed,2515381,"Seeds, sunflower seed, kernel, raw",Foundation,Nut and Seed Products,100,g,571.0,18.9,48.4,24.5,7.22,,0.0,high_protein|high_fiber|plant_forward,snack,,,
seed,168594,"Seeds, sunflower seed kernels, toasted, with salt added",SR Legacy,Nut and Seed Products,100,g,619.0,17.2,56.8,20.6,11.5,,613.0,high_protein|high_fiber|plant_forward,snack,,,
seed,170923,"Spices, cumin seed",SR Legacy,Spices and Herbs,100,g,375.0,17.8,22.3,44.2,10.5,2.25,168.0,high_protein|high_fiber|plant_forward,meal,,,
seed,170558,"Seeds, safflower seed kernels, dried",SR Legacy,Nut and Seed Products,100,g,517.0,16.2,38.4,34.3,,,3.0,high_protein|plant_forward,snack,,,
seed,170553,"Seeds, breadnut tree seeds, dried",SR Legacy,Nut and Seed Products,100,g,367.0,8.62,1.68,79.4,14.9,,53.0,high_fiber|plant_forward,snack,wheat,,
seed,170155,"Seeds, sunflower seed butter, without salt",SR Legacy,Nut and Seed Products,100,g,617.0,17.3,55.2,23.3,5.7,10.5,3.0,high_protein|high_fiber|plant_forward,snack,,,
seed,170149,"Seeds, lotus seeds, dried",SR Legacy,Nut and Seed Products,100,g,332.0,15.4,1.97,64.5,,,5.0,high_protein|plant_forward,snack,,,
seed,168587,"Seeds, sisymbrium sp. seeds, whole, dried",SR Legacy,Nut and Seed Products,100,g,318.0,12.1,4.6,58.3,,,92.0,plant_forward,snack,,,
seed,170144,"Seeds, breadfruit seeds, raw",SR Legacy,Nut and Seed Products,100,g,191.0,7.4,5.59,29.2,5.2,,25.0,high_fiber|plant_forward,snack,wheat,,
seed,170595,"Seeds, breadfruit seeds, roasted",SR Legacy,Nut and Seed Products,100,g,207.0,6.2,2.7,40.1,6.0,,28.0,high_fiber|plant_forward,snack,wheat,,
seed,170145,"Seeds, breadfruit seeds, boiled",SR Legacy,Nut and Seed Products,100,g,168.0,5.3,2.3,32.0,4.8,,23.0,plant_forward,snack,wheat,,
seed,170552,"Seeds, breadnut tree seeds, raw",SR Legacy,Nut and Seed Products,100,g,217.0,5.97,0.99,46.3,,,31.0,plant_forward,snack,wheat,,
seed,168166,"Raisins, seeded",SR Legacy,Fruits and Fruit Juices,100,g,296.0,2.52,0.54,78.5,6.8,,28.0,high_fiber|plant_forward,snack,,,
seed,168591,"Seeds, lotus seeds, raw",SR Legacy,Nut and Seed Products,100,g,89.0,4.13,0.53,17.3,,,1.0,low_calorie|plant_forward,snack,,,
seed,167809,"Raspberries, puree, with seeds",SR Legacy,Fruits and Fruit Juices,100,g,55.0,1.1,0.97,11.5,4.3,6.56,4.0,low_calorie|plant_forward,snack,,,
seed,2710210,Poppy seed dressing,Survey (FNDDS),Salad dressings and vegetable oils,100,g,399.0,0.92,33.33,23.73,0.3,23.39,933.0,plant_forward,meal,,,
shrimp,2706366,"Shrimp, dried",Survey (FNDDS),Shellfish,100,g,250.0,51.05,3.4,0.0,0.0,0.0,2175.0,high_protein,meal,shellfish,high,
shrimp,175180,"Crustaceans, shrimp, cooked",SR Legacy,Finfish and Shellfish Products,100,g,99.0,24.0,0.28,0.2,,,111.0,high_protein|low_calorie,meal,shellfish,high,
shrimp,171971,"Crustaceans, shrimp, mixed species, cooked, moist heat (may contain additives to retain moisture)",SR Legacy,Finfish and Shellfish Products,100,g,119.0,22.8,1.7,1.52,0.0,0.0,947.0,high_protein|low_calorie,meal,shellfish,high,
shrimp,2706462,Shrimp teriyaki,Survey (FNDDS),Stir-fry and soy-based sauce mixtures,100,g,120.0,21.62,1.56,3.34,0.0,1.76,581.0,high_protein|low_calorie,meal,shellfish,high,
shrimp,175179,"Crustaceans, shrimp, raw",SR Legacy,Finfish and Shellfish Products,100,g,85.0,20.1,0.51,0.0,,,119.0,high_protein|low_calorie,meal,shellfish,high,
shrimp,2706367,"Shrimp, canned",Survey (FNDDS),Shellfish,100,g,100.0,20.42,1.36,0.0,0.0,0.0,870.0,high_protein|low_calorie,meal,shellfish,high,
shrimp,171972,"Crustaceans, shrimp, mixed species, canned",SR Legacy,Finfish and Shellfish Products,100,g,100.0,20.4,1.36,0.0,0.0,0.0,870.0,high_protein|low_calorie,meal,shellfish,high,
shrimp,2706363,"Shrimp, steamed or boiled",Survey (FNDDS),Shellfish,100,g,90.0,17.19,1.28,1.15,0.0,0.0,248.0,high_protein|low_calorie,meal,shellfish,high,
shrimp,2706362,"Shrimp, grilled",Survey (FNDDS),Shellfish,100,g,110.0,17.26,3.55,1.16,0.0,0.0,359.0,high_protein|low_calorie,meal,shellfish,high,
shrimp,2706361,"Shrimp, baked or broiled",Survey (FNDDS),Shellfish,100,g,129.0,16.92,5.79,1.14,0.0,0.01,363.0,high_protein,meal,shellfish,high,
shrimp,2706566,Shrimp with crab stuffing,Survey (FNDDS),Seafood mixed dishes,100,g,174.0,16.39,9.01,6.16,0.3,0.33,537.0,high_protein,meal,shellfish,high,
shrimp,2706458,Shrimp scampi,Survey (FNDDS),Shellfish,100,g,192.0,15.41,12.98,2.27,0.2,0.1,168.0,high_protein,meal,shellfish,high,
shrimp,2706455,Shrimp with lobster sauce,Survey (FNDDS),Seafood mixed dishes,100,g,151.0,16.78,7.85,2.16,0.0,0.8,1031.0,high_protein,meal,shellfish,high,
shrimp,2706360,"Shrimp, NFS",Survey (FNDDS),Shellfish,100,g,146.0,15.46,6.67,4.9,0.2,0.07,348.0,high_protein,meal,shellfish,high,
shrimp,2684443,"Crustaceans, shrimp, farm raised, raw",Foundation,Finfish and Shellfish Products,100,g,75.7,15.6,0.801,0.485,,,475.0,high_protein|low_calorie,meal,shellfish,high,
shrimp,2706856,"Shrimp creole, no rice",Survey (FNDDS),Seafood mixed dishes,100,g,124.0,14.33,5.16,4.51,1.0,1.32,153.0,,meal,shellfish,high,
shrimp,2706857,Kung Pao shrimp,Survey (FNDDS),Stir-fry and soy-based sauce mixtures,100,g,173.0,13.94,10.74,5.32,1.0,1.43,210.0,,meal,shellfish,high,
shrimp,2706565,"Shrimp, cake or patty",Survey (FNDDS),Seafood mixed dishes,100,g,218.0,13.93,15.34,5.26,0.3,0.66,329.0,,meal,shellfish,high,
shrimp,174210,"Crustaceans, shrimp, mixed species, raw (may contain additives to retain moisture)",SR Legacy,Finfish and Shellfish Products,100,g,71.0,13.6,1.01,0.91,0.0,0.0,566.0,low_calorie,meal,shellfish,high,
shrimp,171973,"Crustaceans, shrimp, mixed species, imitation, made from surimi",SR Legacy,Finfish and Shellfish Products,100,g,101.0,12.4,1.47,9.13,0.0,,705.0,low_calorie,meal,shellfish,high,
shrimp,2706465,"Shrimp in garlic sauce, Puerto Rican style",Survey (FNDDS),Seafood mixed dishes,100,g,281.0,11.56,24.96,2.45,0.2,0.47,476.0,,meal,shellfish,high,
shrimp,2706855,"Shrimp shish kabob with vegetables, excluding potatoes",Survey (FNDDS),Seafood mixed dishes,100,g,83.0,11.23,1.59,5.74,0.8,2.37,240.0,low_calorie|plant_forward,meal,shellfish,high,
shrimp,2707196,Shrimp egg foo yung,Survey (FNDDS),Stir-fry and soy-based sauce mixtures,100,g,125.0,11.69,6.16,5.2,0.3,3.07,340.0,,breakfast,shellfish,high,
shrimp,2706557,Shrimp and noodles with soy-based sauce,Survey (FNDDS),Stir-fry and soy-based sauce mixtures,100,g,141.0,10.22,7.25,8.17,0.6,0.87,276.0,,meal,shellfish,high,
shrimp,2706837,Shrimp salad,Survey (FNDDS),Seafood mixed dishes,100,g,196.0,10.68,16.2,1.27,0.4,0.57,703.0,,meal,shellfish,high,
shrimp,2706713,"Shrimp creole, with rice",Survey (FNDDS),Seafood mixed dishes,100,g,123.0,10.12,3.64,11.92,0.8,0.96,436.0,,meal,shellfish,high,
shrimp,2706851,"Shrimp and vegetables including carrots, broccoli, and/or dark-green leafy; no potatoes, no sauce",Survey (FNDDS),Seafood mixed dishes,100,g,118.0,9.35,7.25,3.8,1.6,1.37,59.0,low_calorie|plant_forward,meal,shellfish,high,
shrimp,2706852,"Shrimp and vegetables excluding carrots, broccoli, and dark-green leafy; no potatoes, no sauce",Survey (FNDDS),Seafood mixed dishes,100,g,124.0,9.25,6.87,6.78,1.3,1.2,41.0,plant_forward,meal,shellfish,high,
shrimp,2706854,"Shrimp and vegetables excluding carrots, broccoli, and dark-green leafy; no potatoes, soy-based sauce",Survey (FNDDS),Stir-fry and soy-based sauce mixtures,100,g,118.0,9.47,6.64,4.86,1.0,1.56,242.0,low_calorie|plant_forward,meal,shellfish,high,
shrimp,2706853,"Shrimp and vegetables including carrots, broccoli, and/or dark-green leafy; no potatoes, soy-based sauce",Survey (FNDDS),Stir-fry and soy-based sauce mixtures,100,g,116.0,9.16,6.4,5.15,1.2,1.5,247.0,low_calorie|plant_forward,meal,shellfish,high,
shrimp,2708970,"Sushi, topped with shrimp",Survey (FNDDS),"Egg rolls, dumplings, sushi",100,g,103.0,9.1,0.7,13.91,0.6,0.8,329.0,low_calorie,breakfast,shellfish,high,
shrimp,2706567,Shrimp toast,Survey (FNDDS),Seafood mixed dishes,100,g,222.0,8.46,15.42,12.01,0.8,1.4,558.0,,meal,shellfish,high,
shrimp,2708606,"Fajita, shrimp",Survey (FNDDS),Other Mexican mixed dishes,100,g,189.0,8.33,8.92,18.35,1.5,2.44,456.0,,meal,shellfish,high,
shrimp,2706556,Shrimp and noodles with cream or white sauce,Survey (FNDDS),Seafood mixed dishes,100,g,143.0,7.14,5.32,16.25,0.7,1.66,162.0,,meal,shellfish,high,
shrimp,2708964,"Sushi roll, shrimp",Survey (FNDDS),"Egg rolls, dumplings, sushi",100,g,100.0,7.01,0.55,15.67,0.7,0.92,358.0,low_calorie,breakfast,shellfish,high,
shrimp,2707142,Shrimp gumbo,Survey (FNDDS),Seafood mixed dishes,100,g,61.0,6.52,1.89,4.63,0.9,1.78,377.0,low_calorie,meal,shellfish,high,
shrimp,2709156,Ramen bowl with fish,Survey (FNDDS),Ramen and Asian broth-based soups,100,g,112.0,5.78,2.87,15.4,1.0,0.44,359.0,low_calorie,meal,shellfish,high,
shrimp,2708701,"Egg roll, with shrimp",Survey (FNDDS),"Egg rolls, dumplings, sushi",100,g,258.0,6.68,13.61,27.12,2.0,5.07,440.0,,breakfast,shellfish,high,
shrimp,2707120,"Shrimp and vegetables in sauce with noodles, diet frozen meal",Survey (FNDDS),Seafood mixed dishes,100,g,91.0,5.29,1.72,13.45,1.5,1.87,456.0,low_calorie|plant_forward,meal,shellfish,high,
shrimp,2707143,"Soup, fish or shrimp",Survey (FNDDS),"Soups, broth-based",100,g,30.0,2.58,0.47,4.04,0.8,1.1,253.0,low_calorie,meal,shellfish,high,
shrimp,171159,"Soup, cream of shrimp, canned, condensed",SR Legacy,"Soups, Sauces, and Gravies",100,g,72.0,2.22,4.14,6.53,0.2,,685.0,low_calorie,meal,shellfish,high,
shrimp,172898,"Soup, cream of shrimp, canned, prepared with equal volume low fat (2%) milk",SR Legacy,"Soups, Sauces, and Gravies",100,g,61.0,2.78,3.23,5.64,0.1,2.62,354.0,low_calorie,meal,shellfish,high,
shrimp,172918,"Soup, cream of shrimp, canned, prepared with equal volume water",SR Legacy,"Soups, Sauces, and Gravies",100,g,36.0,1.11,2.07,3.27,0.1,0.24,391.0,low_calorie,meal,shellfish,high,
spinach,169733,"Noodles, egg, spinach, enriched, dry",SR Legacy,Cereal Grains and Pasta,100,g,382.0,14.6,4.55,70.3,6.8,,72.0,high_fiber,breakfast,egg|wheat,medium,rau bina
spinach,168911,"Spaghetti, spinach, dry",SR Legacy,Cereal Grains and Pasta,100,g,372.0,13.4,1.57,74.8,10.6,2.72,36.0,high_fiber,breakfast,wheat,medium,rau bina
spinach,169729,"Pasta, fresh-refrigerated, spinach, as purchased",SR Legacy,Cereal Grains and Pasta,100,g,289.0,11.3,2.1,55.7,,,27.0,,breakfast,wheat,medium,rau bina
spinach,2708732,"Spinach quiche, meatless",Survey (FNDDS),Turnovers and other grain-based items,100,g,299.0,10.29,23.51,11.68,1.0,1.88,317.0,,meal,,medium,rau bina
spinach,2708794,"Tortellini, spinach-filled, no sauce",Survey (FNDDS),"Pasta mixed dishes, excludes macaroni and cheese",100,g,188.0,8.94,7.4,21.4,0.9,0.25,201.0,,meal,milk|wheat,medium,rau bina
spinach,2709630,Spinach and cheese casserole,Survey (FNDDS),Vegetable dishes,100,g,130.0,7.05,7.59,9.86,2.8,1.01,311.0,plant_forward,meal,milk,medium,rau bina
spinach,2709831,"Spinach salad, no dressing",Survey (FNDDS),Vegetable dishes,100,g,84.0,7.02,5.07,2.09,1.2,0.54,220.0,low_calorie|plant_forward,meal,,medium,rau bina
spinach,170494,Spinach souffle,SR Legacy,Vegetables and Vegetable Products,100,g,172.0,7.89,13.0,5.9,0.7,1.85,566.0,plant_forward,meal,,medium,rau bina
spinach,2708772,"Ravioli, cheese and spinach-filled, no sauce",Survey (FNDDS),"Pasta mixed dishes, excludes macaroni and cheese",100,g,150.0,6.62,4.51,20.83,1.0,0.26,528.0,,meal,milk|wheat,medium,rau bina
spinach,169734,"Noodles, egg, spinach, enriched, cooked",SR Legacy,Cereal Grains and Pasta,100,g,132.0,5.04,1.57,24.2,2.3,0.71,12.0,,breakfast,egg|wheat,medium,rau bina
spinach,2708795,"Cannelloni, cheese- and spinach-filled, no sauce",Survey (FNDDS),"Pasta mixed dishes, excludes macaroni and cheese",100,g,157.0,6.31,6.51,18.36,1.1,0.75,618.0,,meal,milk|wheat,medium,rau bina
spinach,2709616,"Spinach, frozen, cooked, no added fat",Survey (FNDDS),Spinach,100,g,34.0,4.0,0.87,4.79,3.7,0.51,212.0,low_calorie,meal,,medium,rau bina
spinach,2705447,"Spinach dip, yogurt based",Survey (FNDDS),"Dips, gravies, other sauces",100,g,159.0,7.02,12.96,3.59,0.3,3.04,514.0,,breakfast,milk,medium,rau bina
spinach,2709624,"Spinach, frozen, cooked with oil",Survey (FNDDS),Spinach,100,g,59.0,3.88,3.75,4.65,3.6,0.49,206.0,low_calorie,meal,,medium,rau bina
spinach,2709625,"Spinach, frozen, cooked with butter or margarine",Survey (FNDDS),Spinach,100,g,53.0,3.9,3.03,4.66,3.6,0.5,223.0,low_calorie,meal,,medium,rau bina
spinach,2709629,Spinach souffle,Survey (FNDDS),Vegetable dishes,100,g,128.0,5.72,8.64,7.13,1.1,2.48,160.0,plant_forward,meal,,medium,rau bina
spinach,169730,"Pasta, fresh-refrigerated, spinach, cooked",SR Legacy,Cereal Grains and Pasta,100,g,130.0,5.06,0.94,25.0,,,6.0,,breakfast,wheat,medium,rau bina
spinach,2708773,"Ravioli, cheese and spinach-filled, with cream sauce",Survey (FNDDS),"Pasta mixed dishes, excludes macaroni and cheese",100,g,145.0,5.56,6.74,15.67,0.7,1.75,398.0,,meal,milk|wheat,medium,rau bina
spinach,168912,"Spaghetti, spinach, cooked",SR Legacy,Cereal Grains and Pasta,100,g,130.0,4.58,0.63,26.2,,,14.0,,breakfast,wheat,medium,rau bina
spinach,2708774,"Ravioli, cheese and spinach filled, with tomato sauce",Survey (FNDDS),"Pasta mixed dishes, excludes macaroni and cheese",100,g,117.0,5.19,3.37,16.82,1.2,1.33,535.0,low_calorie,meal,milk|wheat,medium,rau bina
spinach,2710791,"Spinach, cooked, as ingredient",Survey (FNDDS),Not included in a food category,100,g,33.0,3.42,0.71,3.11,1.9,0.49,126.0,low_calorie,meal,,medium,rau bina
spinach,169400,"Malabar spinach, cooked",SR Legacy,Vegetables and Vegetable Products,100,g,23.0,2.98,0.78,2.71,2.1,,55.0,low_calorie|plant_forward,meal,,medium,rau bina
spinach,2709615,"Spinach, fresh, cooked, no added fat",Survey (FNDDS),Spinach,100,g,33.0,3.41,0.7,3.1,1.9,0.49,262.0,low_calorie,meal,,medium,rau bina
spinach,2708793,"Tortellini, spinach-filled, with tomato sauce",Survey (FNDDS),"Pasta mixed dishes, excludes macaroni and cheese",100,g,121.0,4.49,4.36,16.11,1.2,1.31,596.0,,meal,milk|wheat,medium,rau bina
spinach,168462,"Spinach, raw",SR Legacy,Vegetables and Vegetable Products,100,g,23.0,2.86,0.39,3.63,2.2,0.42,79.0,low_calorie|plant_forward,meal,,medium,rau bina
spinach,2709618,"Spinach, fresh, cooked with oil",Survey (FNDDS),Spinach,100,g,63.0,3.31,4.1,3.01,1.8,0.48,254.0,low_calorie,meal,,medium,rau bina
spinach,2709620,"Spinach, NS as to form, cooked",Survey (FNDDS),Spinach,100,g,59.0,3.32,3.68,3.01,1.8,0.48,264.0,low_calorie,meal,,medium,rau bina
spinach,2709619,"Spinach, fresh, cooked with butter or margarine",Survey (FNDDS),Spinach,100,g,55.0,3.33,3.26,3.02,1.8,0.49,274.0,low_calorie,meal,,medium,rau bina
spinach,170531,"Spinach, cooked, boiled, drained, with salt",SR Legacy,Vegetables and Vegetable Products,100,g,23.0,2.97,0.26,3.75,2.4,0.43,306.0,low_calorie|plant_forward,meal,,medium,rau bina
spinach,168438,"Mustard spinach, (tendergreen), raw",SR Legacy,Vegetables and Vegetable Products,100,g,22.0,2.2,0.3,3.9,2.8,,21.0,low_calorie|plant_forward,meal,,medium,rau bina
spinach,1999633,"Spinach, mature",Foundation,Vegetables and Vegetable Products,100,g,21.6,2.91,0.604,2.64,1.59,,107.0,low_calorie|plant_forward,meal,,medium,rau bina
spinach,2709617,"Spinach, canned, cooked, no added fat",Survey (FNDDS),Spinach,100,g,23.0,2.81,0.5,3.4,2.4,0.4,322.0,low_calorie,meal,,medium,rau bina
spinach,169286,"Spinach, canned, regular pack, drained solids",SR Legacy,Vegetables and Vegetable Products,100,g,23.0,2.81,0.5,3.4,2.4,0.4,322.0,low_calorie|plant_forward,meal,,medium,rau bina
spinach,2705783,Spinach and artichoke dip,Survey (FNDDS),"Dips, gravies, other sauces",100,g,329.0,4.21,32.76,5.07,1.2,1.52,620.0,,meal,,medium,rau bina
spinach,2709614,"Spinach, raw",Survey (FNDDS),Spinach,100,g,27.0,2.85,0.62,2.41,1.6,0.42,111.0,low_calorie,meal,,medium,rau bina
spinach,2709626,"Spinach, canned, cooked with oil",Survey (FNDDS),Spinach,100,g,49.0,2.73,3.4,3.3,2.3,0.39,313.0,low_calorie,meal,,medium,rau bina
spinach,2709627,"Spinach, canned, cooked with butter or margarine",Survey (FNDDS),Spinach,100,g,42.0,2.74,2.68,3.31,2.3,0.4,330.0,low_calorie,meal,,medium,rau bina
spinach,170123,"Spinach, canned, no salt added, solids and liquids",SR Legacy,Vegetables and Vegetable Products,100,g,19.0,2.11,0.37,2.92,2.2,0.33,75.0,low_calorie|plant_forward,meal,,medium,rau bina
spinach,169285,"Spinach, canned, regular pack, solids and liquids",SR Legacy,Vegetables and Vegetable Products,100,g,19.0,2.11,0.37,2.92,1.6,0.33,319.0,low_calorie|plant_forward,meal,,medium,rau bina
spinach,2709628,"Spinach, creamed",Survey (FNDDS),Spinach,100,g,90.0,2.39,6.09,6.11,1.2,0.76,450.0,low_calorie,meal,,medium,rau bina
spinach,168440,"New Zealand spinach, raw",SR Legacy,Vegetables and Vegetable Products,100,g,14.0,1.5,0.2,2.5,1.5,0.29,130.0,low_calorie|plant_forward,meal,,medium,rau bina
spinach,2705625,"Spinach dip, regular",Survey (FNDDS),"Dips, gravies, other sauces",100,g,345.0,2.35,35.83,3.44,0.3,2.3,570.0,,meal,,medium,rau bina
spinach,2705626,"Spinach dip, light",Survey (FNDDS),"Dips, gravies, other sauces",100,g,165.0,2.2,12.41,11.42,0.3,6.52,488.0,,meal,,medium,rau bina
sweet potato,175033,"Sweet rolls, cheese",SR Legacy,Baked Products,100,g,360.0,7.1,18.3,43.7,1.2,,357.0,,meal,milk,,khoai lang
sweet potato,169303,"Sweet potato leaves, raw",SR Legacy,Vegetables and Vegetable Products,100,g,42.0,2.49,0.51,8.82,5.3,,6.0,low_calorie|high_fiber|plant_forward,meal,,,khoai lang
sweet potato,2707666,"Roll, sweet, no frosting",Survey (FNDDS),"Doughnuts, sweet rolls, pastries",100,g,321.0,10.04,7.37,53.58,3.1,15.38,253.0,plant_forward,snack,,,khoai lang
sweet potato,174107,"Rolls, dinner, sweet",SR Legacy,Baked Products,100,g,321.0,10.0,7.37,53.6,3.1,15.4,253.0,,meal,,,khoai lang
sweet potato,169306,"Sweet potato, frozen, unprepared (Includes foods for USDA's Food Distribution Program)",SR Legacy,Vegetables and Vegetable Products,100,g,96.0,1.71,0.18,22.2,1.7,,6.0,low_calorie|plant_forward,meal,,,khoai lang
sweet potato,2706456,Sweet and sour shrimp,Survey (FNDDS),Stir-fry and soy-based sauce mixtures,100,g,172.0,5.92,9.22,16.19,0.6,8.44,347.0,,meal,shellfish|soy,,khoai lang
sweet potato,170542,"Sweet potato, frozen, cooked, baked, with salt",SR Legacy,Vegetables and Vegetable Products,100,g,100.0,1.71,0.12,23.4,1.8,,244.0,low_calorie|plant_forward,meal,,,khoai lang
sweet potato,168482,"Sweet potato, raw, unprepared (Includes foods for USDA's Food Distribution Program)",SR Legacy,Vegetables and Vegetable Products,100,g,86.0,1.57,0.05,20.1,3.0,4.18,55.0,low_calorie|plant_forward,meal,,,khoai lang
sweet potato,2346404,"Sweet potatoes, orange flesh, without skin, raw",Foundation,Vegetables and Vegetable Products,100,g,77.4,1.58,0.375,17.3,4.25,6.06,0.0,low_calorie|plant_forward,meal,,,khoai lang
sweet potato,168483,"Sweet potato, cooked, baked in skin, flesh, without salt",SR Legacy,Vegetables and Vegetable Products,100,g,90.0,2.01,0.15,20.7,3.3,6.48,36.0,low_calorie|plant_forward,meal,,,khoai lang
sweet potato,169304,"Sweet potato leaves, cooked, steamed, without salt",SR Legacy,Vegetables and Vegetable Products,100,g,35.0,2.18,0.34,7.38,1.9,5.48,7.0,low_calorie|plant_forward,meal,,,khoai lang
sweet potato,170134,"Sweet potato, cooked, baked in skin, flesh, with salt",SR Legacy,Vegetables and Vegetable Products,100,g,90.0,2.01,0.15,20.7,3.3,6.48,246.0,low_calorie|plant_forward,meal,,,khoai lang
sweet potato,2709642,"Sweet potato, squash, pumpkin, chrysanthemum, or bean leaves, cooked",Survey (FNDDS),Other dark green vegetables,100,g,57.0,2.12,2.88,7.15,1.8,5.31,128.0,low_calorie|plant_forward,meal,,,khoai lang
sweet potato,2710794,"Sweet potato, cooked, as ingredient",Survey (FNDDS),Not included in a food category,100,g,82.0,1.65,0.4,18.05,3.1,6.31,0.0,low_calorie,meal,,,khoai lang
sweet potato,170133,"Sweet potato leaves, cooked, steamed, with salt",SR Legacy,Vegetables and Vegetable Products,100,g,35.0,2.18,0.34,7.38,1.9,5.48,249.0,low_calorie|plant_forward,meal,,,khoai lang
sweet potato,169305,"Sweet potato, canned, mashed",SR Legacy,Vegetables and Vegetable Products,100,g,101.0,1.98,0.2,23.2,1.7,5.45,75.0,low_calorie|plant_forward,meal,,,khoai lang
sweet potato,168485,"Sweet potato, canned, vacuum pack",SR Legacy,Vegetables and Vegetable Products,100,g,91.0,1.65,0.2,21.1,1.8,5.0,53.0,low_calorie|plant_forward,meal,,,khoai lang
sweet potato,2709699,"Sweet potato, baked, no added fat",Survey (FNDDS),Other red and orange vegetables,100,g,82.0,1.64,0.39,17.98,3.1,6.29,154.0,low_calorie|plant_forward,meal,,,khoai lang
sweet potato,2709702,"Sweet potato, boiled, no added fat",Survey (FNDDS),Other red and orange vegetables,100,g,82.0,1.64,0.39,17.98,3.1,6.29,154.0,low_calorie|plant_forward,meal,,,khoai lang
sweet potato,2709698,"Sweet potato, baked, NS as to fat",Survey (FNDDS),Other red and orange vegetables,100,g,115.0,1.58,4.53,17.14,3.0,6.0,161.0,low_calorie|plant_forward,meal,,,khoai lang
sweet potato,2709700,"Sweet potato, baked, fat added",Survey (FNDDS),Other red and orange vegetables,100,g,115.0,1.58,4.53,17.14,3.0,6.0,161.0,low_calorie|plant_forward,meal,,,khoai lang
sweet potato,2709701,"Sweet potato, boiled, NS as to fat",Survey (FNDDS),Other red and orange vegetables,100,g,115.0,1.58,4.53,17.14,3.0,6.0,161.0,low_calorie|plant_forward,meal,,,khoai lang
sweet potato,2709703,"Sweet potato, boiled, fat added",Survey (FNDDS),Other red and orange vegetables,100,g,115.0,1.58,4.53,17.14,3.0,6.0,161.0,low_calorie|plant_forward,meal,,,khoai lang
sweet potato,170084,"Sweet potato, canned, syrup pack, drained solids",SR Legacy,Vegetables and Vegetable Products,100,g,108.0,1.28,0.32,25.4,3.0,5.74,39.0,low_calorie|plant_forward,meal,,,khoai lang
sweet potato,168484,"Sweet potato, cooked, boiled, without skin",SR Legacy,Vegetables and Vegetable Products,100,g,76.0,1.37,0.14,17.7,2.5,5.74,27.0,low_calorie|plant_forward,meal,,,khoai lang
sweet potato,2709706,"Sweet potato, canned, no added fat",Survey (FNDDS),Other red and orange vegetables,100,g,91.0,1.64,0.2,21.04,1.8,4.98,207.0,low_calorie|plant_forward,meal,,,khoai lang
sweet potato,2709705,"Sweet potato, canned, NS as to fat",Survey (FNDDS),Other red and orange vegetables,100,g,124.0,1.58,4.35,20.05,1.7,4.75,211.0,plant_forward,meal,,,khoai lang
sweet potato,2709707,"Sweet potato, canned, fat added",Survey (FNDDS),Other red and orange vegetables,100,g,124.0,1.58,4.35,20.05,1.7,4.75,211.0,plant_forward,meal,,,khoai lang
sweet potato,170541,"Sweet potato, cooked, boiled, without skin, with salt",SR Legacy,Vegetables and Vegetable Products,100,g,76.0,1.37,0.14,17.7,2.5,5.74,263.0,low_calorie|plant_forward,meal,,,khoai lang
sweet potato,170008,"Onions, sweet, raw",SR Legacy,Vegetables and Vegetable Products,100,g,32.0,0.8,0.08,7.55,0.9,5.02,8.0,low_calorie|plant_forward,meal,,,khoai lang
sweet potato,169307,"Sweet potato, frozen, cooked, baked, without salt",SR Legacy,Vegetables and Vegetable Products,100,g,100.0,1.71,0.12,23.4,1.8,9.17,8.0,low_calorie|plant_forward,meal,,,khoai lang
sweet potato,168016,"Sweet Potato puffs, frozen, unprepared",SR Legacy,Vegetables and Vegetable Products,100,g,161.0,1.36,3.58,30.7,1.9,7.65,250.0,plant_forward,meal,,,khoai lang
sweet potato,171719,"Cherries, sweet, raw",SR Legacy,Fruits and Fruit Juices,100,g,63.0,1.06,0.2,16.0,2.1,12.8,0.0,low_calorie|plant_forward,snack,,,khoai lang
sweet potato,2708038,"Tamale, sweet",Survey (FNDDS),"Doughnuts, sweet rolls, pastries",100,g,259.0,2.22,12.57,35.61,2.3,15.44,265.0,plant_forward,snack,,,khoai lang
sweet potato,2710094,"Peppers, sweet, pickled",Survey (FNDDS),"Olives, pickles, pickled vegetables",100,g,43.0,0.67,0.12,9.6,0.9,7.61,944.0,low_calorie|plant_forward,meal,,,khoai lang
sweet potato,170083,"Sweet potato, canned, syrup pack, solids and liquids",SR Legacy,Vegetables and Vegetable Products,100,g,89.0,0.98,0.2,20.9,2.5,15.4,29.0,low_calorie|plant_forward,meal,,,khoai lang
sweet potato,2710080,"Pickles, sweet",Survey (FNDDS),"Olives, pickles, pickled vegetables",100,g,91.0,0.58,0.41,21.15,1.0,18.27,457.0,low_calorie|plant_forward,meal,,,khoai lang
sweet potato,2707673,"Roll, sweet, frosted",Survey (FNDDS),"Doughnuts, sweet rolls, pastries",100,g,404.0,5.54,20.14,50.85,2.3,34.47,266.0,plant_forward,snack,,,khoai lang
sweet potato,2710296,Sweet and sour sauce,Survey (FNDDS),Mustard and other condiments,100,g,154.0,0.27,0.02,38.22,0.1,18.75,539.0,,meal,,,khoai lang
sweet potato,170088,"Sweet potato, cooked, candied, home-prepared",SR Legacy,Vegetables and Vegetable Products,100,g,164.0,0.89,3.54,32.1,2.1,27.2,119.0,plant_forward,meal,,,khoai lang
sweet potato,168561,"Pickle relish, sweet",SR Legacy,Vegetables and Vegetable Products,100,g,130.0,0.37,0.47,35.1,1.1,29.1,811.0,plant_forward,meal,,,khoai lang
sweet potato,2705586,"Whey, sweet, dry",Survey (FNDDS),Not included in a food category,100,g,353.0,12.93,1.07,74.46,0.0,74.46,1079.0,,meal,,,khoai lang
sweet potato,171283,"Whey, sweet, dried",SR Legacy,Dairy and Egg Products,100,g,353.0,12.9,1.07,74.5,0.0,74.5,1080.0,,breakfast,milk|egg,,khoai lang
tofu,172450,"Tofu, dried-frozen (koyadofu)",SR Legacy,Legumes and Legume Products,100,g,477.0,52.5,30.3,10.0,7.2,,6.0,high_protein|high_fiber|plant_forward,meal,soy,medium,đậu phụ
tofu,174303,"Tofu, dried-frozen (koyadofu), prepared with calcium sulfate",SR Legacy,Legumes and Legume Products,100,g,470.0,52.4,30.3,8.3,1.2,,6.0,high_protein|plant_forward,meal,soy,medium,đậu phụ
tofu,2707470,"Hot dog, vegetarian",Survey (FNDDS),Soy and meat-alternative products,100,g,233.0,19.61,13.73,7.7,3.9,0.0,471.0,high_protein,meal,soy,medium,đậu phụ
tofu,172475,"Tofu, raw, firm, prepared with calcium sulfate",SR Legacy,Legumes and Legume Products,100,g,144.0,17.3,8.72,2.78,2.3,,14.0,high_protein|plant_forward,meal,soy,medium,đậu phụ
tofu,175234,"Vitasoy USA Organic Nasoya Sprouted, Tofu Plus Super Firm",SR Legacy,Legumes and Legume Products,100,g,115.0,13.2,5.9,2.16,1.2,1.1,28.0,low_calorie|plant_forward,meal,soy,medium,đậu phụ
tofu,174297,"Vitasoy USA, Organic Nasoya Super Firm Cubed Tofu",SR Legacy,Legumes and Legume Products,100,g,118.0,12.4,6.3,2.8,2.0,0.6,6.0,low_calorie|plant_forward,meal,soy,medium,đậu phụ
tofu,174291,"Tofu, hard, prepared with nigari",SR Legacy,Legumes and Legume Products,100,g,145.0,12.7,9.99,4.39,0.6,,2.0,plant_forward,meal,soy,medium,đậu phụ
tofu,173788,HOUSE FOODS Premium Firm Tofu,SR Legacy,Legumes and Legume Products,100,g,85.0,10.9,4.19,0.97,0.9,0.4,33.0,low_calorie|plant_forward,meal,soy,medium,đậu phụ
tofu,173762,"Vitasoy USA, Organic Nasoya Extra Firm Tofu",SR Legacy,Legumes and Legume Products,100,g,98.0,10.1,5.2,2.6,1.3,0.4,4.0,low_calorie|plant_forward,meal,soy,medium,đậu phụ
tofu,173785,"Vitasoy USA Organic Nasoya, Tofu Plus Extra Firm",SR Legacy,Legumes and Legume Products,100,g,92.0,10.2,4.9,1.82,1.0,0.4,7.0,low_calorie|plant_forward,meal,soy,medium,đậu phụ
tofu,175235,"Vitasoy USA Azumaya, Extra Firm Tofu",SR Legacy,Legumes and Legume Products,100,g,88.0,10.1,4.6,1.53,0.9,0.5,26.0,low_calorie|plant_forward,meal,soy,medium,đậu phụ
tofu,174290,"Tofu, extra firm, prepared with nigari",SR Legacy,Legumes and Legume Products,100,g,83.0,9.98,5.26,1.18,1.0,0.71,4.0,low_calorie|plant_forward,meal,soy,medium,đậu phụ
tofu,175233,"Vitasoy USA Organic Nasoya, Tofu Plus Firm",SR Legacy,Legumes and Legume Products,100,g,74.0,9.19,3.4,1.71,0.8,0.3,4.0,low_calorie|plant_forward,meal,soy,medium,đậu phụ
tofu,172448,"Tofu, firm, prepared with calcium sulfate and magnesium chloride (nigari)",SR Legacy,Legumes and Legume Products,100,g,78.0,9.04,4.17,2.85,0.9,0.6,12.0,low_calorie|plant_forward,meal,soy,medium,đậu phụ
tofu,175236,"Vitasoy USA Azumaya, Firm Tofu",SR Legacy,Legumes and Legume Products,100,g,80.0,9.08,4.2,1.52,0.6,0.4,23.0,low_calorie|plant_forward,meal,soy,medium,đậu phụ
tofu,173763,"Vitasoy USA, Organic Nasoya Firm Tofu",SR Legacy,Legumes and Legume Products,100,g,84.0,8.9,4.4,2.3,0.8,0.3,4.0,low_calorie|plant_forward,meal,soy,medium,đậu phụ
tofu,173783,"Vitasoy USA Organic Nasoya, Soft Tofu",SR Legacy,Legumes and Legume Products,100,g,70.0,8.76,3.5,0.74,0.6,0.3,4.0,low_calorie|plant_forward,meal,soy,medium,đậu phụ
tofu,172468,"Vitasoy USA, Nasoya Lite Firm Tofu",SR Legacy,Legumes and Legume Products,100,g,54.0,8.3,1.7,1.3,0.6,0.2,34.0,low_calorie|plant_forward,meal,soy,medium,đậu phụ
tofu,173784,"Vitasoy USA Nasoya, Lite Silken Tofu",SR Legacy,Legumes and Legume Products,100,g,43.0,8.21,1.1,0.0,,,79.0,low_calorie|plant_forward,meal,soy,medium,đậu phụ
tofu,172476,"Tofu, raw, regular, prepared with calcium sulfate",SR Legacy,Legumes and Legume Products,100,g,76.0,8.08,4.78,1.87,0.3,0.62,7.0,low_calorie|plant_forward,meal,soy,medium,đậu phụ
tofu,2706745,"Beef, tofu, and vegetables excluding carrots, broccoli,  and dark-green leafy; no potatoes, soy-based sauce",Survey (FNDDS),Stir-fry and soy-based sauce mixtures,100,g,117.0,7.52,7.96,4.45,1.0,1.66,230.0,low_calorie|plant_forward,meal,soy,medium,đậu phụ
tofu,172449,"Tofu, soft, prepared with calcium sulfate and magnesium chloride (nigari)",SR Legacy,Legumes and Legume Products,100,g,61.0,7.17,3.69,1.18,0.2,0.7,8.0,low_calorie|plant_forward,meal,soy,medium,đậu phụ
tofu,172462,"MORI-NU, Tofu, silken, extra firm",SR Legacy,Legumes and Legume Products,100,g,55.0,7.4,1.9,2.0,0.1,0.99,63.0,low_calorie|plant_forward,meal,soy,medium,đậu phụ
tofu,2706739,"Beef, tofu, and vegetables including carrots, broccoli, and/or dark-green leafy; no potatoes, soy-based sauce",Survey (FNDDS),Stir-fry and soy-based sauce mixtures,100,g,115.0,7.3,7.68,4.75,1.2,1.6,235.0,low_calorie|plant_forward,meal,soy,medium,đậu phụ
tofu,2706770,"Pork, tofu, and vegetables, excluding carrots, broccoli, and dark-green leafy; no potatoes, soy-based sauce",Survey (FNDDS),Stir-fry and soy-based sauce mixtures,100,g,118.0,7.21,8.05,4.45,1.0,1.66,232.0,low_calorie|plant_forward,meal,soy,medium,đậu phụ
tofu,172464,"MORI-NU, Tofu, silken, lite extra firm",SR Legacy,Legumes and Legume Products,100,g,38.0,7.0,0.7,1.0,0.0,0.42,98.0,low_calorie|plant_forward,meal,soy,medium,đậu phụ
tofu,2706760,"Pork, tofu, and vegetables including carrots, broccoli, and/or dark-green leafy; no potatoes, soy-base sauce",Survey (FNDDS),Stir-fry and soy-based sauce mixtures,100,g,116.0,7.0,7.77,4.75,1.2,1.6,238.0,low_calorie|plant_forward,meal,soy,medium,đậu phụ
tofu,173787,HOUSE FOODS Premium Soft Tofu,SR Legacy,Legumes and Legume Products,100,g,59.0,6.38,2.71,2.19,0.8,0.53,34.0,low_calorie|plant_forward,meal,soy,medium,đậu phụ
tofu,172461,"MORI-NU, Tofu, silken, firm",SR Legacy,Legumes and Legume Products,100,g,62.0,6.9,2.7,2.4,0.1,1.27,36.0,low_calorie|plant_forward,meal,soy,medium,đậu phụ
tofu,172463,"MORI-NU, Tofu, silken, lite firm",SR Legacy,Legumes and Legume Products,100,g,37.0,6.3,0.8,1.1,0.0,0.45,85.0,low_calorie|plant_forward,meal,soy,medium,đậu phụ
tofu,167695,"Mayonnaise, made with tofu",SR Legacy,Fats and Oils,100,g,322.0,5.95,31.8,3.06,1.1,0.85,773.0,plant_forward,meal,soy,medium,đậu phụ
tofu,174280,"Tofu, salted and fermented (fuyu)",SR Legacy,Legumes and Legume Products,100,g,116.0,8.92,8.0,4.38,,,2870.0,low_calorie|plant_forward,meal,soy,medium,đậu phụ
tofu,173764,"Vitasoy USA, Organic Nasoya Silken Tofu",SR Legacy,Legumes and Legume Products,100,g,47.0,4.8,2.5,1.4,0.3,0.2,2.0,low_calorie|plant_forward,meal,soy,medium,đậu phụ
tofu,173786,"Vitasoy USA Azumaya, Silken Tofu",SR Legacy,Legumes and Legume Products,100,g,43.0,4.82,2.4,0.58,0.2,0.2,2.0,low_calorie|plant_forward,meal,soy,medium,đậu phụ
tofu,174305,"Tofu, salted and fermented (fuyu), prepared with calcium sulfate",SR Legacy,Legumes and Legume Products,100,g,116.0,8.15,8.0,5.15,,,2870.0,low_calorie|plant_forward,meal,soy,medium,đậu phụ
tofu,174292,"MORI-NU, Tofu, silken, soft",SR Legacy,Legumes and Legume Products,100,g,55.0,4.8,2.7,2.9,0.1,1.31,5.0,low_calorie|plant_forward,meal,soy,medium,đậu phụ
tofu,2706844,"Fish, tofu, and vegetables, tempura",Survey (FNDDS),Seafood mixed dishes,100,g,177.0,4.01,16.0,4.53,1.1,1.56,22.0,plant_forward,meal,soy,medium,đậu phụ
tofu,2709157,"Ramen bowl, vegetarian",Survey (FNDDS),Ramen and Asian broth-based soups,100,g,108.0,4.01,3.33,15.57,1.1,0.54,344.0,low_calorie,meal,soy,medium,đậu phụ
tofu,2707476,"Tofu and vegetables including carrots, broccoli, and/or dark-green leafy; no potatoes, with soy-based sauce",Survey (FNDDS),Stir-fry and soy-based sauce mixtures,100,g,92.0,4.11,6.71,4.68,1.2,1.64,216.0,low_calorie|plant_forward,meal,soy,medium,đậu phụ
tofu,2707477,"Tofu and vegetables excluding carrots, broccoli, and dark-green leafy; no potatoes, with soy-based sauce",Survey (FNDDS),Stir-fry and soy-based sauce mixtures,100,g,93.0,4.21,6.94,4.4,0.9,1.7,210.0,low_calorie|plant_forward,meal,soy,medium,đậu phụ
tofu,167722,Tofu yogurt,SR Legacy,Legumes and Legume Products,100,g,94.0,3.5,1.8,16.0,0.2,1.24,35.0,low_calorie|plant_forward,breakfast,soy,medium,đậu phụ
tofu,2707455,"Soup, miso or tofu",Survey (FNDDS),Ramen and Asian broth-based soups,100,g,24.0,2.21,0.85,2.3,0.6,0.77,467.0,low_calorie|plant_forward,meal,soy,medium,đậu phụ
tofu,2707125,"Soup, pho, no meat",Survey (FNDDS),Ramen and Asian broth-based soups,100,g,37.0,1.42,0.93,5.9,0.5,0.64,357.0,low_calorie,meal,soy,medium,đậu phụ
tomato,2706370,Beef with tomato-based sauce,Survey (FNDDS),Meat mixed dishes,100,g,149.0,21.72,6.36,1.58,0.4,1.06,363.0,high_protein,meal,,,
tomato,2706459,Fish with tomato-based sauce,Survey (FNDDS),Seafood mixed dishes,100,g,80.0,16.28,0.69,1.59,0.4,1.06,350.0,high_protein|low_calorie,meal,fish,,
tomato,2707393,"Beans and tomatoes, no added fat",Survey (FNDDS),"Beans, peas, legumes",100,g,101.0,6.37,0.51,18.76,6.4,1.39,370.0,low_calorie|high_fiber|plant_forward,meal,,,
tomato,2707394,"Beans and tomatoes, fat added",Survey (FNDDS),"Beans, peas, legumes",100,g,142.0,6.05,5.58,17.84,6.1,1.32,351.0,high_fiber|plant_forward,meal,,,
tomato,2709727,Sun-dried tomatoes,Survey (FNDDS),Tomatoes,100,g,258.0,14.11,2.97,55.76,12.3,37.59,107.0,high_fiber,meal,,,
tomato,168567,"Tomatoes, sun-dried",SR Legacy,Vegetables and Vegetable Products,100,g,258.0,14.1,2.97,55.8,12.3,37.6,107.0,high_fiber|plant_forward,meal,,,
tomato,170461,Tomato powder,SR Legacy,Vegetables and Vegetable Products,100,g,302.0,12.9,0.44,74.7,16.5,43.9,134.0,high_fiber|plant_forward,meal,,,
tomato,2709056,"Rice, brown, with carrots and tomatoes and/or tomato-based sauce, no added fat",Survey (FNDDS),Rice mixed dishes,100,g,97.0,2.24,0.78,20.38,1.8,0.91,174.0,low_calorie,meal,,,
tomato,2709055,"Rice, brown, with carrots and tomatoes and/or tomato-based sauce, NS as to fat",Survey (FNDDS),Rice mixed dishes,100,g,111.0,2.2,2.51,20.02,1.7,0.9,171.0,low_calorie,meal,,,
tomato,2709057,"Rice, brown, with carrots and tomatoes and/or tomato-based sauce, fat added",Survey (FNDDS),Rice mixed dishes,100,g,111.0,2.2,2.51,20.02,1.7,0.9,171.0,low_calorie,meal,,,
tomato,2709050,"Rice, brown, with tomatoes and/or tomato based sauce, no added fat",Survey (FNDDS),Rice mixed dishes,100,g,92.0,2.16,0.76,19.08,1.7,0.91,177.0,low_calorie,meal,,,
tomato,2709049,"Rice, brown, with tomatoes and/or tomato based sauce, NS as to fat",Survey (FNDDS),Rice mixed dishes,100,g,105.0,2.13,2.41,18.77,1.7,0.89,174.0,low_calorie,meal,,,
tomato,2709051,"Rice, brown, with tomatoes and/or tomato based sauce, fat added",Survey (FNDDS),Rice mixed dishes,100,g,105.0,2.13,2.41,18.77,1.7,0.89,174.0,low_calorie,meal,,,
tomato,170463,"Tomato products, canned, sauce, with tomato tidbits",SR Legacy,Vegetables and Vegetable Products,100,g,32.0,1.32,0.39,7.09,1.4,,15.0,low_calorie|plant_forward,meal,,,
tomato,2709015,"Rice, white, with carrots and tomatoes and/or tomato-based sauce, no added fat",Survey (FNDDS),Rice mixed dishes,100,g,98.0,2.12,0.26,21.34,1.0,0.89,200.0,low_calorie,meal,,,
tomato,2709014,"Rice, white, with carrots and tomatoes and/or tomato-based sauce, NS as to fat",Survey (FNDDS),Rice mixed dishes,100,g,114.0,2.07,2.29,20.91,0.9,0.87,196.0,low_calorie,meal,,,
tomato,2709016,"Rice, white, with carrots and tomatoes and/or tomato-based sauce, fat added",Survey (FNDDS),Rice mixed dishes,100,g,114.0,2.07,2.29,20.91,0.9,0.87,196.0,low_calorie,meal,,,
tomato,2709009,"Rice, white, with tomatoes and/or tomato-based sauce, no added fat",Survey (FNDDS),Rice mixed dishes,100,g,91.0,2.04,0.27,19.79,0.9,0.89,201.0,low_calorie,meal,,,
tomato,2709723,"Tomatoes, scalloped",Survey (FNDDS),Vegetable dishes,100,g,110.0,2.7,4.97,14.1,1.9,3.74,216.0,low_calorie|plant_forward,meal,,,
tomato,2709008,"Rice, white, with tomatoes and/or tomato-based sauce, NS as to fat",Survey (FNDDS),Rice mixed dishes,100,g,107.0,2.0,2.18,19.41,0.9,0.87,198.0,low_calorie,meal,,,
tomato,2709010,"Rice, white, with tomatoes and/or tomato-based sauce, fat added",Survey (FNDDS),Rice mixed dishes,100,g,107.0,2.0,2.18,19.41,0.9,0.87,198.0,low_calorie,meal,,,
tomato,170096,"Tomatoes, yellow, raw",SR Legacy,Vegetables and Vegetable Products,100,g,15.0,0.98,0.26,2.98,0.7,,23.0,low_calorie|plant_forward,meal,,,
tomato,1999634,"Tomato, roma",Foundation,Vegetables and Vegetable Products,100,g,19.0,0.696,0.425,3.84,0.971,,0.0,low_calorie|plant_forward,meal,,,
tomato,2685582,"Tomato, puree, canned",Foundation,Vegetables and Vegetable Products,100,g,34.8,1.58,0.265,8.04,1.97,4.31,29.4,low_calorie|plant_forward,meal,,,
tomato,2685581,"Tomatoes, crushed, canned",Foundation,Vegetables and Vegetable Products,100,g,32.3,1.44,0.398,7.14,1.94,3.74,140.0,low_calorie|plant_forward,meal,,,
tomato,170138,"Tomatoes, red, ripe, canned, packed in tomato juice, no salt added",SR Legacy,Vegetables and Vegetable Products,100,g,16.0,0.79,0.25,3.47,1.9,2.55,10.0,low_calorie|plant_forward,meal,,,
tomato,170501,"Tomatoes, crushed, canned",SR Legacy,Vegetables and Vegetable Products,100,g,32.0,1.64,0.28,7.29,1.9,4.4,186.0,low_calorie|plant_forward,meal,,,
tomato,170051,"Tomatoes, red, ripe, canned, packed in tomato juice",SR Legacy,Vegetables and Vegetable Products,100,g,16.0,0.79,0.25,3.47,1.9,2.55,115.0,low_calorie|plant_forward,meal,,,
tomato,2710795,"Tomatoes, cooked, as ingredient",Survey (FNDDS),Not included in a food category,100,g,22.0,1.1,0.25,4.86,1.5,3.29,6.0,low_calorie,meal,,,
tomato,2710807,Tomatoes as ingredient in omelet,Survey (FNDDS),Not included in a food category,100,g,25.0,1.1,0.23,5.49,1.5,3.42,6.0,low_calorie,meal,,,
tomato,2709758,"Soup, cream of tomato",Survey (FNDDS),"Soups, cream-based",100,g,70.0,1.21,4.68,6.39,1.0,2.37,246.0,low_calorie,meal,,,
tomato,2709722,"Tomatoes, canned, cooked",Survey (FNDDS),Tomatoes,100,g,43.0,0.82,3.04,3.23,1.8,2.91,130.0,low_calorie,meal,,,
tomato,2709719,"Tomatoes, raw",Survey (FNDDS),Tomatoes,100,g,20.0,0.82,0.31,4.04,1.2,2.63,4.0,low_calorie,meal,,,
tomato,2709720,"Tomatoes, NS as to form, cooked",Survey (FNDDS),Tomatoes,100,g,50.0,1.08,3.42,4.71,1.5,3.19,157.0,low_calorie,meal,,,
tomato,2709721,"Tomatoes, fresh, cooked",Survey (FNDDS),Tomatoes,100,g,50.0,1.08,3.42,4.71,1.5,3.19,157.0,low_calorie,meal,,,
tomato,170456,"Tomatoes, green, raw",SR Legacy,Vegetables and Vegetable Products,100,g,23.0,1.2,0.2,5.1,1.1,4.0,13.0,low_calorie|plant_forward,meal,,,
tomato,2709757,"Soup, tomato",Survey (FNDDS),"Soups, broth-based",100,g,19.0,0.65,0.41,3.64,0.9,2.01,244.0,low_calorie,meal,,,
tomato,2710198,Bacon and tomato dressing,Survey (FNDDS),Salad dressings and vegetable oils,100,g,326.0,1.8,35.0,2.0,0.2,2.0,905.0,plant_forward,meal,,,
tomato,2709728,"Tomato juice, 100%",Survey (FNDDS),Vegetable juice,100,g,23.0,0.86,0.29,4.32,0.4,2.57,236.0,low_calorie|plant_forward,meal,,,
tomato,2709759,"Soup, tomato, canned",Survey (FNDDS),"Soups, broth-based",100,g,34.0,0.63,0.33,7.65,0.6,4.16,263.0,low_calorie,meal,,,
tomato,2709756,"Tomato and cucumber salad made with tomato, cucumber, oil, and vinegar",Survey (FNDDS),"Coleslaw, non-lettuce salads",100,g,122.0,0.52,10.18,6.35,0.6,5.04,212.0,,meal,,,
tomato,2709726,"Tomato, green, pickled",Survey (FNDDS),"Olives, pickles, pickled vegetables",100,g,40.0,1.0,0.18,9.09,0.9,8.19,955.0,low_calorie|plant_forward,meal,,,
tomato,2709735,Tomato chili sauce,Survey (FNDDS),Tomato-based condiments,100,g,92.0,2.5,0.3,19.79,2.4,13.33,1338.0,low_calorie,meal,,,
tuna,2706310,"Fish, tuna, cooked",Survey (FNDDS),Fish,100,g,176.0,30.31,5.14,0.01,0.0,0.01,271.0,high_protein,meal,fish,medium,cá ngừ
tuna,173707,"Fish, tuna, fresh, bluefin, cooked, dry heat",SR Legacy,Finfish and Shellfish Products,100,g,184.0,29.9,6.28,0.0,0.0,,50.0,high_protein,meal,fish,medium,cá ngừ
tuna,172006,"Fish, tuna, yellowfin, fresh, cooked, dry heat",SR Legacy,Finfish and Shellfish Products,100,g,130.0,29.2,0.59,0.0,0.0,0.0,54.0,high_protein,meal,fish,medium,cá ngừ
tuna,174227,"Fish, tuna, light, canned in oil, without salt, drained solids",SR Legacy,Finfish and Shellfish Products,100,g,198.0,29.1,8.21,0.0,0.0,,50.0,high_protein,meal,fish,medium,cá ngừ
tuna,173708,"Fish, tuna, light, canned in oil, drained solids",SR Legacy,Finfish and Shellfish Products,100,g,198.0,29.1,8.21,0.0,0.0,0.0,416.0,high_protein,meal,fish,medium,cá ngừ
tuna,172005,"Fish, tuna, skipjack, fresh, cooked, dry heat",SR Legacy,Finfish and Shellfish Products,100,g,132.0,28.2,1.29,0.0,0.0,,47.0,high_protein,meal,fish,medium,cá ngừ
tuna,175157,"Fish, tuna, white, canned in oil, drained solids",SR Legacy,Finfish and Shellfish Products,100,g,186.0,26.5,8.08,0.0,0.0,0.0,396.0,high_protein,meal,fish,medium,cá ngừ
tuna,175159,"Fish, tuna, fresh, yellowfin, raw",SR Legacy,Finfish and Shellfish Products,100,g,109.0,24.4,0.49,0.0,0.0,0.0,45.0,high_protein|low_calorie,meal,fish,medium,cá ngừ
tuna,2706308,"Fish, tuna, raw",Survey (FNDDS),Fish,100,g,109.0,24.4,0.49,0.0,0.0,0.0,45.0,high_protein|low_calorie,meal,fish,medium,cá ngừ
tuna,173706,"Fish, tuna, fresh, bluefin, raw",SR Legacy,Finfish and Shellfish Products,100,g,144.0,23.3,4.9,0.0,0.0,0.0,39.0,high_protein,meal,fish,medium,cá ngừ
tuna,175158,"Fish, tuna, white, canned in water, drained solids",SR Legacy,Finfish and Shellfish Products,100,g,128.0,23.6,2.97,0.0,0.0,0.0,377.0,high_protein,meal,fish,medium,cá ngừ
tuna,175156,"Fish, tuna, fresh, skipjack, raw",SR Legacy,Finfish and Shellfish Products,100,g,103.0,22.0,1.01,0.0,0.0,,37.0,high_protein|low_calorie,meal,fish,medium,cá ngừ
tuna,2706309,"Fish, tuna, NFS",Survey (FNDDS),Fish,100,g,85.0,19.0,0.94,0.08,0.0,0.0,219.0,high_protein|low_calorie,meal,fish,medium,cá ngừ
tuna,2706311,"Fish, tuna, canned",Survey (FNDDS),Fish,100,g,85.0,19.0,0.94,0.08,0.0,0.0,219.0,high_protein|low_calorie,meal,fish,medium,cá ngừ
tuna,334194,"Fish, tuna, light, canned in water, drained solids",Foundation,Finfish and Shellfish Products,100,g,90.0,19.0,0.94,0.08,,0.0,219.0,high_protein|low_calorie,meal,fish,medium,cá ngừ
tuna,2706447,"Fish with cream or white sauce, not tuna or lobster",Survey (FNDDS),Seafood mixed dishes,100,g,116.0,17.05,3.64,2.75,0.0,1.38,343.0,high_protein|low_calorie,meal,fish,medium,cá ngừ
tuna,175160,"Fish, tuna salad",SR Legacy,Finfish and Shellfish Products,100,g,187.0,16.0,9.26,9.41,0.0,,402.0,high_protein,meal,fish,medium,cá ngừ
tuna,2706560,Tuna cake or patty,Survey (FNDDS),Seafood mixed dishes,100,g,206.0,15.33,14.92,2.65,0.2,0.49,372.0,high_protein,meal,fish,medium,cá ngừ
tuna,2706450,Tuna with cream or white sauce,Survey (FNDDS),Seafood mixed dishes,100,g,102.0,14.42,3.71,2.81,0.0,1.39,327.0,low_calorie,meal,fish,medium,cá ngừ
tuna,2706839,Tuna salad with cheese,Survey (FNDDS),Seafood mixed dishes,100,g,214.0,11.33,17.58,2.85,0.4,1.91,440.0,,meal,fish,medium,cá ngừ
tuna,2706570,Tuna noodle casserole with cream or white sauce,Survey (FNDDS),Seafood mixed dishes,100,g,168.0,10.12,7.3,15.41,0.7,2.16,249.0,,meal,fish,medium,cá ngừ
tuna,2708971,"Sushi, topped with tuna",Survey (FNDDS),"Egg rolls, dumplings, sushi",100,g,100.0,9.66,0.29,13.39,0.6,0.8,306.0,low_calorie,breakfast,fish,medium,cá ngừ
tuna,2706840,Tuna salad with egg,Survey (FNDDS),Seafood mixed dishes,100,g,190.0,10.28,15.4,2.74,0.4,1.99,393.0,,breakfast,fish,medium,cá ngừ
tuna,2706828,"Tuna salad, made with mayonnaise",Survey (FNDDS),Seafood mixed dishes,100,g,194.0,10.07,15.84,2.89,0.4,2.07,418.0,,meal,fish,medium,cá ngừ
tuna,2706571,Tuna noodle casserole with mushroom sauce,Survey (FNDDS),Seafood mixed dishes,100,g,139.0,9.02,5.18,13.92,0.8,1.14,328.0,,meal,fish,medium,cá ngừ
tuna,2706832,"Tuna salad, made with creamy dressing",Survey (FNDDS),Seafood mixed dishes,100,g,148.0,9.98,10.29,4.02,0.4,2.95,460.0,,meal,fish,medium,cá ngừ
tuna,2706829,"Tuna salad, made with light mayonnaise",Survey (FNDDS),Seafood mixed dishes,100,g,106.0,9.78,5.4,4.75,0.4,2.7,464.0,low_calorie,meal,fish,medium,cá ngừ
tuna,2706831,"Tuna salad, made with light mayonnaise-type salad dressing",Survey (FNDDS),Seafood mixed dishes,100,g,106.0,9.78,5.4,4.75,0.4,2.7,464.0,low_calorie,meal,fish,medium,cá ngừ
tuna,2706858,"Tuna casserole with vegetables and mushroom sauce, no noodles",Survey (FNDDS),Seafood mixed dishes,100,g,115.0,9.04,5.12,8.39,0.9,1.81,364.0,low_calorie|plant_forward,meal,fish,medium,cá ngừ
tuna,2706714,"Tuna noodle casserole with vegetables, cream or white sauce",Survey (FNDDS),Seafood mixed dishes,100,g,149.0,8.99,6.22,14.16,0.9,2.37,211.0,plant_forward,meal,fish,medium,cá ngừ
tuna,2706833,"Tuna salad, made with light creamy dressing",Survey (FNDDS),Seafood mixed dishes,100,g,78.0,9.82,1.16,7.38,0.4,3.14,488.0,low_calorie,meal,fish,medium,cá ngừ
tuna,2706830,"Tuna salad, made with mayonnaise-type salad dressing",Survey (FNDDS),Seafood mixed dishes,100,g,108.0,9.88,5.19,5.92,0.4,4.09,425.0,low_calorie,meal,fish,medium,cá ngừ
tuna,2708929,"Macaroni or noodles, creamed, with cheese and tuna",Survey (FNDDS),Macaroni and cheese,100,g,143.0,7.85,4.52,17.35,1.0,0.54,252.0,,meal,fish,medium,cá ngừ
tuna,2706835,"Tuna salad, made with light Italian dressing",Survey (FNDDS),Seafood mixed dishes,100,g,76.0,9.78,2.0,4.91,0.4,3.93,478.0,low_calorie,meal,fish,medium,cá ngừ
tuna,2706836,"Tuna salad, made with any type of fat free dressing",Survey (FNDDS),Seafood mixed dishes,100,g,72.0,9.6,1.15,6.25,0.8,4.26,460.0,low_calorie,meal,fish,medium,cá ngừ
tuna,2706834,"Tuna salad, made with Italian dressing",Survey (FNDDS),Seafood mixed dishes,100,g,106.0,9.83,5.08,5.35,0.4,4.25,498.0,low_calorie,meal,fish,medium,cá ngừ
tuna,2706718,Tuna noodle casserole with vegetables and mushroom sauce,Survey (FNDDS),Seafood mixed dishes,100,g,124.0,8.11,4.46,12.96,1.0,1.49,280.0,plant_forward,meal,fish,medium,cá ngừ
tuna,2708965,Sushi roll tuna,Survey (FNDDS),"Egg rolls, dumplings, sushi",100,g,97.0,7.4,0.26,15.3,0.7,0.92,342.0,low_calorie,breakfast,fish,medium,cá ngừ
tuna,2708810,"Macaroni with tuna, Puerto Rican style",Survey (FNDDS),"Pasta mixed dishes, excludes macaroni and cheese",100,g,147.0,7.71,4.74,18.13,0.9,2.14,359.0,,meal,fish,medium,cá ngừ
tuna,2708945,Macaroni or pasta salad with tuna and egg,Survey (FNDDS),"Pasta mixed dishes, excludes macaroni and cheese",100,g,197.0,7.14,9.96,19.36,1.1,1.53,200.0,,breakfast,fish,medium,cá ngừ
tuna,2708817,Macaroni or noodles with cheese and tuna,Survey (FNDDS),Macaroni and cheese,100,g,164.0,7.59,6.79,18.23,0.8,2.83,176.0,,meal,fish,medium,cá ngừ
tuna,2708942,Macaroni or pasta salad with tuna,Survey (FNDDS),"Pasta mixed dishes, excludes macaroni and cheese",100,g,200.0,6.69,9.9,20.88,1.2,1.57,206.0,,meal,fish,medium,cá ngừ
tuna,2706572,Tuna and rice with mushroom sauce,Survey (FNDDS),Seafood mixed dishes,100,g,128.0,4.57,5.17,15.39,0.4,0.59,298.0,,meal,fish,medium,cá ngừ
walnut,170186,"Nuts, walnuts, black, dried",SR Legacy,Nut and Seed Products,100,g,619.0,24.1,59.3,9.58,6.8,1.1,2.0,high_protein|high_fiber|plant_forward,snack,tree_nut,,
walnut,170187,"Nuts, walnuts, english",SR Legacy,Nut and Seed Products,100,g,654.0,15.2,65.2,13.7,6.7,2.61,2.0,high_protein|high_fiber|plant_forward,snack,tree_nut,,
walnut,2346394,"Nuts, walnuts, English, halves, raw",Foundation,Nut and Seed Products,100,g,679.0,14.6,69.7,10.9,5.21,,0.0,high_fiber|plant_forward,snack,tree_nut,,
walnut,2707531,"Walnuts, excluding honey roasted",Survey (FNDDS),Nuts and seeds,100,g,730.0,14.56,69.74,10.91,5.2,2.61,0.0,high_fiber|plant_forward,snack,tree_nut,,
walnut,170594,"Nuts, walnuts, dry roasted, with salt added",SR Legacy,Nut and Seed Products,100,g,643.0,14.3,60.7,17.9,7.1,3.57,643.0,high_fiber|plant_forward,snack,tree_nut,,
walnut,2707532,"Walnuts, honey roasted",Survey (FNDDS),Nuts and seeds,100,g,668.0,9.8,56.92,29.04,3.5,23.5,383.0,plant_forward,snack,tree_nut,,
walnut,171030,"Oil, walnut",SR Legacy,Fats and Oils,100,g,884.0,0.0,100.0,0.0,0.0,0.0,0.0,plant_forward,snack,tree_nut,,
walnut,2710193,Walnut oil,Survey (FNDDS),Salad dressings and vegetable oils,100,g,884.0,0.0,100.0,0.0,0.0,0.0,0.0,plant_forward,snack,tree_nut,,
walnut,171684,"Cereals, QUAKER, oatmeal, REAL MEDLEYS, apple walnut, dry",SR Legacy,Breakfast Cereals,100,g,390.0,8.18,10.4,70.5,7.0,29.4,356.0,high_fiber|plant_forward,breakfast,tree_nut,,
walnut,174625,"Cereals, QUAKER, Instant Oatmeal, raisins, dates and walnuts, dry",SR Legacy,Breakfast Cereals,100,g,371.0,8.82,6.98,72.4,6.9,30.8,516.0,high_fiber|plant_forward,breakfast,tree_nut,,
walnut,170593,"Nuts, walnuts, glazed",SR Legacy,Nut and Seed Products,100,g,500.0,8.28,35.7,47.6,3.6,32.1,446.0,plant_forward,snack,tree_nut,,
walnut,2707830,"Muffin, fruit",Survey (FNDDS),"Biscuits, muffins, quick breads",100,g,375.0,4.49,16.07,53.0,1.1,31.47,336.0,plant_forward,snack,wheat,,
white rice,169707,"Rice, white, long-grain, parboiled, enriched, dry",SR Legacy,Cereal Grains and Pasta,100,g,374.0,7.51,1.03,80.9,1.8,0.33,2.0,,breakfast,wheat,low,cơm trắng
white rice,169758,"Rice, white, long-grain, parboiled, unenriched, dry",SR Legacy,Cereal Grains and Pasta,100,g,374.0,7.51,1.03,80.9,1.8,0.33,2.0,,breakfast,wheat,low,cơm trắng
white rice,790214,"Flour, rice, white, unenriched",Foundation,Cereal Grains and Pasta,100,g,359.0,6.94,1.3,79.8,0.5,,5.0,,breakfast,wheat,low,cơm trắng
white rice,2709031,"Rice, white, with lentils, no added fat",Survey (FNDDS),Rice mixed dishes,100,g,115.0,5.76,0.33,22.44,4.3,1.35,198.0,low_calorie|plant_forward,meal,,low,cơm trắng
white rice,2709029,"Rice, white, with lentils, NS as to fat",Survey (FNDDS),Rice mixed dishes,100,g,150.0,5.5,4.83,21.43,4.1,1.29,189.0,plant_forward,meal,,low,cơm trắng
white rice,2709030,"Rice, white, with lentils, fat added",Survey (FNDDS),Rice mixed dishes,100,g,150.0,5.5,4.83,21.43,4.1,1.29,189.0,plant_forward,meal,,low,cơm trắng
white rice,169708,"Rice, white, long-grain, parboiled, enriched, cooked",SR Legacy,Cereal Grains and Pasta,100,g,123.0,2.91,0.37,26.0,0.9,0.11,2.0,,breakfast,wheat,low,cơm trắng
white rice,169759,"Rice, white, long-grain, parboiled, unenriched, cooked",SR Legacy,Cereal Grains and Pasta,100,g,123.0,2.91,0.37,26.0,0.9,0.11,2.0,,breakfast,wheat,low,cơm trắng
white rice,168878,"Rice, white, long-grain, regular, enriched, cooked",SR Legacy,Cereal Grains and Pasta,100,g,130.0,2.69,0.28,28.2,0.4,0.05,1.0,,breakfast,wheat,low,cơm trắng
white rice,168880,"Rice, white, medium-grain, enriched, cooked",SR Legacy,Cereal Grains and Pasta,100,g,130.0,2.38,0.21,28.6,0.3,,0.0,,breakfast,wheat,low,cơm trắng
white rice,2708403,"Rice, white, cooked, NS as to fat",Survey (FNDDS),Rice,100,g,129.0,2.67,0.28,27.99,0.4,0.05,244.0,,meal,,low,cơm trắng
white rice,2708408,"Rice, white, cooked, no added fat",Survey (FNDDS),Rice,100,g,129.0,2.67,0.28,27.99,0.4,0.05,245.0,,meal,,low,cơm trắng
white rice,169711,"Rice, white, glutinous, unenriched, cooked",SR Legacy,Cereal Grains and Pasta,100,g,97.0,2.02,0.19,21.1,1.0,0.05,5.0,low_calorie,breakfast,wheat,low,cơm trắng
white rice,2708404,"Rice, white, cooked, made with oil",Survey (FNDDS),Rice,100,g,151.0,2.6,3.12,27.19,0.4,0.05,238.0,,meal,,low,cơm trắng
white rice,2708405,"Rice, white, cooked, made with butter",Survey (FNDDS),Rice,100,g,147.0,2.62,2.61,27.2,0.4,0.06,253.0,,meal,,low,cơm trắng
white rice,2708406,"Rice, white, cooked, made with margarine",Survey (FNDDS),Rice,100,g,142.0,2.6,2.12,27.22,0.4,0.05,258.0,,meal,,low,cơm trắng
white rice,2708432,"Rice, white, cooked with fat, Puerto Rican style",Survey (FNDDS),Rice,100,g,200.0,2.84,6.3,31.9,0.5,0.05,506.0,,meal,,low,cơm trắng
white rice,168930,"Rice, white, medium-grain, cooked, unenriched",SR Legacy,Cereal Grains and Pasta,100,g,130.0,2.38,0.21,28.6,,,0.0,,breakfast,wheat,low,cơm trắng
white rice,168932,"Rice, white, short-grain, cooked, unenriched",SR Legacy,Cereal Grains and Pasta,100,g,130.0,2.36,0.19,28.7,,,0.0,,breakfast,wheat,low,cơm trắng
white rice,168882,"Rice, white, short-grain, enriched, cooked",SR Legacy,Cereal Grains and Pasta,100,g,130.0,2.36,0.19,28.7,,,0.0,,breakfast,wheat,low,cơm trắng
white rice,2709000,"Rice, white, with peas, no added fat",Survey (FNDDS),Rice mixed dishes,100,g,116.0,3.29,0.28,24.56,1.4,1.14,202.0,low_calorie,meal,,low,cơm trắng
white rice,2708999,"Rice, white, with peas, NS as to fat",Survey (FNDDS),Rice mixed dishes,100,g,133.0,3.22,2.42,24.03,1.4,1.11,197.0,,meal,,low,cơm trắng
white rice,2709001,"Rice, white, with peas, fat added",Survey (FNDDS),Rice mixed dishes,100,g,133.0,3.22,2.42,24.03,1.4,1.11,197.0,,meal,,low,cơm trắng
white rice,2709006,"Rice, white, with peas and carrots, no added fat",Survey (FNDDS),Rice mixed dishes,100,g,111.0,2.75,0.3,23.76,1.3,1.11,230.0,low_calorie,meal,,low,cơm trắng
white rice,2709005,"Rice, white, with peas and carrots, NS as to fat",Survey (FNDDS),Rice mixed dishes,100,g,128.0,2.69,2.45,23.25,1.2,1.08,225.0,,meal,,low,cơm trắng
white rice,2709007,"Rice, white, with peas and carrots, fat added",Survey (FNDDS),Rice mixed dishes,100,g,128.0,2.69,2.45,23.25,1.2,1.08,225.0,,meal,,low,cơm trắng
white rice,2710788,"Rice, white, cooked, as ingredient",Survey (FNDDS),Not included in a food category,100,g,130.0,2.54,0.37,28.98,0.0,0.04,3.0,,meal,,low,cơm trắng
white rice,2708997,"Rice, white, with corn, no added fat",Survey (FNDDS),Rice mixed dishes,100,g,117.0,2.64,0.38,25.76,0.9,0.83,182.0,low_calorie,meal,,low,cơm trắng
white rice,2708996,"Rice, white, with corn, NS as to fat",Survey (FNDDS),Rice mixed dishes,100,g,134.0,2.58,2.5,25.21,0.9,0.81,178.0,,meal,,low,cơm trắng
white rice,2708998,"Rice, white, with corn, fat added",Survey (FNDDS),Rice mixed dishes,100,g,134.0,2.58,2.5,25.21,0.9,0.81,178.0,,meal,,low,cơm trắng
white rice,2709114,"Rice, white, with vegetables and gravy, no added fat",Survey (FNDDS),Rice mixed dishes,100,g,95.0,2.19,0.88,18.92,1.1,0.74,241.0,low_calorie|plant_forward,meal,,low,cơm trắng
white rice,169714,"Rice flour, white, unenriched",SR Legacy,Cereal Grains and Pasta,100,g,366.0,5.95,1.42,80.1,2.4,0.12,0.0,,breakfast,wheat,low,cơm trắng
white rice,2709026,"Rice, white, with other vegetables, NS as to fat",Survey (FNDDS),Rice mixed dishes,100,g,124.0,2.3,2.41,22.68,0.8,0.9,181.0,plant_forward,meal,,low,cơm trắng
white rice,2709028,"Rice, white, with other vegetables, fat added",Survey (FNDDS),Rice mixed dishes,100,g,124.0,2.3,2.41,22.68,0.8,0.9,181.0,plant_forward,meal,,low,cơm trắng
white rice,2709113,"Rice, white, with vegetables and gravy, NS as to fat",Survey (FNDDS),Rice mixed dishes,100,g,107.0,2.15,2.4,18.63,1.1,0.73,237.0,low_calorie|plant_forward,meal,,low,cơm trắng
white rice,2709115,"Rice, white, with vegetables and gravy, fat added",Survey (FNDDS),Rice mixed dishes,100,g,107.0,2.15,2.4,18.63,1.1,0.73,237.0,low_calorie|plant_forward,meal,,low,cơm trắng
white rice,2709027,"Rice, white, with other vegetables, no added fat",Survey (FNDDS),Rice mixed dishes,100,g,107.0,2.36,0.26,23.16,0.7,0.95,185.0,low_calorie|plant_forward,meal,,low,cơm trắng
white rice,2709096,"Rice, white, with gravy, no added fat",Survey (FNDDS),Rice mixed dishes,100,g,102.0,2.02,1.06,20.4,0.3,0.13,293.0,low_calorie,meal,,low,cơm trắng
white rice,2709095,"Rice, white, with gravy, NS as to fat",Survey (FNDDS),Rice mixed dishes,100,g,117.0,1.98,2.96,20.01,0.3,0.13,287.0,low_calorie,meal,,low,cơm trắng
white rice,2709097,"Rice, white, with gravy, fat added",Survey (FNDDS),Rice mixed dishes,100,g,117.0,1.98,2.96,20.01,0.3,0.13,287.0,low_calorie,meal,,low,cơm trắng
white rice,2708429,"Rice, white and wild, cooked, NS as to fat",Survey (FNDDS),Rice,100,g,112.0,2.17,2.14,20.62,0.5,0.13,510.0,low_calorie,meal,,low,cơm trắng
white rice,2708428,"Rice, white and wild, cooked, fat added",Survey (FNDDS),Rice,100,g,112.0,2.17,2.14,20.62,0.5,0.13,510.0,low_calorie,meal,,low,cơm trắng
white rice,2708426,"Rice, white and wild, cooked, no added fat",Survey (FNDDS),Rice,100,g,79.0,1.82,0.16,17.22,0.5,0.11,401.0,low_calorie,meal,,low,cơm trắng
